DIPPA_00007.mRNA.1	PF10002:DUF2243,PF15663:zf-CCCH_3
DIPPA_00014.mRNA.1	PF01547:SBP_bac_1,PF06195:DUF996
DIPPA_00016.mRNA.1	PF00397:WW,PF10428:SOG2
DIPPA_00021.mRNA.1	PF07724:AAA_2,PF07724:AAA_2
DIPPA_00033.mRNA.1	PF00538:Linker_histone,PF15233:SYCE1
DIPPA_00054.mRNA.1	PF07719:TPR_2,PF07719:TPR_2
DIPPA_00062.mRNA.1	PF00153:Mito_carr,PF00153:Mito_carr,PF00153:Mito_carr
DIPPA_00065.mRNA.1	PF01325:Fe_dep_repress,PF01325:Fe_dep_repress,PF04917:Shufflon_N
DIPPA_00066.mRNA.1	PF12329:TMF_DNA_bd,PF10368:YkyA,PF06005:ZapB,PF13180:PDZ_2,PF17820:PDZ_6
DIPPA_00067.mRNA.1	PF06255:MafB,PF06255:MafB
DIPPA_00069.mRNA.1	PF06005:ZapB,PF13391:HNH_2
DIPPA_00069.mRNA.2	PF06005:ZapB,PF13391:HNH_2
DIPPA_00069.mRNA.3	PF06005:ZapB,PF15188:CCDC-167
DIPPA_00099.mRNA.1	PF16740:SKA2,PF16740:SKA2
DIPPA_00108.mRNA.1	PF00428:Ribosomal_60s,PF03107:C1_2
DIPPA_00109.mRNA.1	PF11387:DUF2795,PF20175:Tra1_central
DIPPA_00110.mRNA.1	PF10002:DUF2243,PF15663:zf-CCCH_3
DIPPA_00126.mRNA.1	PF00982:Glyco_transf_20,PF02358:Trehalose_PPase
DIPPA_00143.mRNA.1	PF13913:zf-C2HC_2,PF19460:DUF5997
DIPPA_00148.mRNA.1	PF20692:cpSF2-GREB1,PF20692:cpSF2-GREB1,PF20692:cpSF2-GREB1
DIPPA_00154.mRNA.2	PF10602:RPN7,PF01399:PCI
DIPPA_00179.mRNA.1	PF22137:T6SS_Tle1-like_C,PF22137:T6SS_Tle1-like_C
DIPPA_00180.mRNA.1	PF08287:DASH_Spc19,PF09728:Taxilin
DIPPA_00183.mRNA.1	PF12624:Chorein_N,PF16908:VPS13_ext_chorein,PF01436:NHL,PF01436:NHL,PF01436:NHL,PF01436:NHL,PF01436:NHL,PF08719:NADAR,PF16909:VPS13_DH-like,PF16909:VPS13_DH-like,PF21679:VPS13_C
DIPPA_00185.mRNA.1	PF12937:F-box-like,PF01563:Alpha_E3_glycop
DIPPA_00187.mRNA.1	PF01535:PPR,PF17177:PPR_long,PF17177:PPR_long
DIPPA_00191.mRNA.1	PF09727:CortBP2,PF00515:TPR_1,PF00515:TPR_1,PF00515:TPR_1
DIPPA_00192.mRNA.1	PF12678:zf-rbx1,PF00612:IQ,PF12678:zf-rbx1
DIPPA_00195.mRNA.1	PF05377:FlaC_arch,PF08614:ATG16,PF09787:Golgin_A5,PF05458:Siva
DIPPA_00200.mRNA.1	PF08239:SH3_3,PF17820:PDZ_6
DIPPA_00203.mRNA.2	PF05719:GPP34,PF13639:zf-RING_2
DIPPA_00215.mRNA.1	PF08402:TOBE_2,PF08402:TOBE_2
DIPPA_00217.mRNA.1	PF13627:LPAM_2,PF00595:PDZ
DIPPA_00247.mRNA.1	PF09351:DUF1993,PF09351:DUF1993
DIPPA_00247.mRNA.2	PF09351:DUF1993,PF09351:DUF1993
DIPPA_00254.mRNA.1	PF05383:La,PF00013:KH_1,PF09770:PAT1,PF00013:KH_1
DIPPA_00255.mRNA.1	PF18345:zf_CCCH_4,PF15325:MRI
DIPPA_00258.mRNA.1	PF08337:Plexin_cytopl,PF13913:zf-C2HC_2
DIPPA_00261.mRNA.1	PF13041:PPR_2,PF13041:PPR_2,PF13428:TPR_14
DIPPA_00270.mRNA.1	PF13499:EF-hand_7,PF03969:AFG1_ATPase,PF03969:AFG1_ATPase
DIPPA_00281.mRNA.1	PF00023:Ank,PF10500:SR-25
DIPPA_00287.mRNA.1	PF07974:EGF_2,PF04616:Glyco_hydro_43,PF04616:Glyco_hydro_43
DIPPA_00288.mRNA.1	PF04567:RNA_pol_Rpb2_5,PF11459:AbiEi_3
DIPPA_00289.mRNA.1	PF00038:Filament,PF00038:Filament
DIPPA_00304.mRNA.1	PF10323:7TM_GPCR_Srv,PF01628:HrcA
DIPPA_00306.mRNA.1	PF02322:Cyt_bd_oxida_II,PF15192:TMEM213
DIPPA_00308.mRNA.1	PF10135:Rod-binding,PF11932:DUF3450,PF11932:DUF3450
DIPPA_00314.mRNA.1	PF06743:FAST_1,PF06743:FAST_1
DIPPA_00321.mRNA.1	PF19893:DUF6366,PF20882:Sos7,PF19893:DUF6366
DIPPA_00322.mRNA.1	PF11985:Phage_Mu_Gp27,PF13812:PPR_3,PF13812:PPR_3
DIPPA_00324.mRNA.1	PF13913:zf-C2HC_2,PF19460:DUF5997
DIPPA_00333.mRNA.1	PF02146:SIR2,PF00349:Hexokinase_1
DIPPA_00339.mRNA.1	PF00636:Ribonuclease_3,PF00636:Ribonuclease_3
DIPPA_00353.mRNA.1	PF00078:RVT_1,PF00078:RVT_1
DIPPA_00356.mRNA.1	PF15387:DUF4611,PF04931:DNA_pol_phi,PF13249:SQHop_cyclase_N
DIPPA_00360.mRNA.1	PF00078:RVT_1,PF00075:RNase_H
DIPPA_00365.mRNA.1	PF12072:RNase_Y_N,PF10002:DUF2243
DIPPA_00367.mRNA.1	PF05598:DUF772,PF00078:RVT_1,PF00078:RVT_1
DIPPA_00371.mRNA.1	PF00078:RVT_1,PF05598:DUF772,PF00078:RVT_1,PF00078:RVT_1
DIPPA_00374.mRNA.1	PF14559:TPR_19,PF21834:DUF6894,PF07719:TPR_2,PF13424:TPR_12,PF00515:TPR_1,PF07719:TPR_2,PF13428:TPR_14,PF00515:TPR_1,PF07719:TPR_2,PF00515:TPR_1
DIPPA_00394.mRNA.1	PF00397:WW,PF00397:WW
DIPPA_00397.mRNA.1	PF00560:LRR_1,PF13516:LRR_6,PF12799:LRR_4
DIPPA_00404.mRNA.2	PF00069:Pkinase,PF19354:DUF5931
DIPPA_00406.mRNA.1	PF02183:HALZ,PF22467:KH-I_CeGLD3_rpt3,PF00013:KH_1,PF00013:KH_1,PF00013:KH_1,PF00013:KH_1,PF00013:KH_1,PF00013:KH_1
DIPPA_00412.mRNA.1	PF11719:Drc1-Sld2,PF11719:Drc1-Sld2,PF11719:Drc1-Sld2
DIPPA_00415.mRNA.1	PF01391:Collagen,PF03604:DNA_RNApol_7kD,PF03107:C1_2
DIPPA_00422.mRNA.1	PF10708:DUF2510,PF10708:DUF2510,PF10708:DUF2510,PF10708:DUF2510,PF10708:DUF2510
DIPPA_00438.mRNA.1	PF14582:Metallophos_3,PF06414:Zeta_toxin
DIPPA_00439.mRNA.1	PF00078:RVT_1,PF17917:RT_RNaseH
DIPPA_00441.mRNA.1	PF00589:Phage_integrase,PF00589:Phage_integrase
DIPPA_00446.mRNA.2	PF16131:Torus,PF16131:Torus
DIPPA_00449.mRNA.2	PF02724:CDC45,PF19288:CofH_C
DIPPA_00449.mRNA.3	PF15928:DUF4746,PF19288:CofH_C,PF21773:ODAD1_CC
DIPPA_00464.mRNA.1	PF12000:Glyco_trans_4_3,PF12000:Glyco_trans_4_3
DIPPA_00467.mRNA.1	PF07647:SAM_2,PF07647:SAM_2,PF00069:Pkinase,PF03109:ABC1
DIPPA_00467.mRNA.2	PF07647:SAM_2,PF07647:SAM_2,PF00069:Pkinase,PF03109:ABC1
DIPPA_00486.mRNA.1	PF21467:BetaGal_gal-bd,PF00144:Beta-lactamase
DIPPA_00487.mRNA.1	PF21467:BetaGal_gal-bd,PF00144:Beta-lactamase
DIPPA_00488.mRNA.1	PF21467:BetaGal_gal-bd,PF00144:Beta-lactamase
DIPPA_00493.mRNA.1	PF21647:DUF6857,PF18346:SH3_15
DIPPA_00494.mRNA.1	PF06017:Myosin_TH1,PF16423:COE1_HLH,PF16631:TUTF7_u4
DIPPA_00497.mRNA.1	PF21467:BetaGal_gal-bd,PF00144:Beta-lactamase
DIPPA_00498.mRNA.1	PF11021:DUF2613,PF05064:Nsp1_C,PF14918:MTBP_N
DIPPA_00500.mRNA.1	PF00934:PE,PF21214:SelB_WH_2nd_bact,PF21214:SelB_WH_2nd_bact
DIPPA_00501.mRNA.1	PF19085:Choline_bind_2,PF19085:Choline_bind_2
DIPPA_00502.mRNA.1	PF02724:CDC45,PF10225:NEMP
DIPPA_00506.mRNA.1	PF14015:DUF4231,PF01062:Bestrophin
DIPPA_00507.mRNA.1	PF13385:Laminin_G_3,PF13385:Laminin_G_3,PF13385:Laminin_G_3,PF13385:Laminin_G_3,PF13385:Laminin_G_3,PF13385:Laminin_G_3,PF13385:Laminin_G_3,PF13385:Laminin_G_3,PF13385:Laminin_G_3,PF13385:Laminin_G_3,PF13385:Laminin_G_3
DIPPA_00513.mRNA.1	PF20572:DUF6781,PF20572:DUF6781
DIPPA_00519.mRNA.1	PF00226:DnaJ,PF22238:RIP_P131-like
DIPPA_00539.mRNA.1	PF04954:SIP,PF00205:TPP_enzyme_M
DIPPA_00546.mRNA.1	PF13191:AAA_16,PF00071:Ras,PF13202:EF-hand_5
DIPPA_00557.mRNA.1	PF01263:Aldose_epim,PF03641:Lysine_decarbox
DIPPA_00561.mRNA.1	PF06943:zf-LSD1,PF06676:DUF1178
DIPPA_00572.mRNA.1	PF00664:ABC_membrane,PF00005:ABC_tran,PF02825:WWE,PF00005:ABC_tran,PF00664:ABC_membrane,PF00005:ABC_tran
DIPPA_00586.mRNA.1	PF00078:RVT_1,PF00078:RVT_1
DIPPA_00600.mRNA.1	PF11483:DUF3209,PF05773:RWD
DIPPA_00606.mRNA.1	PF07719:TPR_2,PF13371:TPR_9,PF07719:TPR_2
DIPPA_00637.mRNA.1	PF00153:Mito_carr,PF00153:Mito_carr,PF00153:Mito_carr
DIPPA_00641.mRNA.1	PF03766:Remorin_N,PF03766:Remorin_N,PF03766:Remorin_N
DIPPA_00649.mRNA.2	PF10721:DUF2514,PF00789:UBX
DIPPA_00656.mRNA.1	PF00888:Cullin,PF00888:Cullin,PF10557:Cullin_Nedd8
DIPPA_00657.mRNA.1	PF05347:Complex1_LYR,PF10211:Ax_dynein_light
DIPPA_00665.mRNA.2	PF00013:KH_1,PF01485:IBR,PF01485:IBR,PF03107:C1_2,PF03107:C1_2
DIPPA_00670.mRNA.1	PF21214:SelB_WH_2nd_bact,PF21214:SelB_WH_2nd_bact,PF21214:SelB_WH_2nd_bact
DIPPA_00679.mRNA.1	PF08239:SH3_3,PF05238:CENP-N
DIPPA_00688.mRNA.1	PF03912:Psb28,PF18932:DUF5681
DIPPA_00697.mRNA.1	PF00078:RVT_1,PF00078:RVT_1
DIPPA_00700.mRNA.1	PF00160:Pro_isomerase,PF15397:DUF4618
DIPPA_00702.mRNA.1	PF08247:ENOD40,PF08432:Vfa1
DIPPA_00709.mRNA.1	PF01585:G-patch,PF04388:Hamartin
DIPPA_00712.mRNA.1	PF03995:Inhibitor_I36,PF03995:Inhibitor_I36,PF13688:Reprolysin_5
DIPPA_00713.mRNA.1	PF13812:PPR_3,PF13812:PPR_3
DIPPA_00723.mRNA.1	PF13570:PQQ_3,PF13570:PQQ_3
DIPPA_00737.mRNA.1	PF00404:Dockerin_1,PF00404:Dockerin_1
DIPPA_00741.mRNA.1	PF00078:RVT_1,PF00075:RNase_H
DIPPA_00742.mRNA.1	PF03995:Inhibitor_I36,PF03995:Inhibitor_I36,PF13688:Reprolysin_5
DIPPA_00744.mRNA.1	PF04519:Bactofilin,PF04519:Bactofilin
DIPPA_00745.mRNA.1	PF14608:zf-CCCH_2,PF14608:zf-CCCH_2,PF14608:zf-CCCH_2,PF14608:zf-CCCH_2,PF14608:zf-CCCH_2,PF14608:zf-CCCH_2,PF14608:zf-CCCH_2,PF14608:zf-CCCH_2,PF02825:WWE
DIPPA_00754.mRNA.1	PF05988:DUF899,PF03184:DDE_1
DIPPA_00757.mRNA.1	PF12072:RNase_Y_N,PF09278:MerR-DNA-bind,PF09278:MerR-DNA-bind,PF22628:zf-CCCH_10
DIPPA_00769.mRNA.1	PF02338:OTU,PF03372:Exo_endo_phos
DIPPA_00776.mRNA.1	PF17177:PPR_long,PF13812:PPR_3
DIPPA_00781.mRNA.1	PF15908:HMMR_C,PF15908:HMMR_C
DIPPA_00784.mRNA.1	PF12501:DUF3708,PF13949:ALIX_LYPXL_bnd,PF04336:ACP_PD
DIPPA_00796.mRNA.1	PF18044:zf-CCCH_4,PF11575:FhuF_C
DIPPA_00808.mRNA.1	PF09471:Peptidase_M64,PF00335:Tetraspanin,PF13499:EF-hand_7,PF13499:EF-hand_7,PF11727:ISG65-75,PF13499:EF-hand_7,PF13499:EF-hand_7
DIPPA_00821.mRNA.1	PF09976:TPR_21,PF09976:TPR_21,PF00612:IQ
DIPPA_00829.mRNA.1	PF17177:PPR_long,PF13041:PPR_2,PF13041:PPR_2,PF13812:PPR_3
DIPPA_00837.mRNA.1	PF01833:TIG,PF01476:LysM,PF01476:LysM
DIPPA_00840.mRNA.1	PF00514:Arm,PF00514:Arm,PF00514:Arm,PF00514:Arm,PF16695:Tai4
DIPPA_00848.mRNA.1	PF03223:V-ATPase_C,PF00754:F5_F8_type_C,PF04777:Evr1_Alr,PF03223:V-ATPase_C
DIPPA_00849.mRNA.1	PF00078:RVT_1,PF19871:DUF6344
DIPPA_00861.mRNA.1	PF15908:HMMR_C,PF15908:HMMR_C
DIPPA_00863.mRNA.1	PF10571:UPF0547,PF21639:ORC5_lid
DIPPA_00869.mRNA.1	PF00023:Ank,PF00023:Ank,PF00023:Ank
DIPPA_00893.mRNA.1	PF04977:DivIC,PF04977:DivIC,PF04977:DivIC
DIPPA_00899.mRNA.1	PF04119:HSP9_HSP12,PF04119:HSP9_HSP12,PF04119:HSP9_HSP12
DIPPA_00902.mRNA.1	PF08614:ATG16,PF06005:ZapB,PF08614:ATG16,PF08614:ATG16,PF08614:ATG16,PF08614:ATG16,PF06156:YabA,PF17414:MatP_C,PF08614:ATG16,PF06156:YabA
DIPPA_00909.mRNA.1	PF04119:HSP9_HSP12,PF04119:HSP9_HSP12,PF04119:HSP9_HSP12,PF04119:HSP9_HSP12,PF04119:HSP9_HSP12
DIPPA_00911.mRNA.1	PF04119:HSP9_HSP12,PF04119:HSP9_HSP12,PF04119:HSP9_HSP12,PF04119:HSP9_HSP12,PF04119:HSP9_HSP12,PF04119:HSP9_HSP12,PF04119:HSP9_HSP12,PF04119:HSP9_HSP12
DIPPA_00914.mRNA.1	PF00573:Ribosomal_L4,PF00573:Ribosomal_L4
DIPPA_00915.mRNA.1	PF05622:HOOK,PF00170:bZIP_1
DIPPA_00925.mRNA.1	PF01166:TSC22,PF21019:Spectrin_3,PF11067:DUF2868
DIPPA_00932.mRNA.1	PF13432:TPR_16,PF13432:TPR_16,PF13424:TPR_12,PF13432:TPR_16,PF13432:TPR_16,PF07719:TPR_2
DIPPA_00940.mRNA.1	PF04063:DUF383,PF04826:Arm_2,PF14559:TPR_19
DIPPA_00941.mRNA.1	PF00612:IQ,PF00612:IQ
DIPPA_00955.mRNA.1	PF01175:Urocanase,PF05160:DSS1_SEM1
DIPPA_00956.mRNA.1	PF14559:TPR_19,PF13424:TPR_12
DIPPA_00967.mRNA.1	PF14766:RPA_interact_N,PF21349:RUBY_RBDX
DIPPA_00983.mRNA.1	PF15222:KAR,PF13180:PDZ_2
DIPPA_00990.mRNA.1	PF20297:MSSS,PF22807:TrAA12
DIPPA_00997.mRNA.1	PF04991:LicD,PF04991:LicD
DIPPA_00998.mRNA.1	PF11942:Spt5_N,PF11942:Spt5_N
DIPPA_01017.mRNA.1	PF13740:ACT_6,PF13740:ACT_6
DIPPA_01029.mRNA.1	PF00612:IQ,PF00612:IQ
DIPPA_01036.mRNA.1	PF21011:CetZ_C,PF09026:CENP-B_dimeris
DIPPA_01045.mRNA.1	PF13812:PPR_3,PF13812:PPR_3
DIPPA_01045.mRNA.2	PF13812:PPR_3,PF13812:PPR_3
DIPPA_01054.mRNA.1	PF00400:WD40,PF00400:WD40,PF00400:WD40,PF00400:WD40,PF00400:WD40,PF00400:WD40,PF00400:WD40
DIPPA_01055.mRNA.1	PF14192:DUF4314,PF21500:HolB_lid,PF07960:CBP4,PF07960:CBP4
DIPPA_01068.mRNA.1	PF06375:AP3D1,PF06375:AP3D1
DIPPA_01070.mRNA.1	PF14457:Prok-E2_A,PF14457:Prok-E2_A
DIPPA_01081.mRNA.1	PF00498:FHA,PF16589:BRCT_2,PF16589:BRCT_2
DIPPA_01094.mRNA.1	PF00036:EF-hand_1,PF00036:EF-hand_1
DIPPA_01096.mRNA.1	PF00069:Pkinase,PF00069:Pkinase,PF13855:LRR_8,PF00560:LRR_1,PF13855:LRR_8,PF13649:Methyltransf_25,PF00782:DSPc
DIPPA_01110.mRNA.1	PF00589:Phage_integrase,PF00589:Phage_integrase,PF18885:DUF5648
DIPPA_01112.mRNA.1	PF10067:DUF2306,PF04982:HPP
DIPPA_01126.mRNA.1	PF12796:Ank_2,PF12796:Ank_2,PF00023:Ank
DIPPA_01128.mRNA.1	PF11746:DUF3303,PF13812:PPR_3
DIPPA_01146.mRNA.1	PF08066:PMC2NT,PF01612:DNA_pol_A_exo1,PF00570:HRDC
DIPPA_01150.mRNA.1	PF13650:Asp_protease_2,PF13650:Asp_protease_2
DIPPA_01156.mRNA.1	PF09837:DUF2064,PF01400:Astacin
DIPPA_01165.mRNA.1	PF14443:DBC1,PF02037:SAP
DIPPA_01169.mRNA.1	PF00400:WD40,PF17814:LisH_TPL,PF17814:LisH_TPL
DIPPA_01182.mRNA.1	PF00400:WD40,PF00400:WD40,PF00400:WD40,PF00400:WD40,PF04898:Glu_syn_central,PF17820:PDZ_6
DIPPA_01186.mRNA.1	PF12796:Ank_2,PF13637:Ank_4,PF12796:Ank_2,PF12796:Ank_2
DIPPA_01221.mRNA.1	PF00168:C2,PF00168:C2,PF22735:NNH3
DIPPA_01223.mRNA.1	PF19220:Crescentin,PF19220:Crescentin,PF08614:ATG16,PF19220:Crescentin,PF19220:Crescentin
DIPPA_01233.mRNA.1	PF10002:DUF2243,PF15663:zf-CCCH_3
DIPPA_01237.mRNA.1	PF19134:DUF5817,PF01363:FYVE
DIPPA_01260.mRNA.1	PF00400:WD40,PF00400:WD40,PF00400:WD40
DIPPA_01275.mRNA.1	PF00636:Ribonuclease_3,PF00636:Ribonuclease_3
DIPPA_01297.mRNA.1	PF14200:RicinB_lectin_2,PF14200:RicinB_lectin_2,PF14200:RicinB_lectin_2,PF11431:Transport_MerF
DIPPA_01307.mRNA.1	PF17820:PDZ_6,PF06017:Myosin_TH1,PF04147:Nop14
DIPPA_01311.mRNA.1	PF22443:FbpC-like_RD,PF13240:zinc_ribbon_2,PF12773:DZR
DIPPA_01317.mRNA.1	PF21375:POT1_C_insert,PF21375:POT1_C_insert,PF00589:Phage_integrase
DIPPA_01318.mRNA.1	PF12053:Par3_HAL_N_term,PF17221:COMMD1_N,PF20072:DUF6468,PF07271:Cytadhesin_P30
DIPPA_01347.mRNA.1	PF10551:MULE,PF04434:SWIM,PF02338:OTU
DIPPA_01360.mRNA.1	PF19220:Crescentin,PF19220:Crescentin,PF00069:Pkinase
DIPPA_01360.mRNA.2	PF07889:DUF1664,PF07889:DUF1664,PF00069:Pkinase
DIPPA_01360.mRNA.3	PF19220:Crescentin,PF19220:Crescentin,PF00069:Pkinase
DIPPA_01360.mRNA.4	PF05278:PEARLI-4,PF19220:Crescentin
DIPPA_01372.mRNA.1	PF00170:bZIP_1,PF00170:bZIP_1
DIPPA_01383.mRNA.1	PF03372:Exo_endo_phos,PF00078:RVT_1
DIPPA_01395.mRNA.1	PF15481:CPG4,PF00075:RNase_H
DIPPA_01397.mRNA.1	PF10571:UPF0547,PF21639:ORC5_lid
DIPPA_01400.mRNA.1	PF11932:DUF3450,PF07172:GRP
DIPPA_01403.mRNA.1	PF13424:TPR_12,PF13424:TPR_12,PF13424:TPR_12
DIPPA_01413.mRNA.1	PF13600:DUF4140,PF00078:RVT_1
DIPPA_01419.mRNA.1	PF00078:RVT_1,PF00078:RVT_1,PF18913:FBPase_C
DIPPA_01446.mRNA.1	PF00075:RNase_H,PF00075:RNase_H
DIPPA_01454.mRNA.1	PF05641:Agenet,PF05641:Agenet
DIPPA_01455.mRNA.1	PF05377:FlaC_arch,PF22336:RhiE-like_linker
DIPPA_01460.mRNA.1	PF00041:fn3,PF00041:fn3,PF00041:fn3,PF16656:Pur_ac_phosph_N,PF00041:fn3,PF00041:fn3
DIPPA_01460.mRNA.2	PF00041:fn3,PF00041:fn3,PF00041:fn3,PF16656:Pur_ac_phosph_N,PF00041:fn3,PF00041:fn3
DIPPA_01462.mRNA.1	PF03151:TPT,PF00892:EamA
DIPPA_01465.mRNA.1	PF01753:zf-MYND,PF01753:zf-MYND
DIPPA_01468.mRNA.1	PF00078:RVT_1,PF00078:RVT_1
DIPPA_01474.mRNA.1	PF00078:RVT_1,PF00075:RNase_H
DIPPA_01479.mRNA.1	PF17917:RT_RNaseH,PF00336:DNA_pol_viral_C
DIPPA_01484.mRNA.1	PF01749:IBB,PF12937:F-box-like,PF14126:DUF4293,PF14126:DUF4293,PF18159:S_4TM
DIPPA_01485.mRNA.1	PF00628:PHD,PF00668:Condensation
DIPPA_01488.mRNA.2	PF13517:FG-GAP_3,PF01011:PQQ,PF01011:PQQ,PF13517:FG-GAP_3
DIPPA_01490.mRNA.1	PF18305:DNA_pol_A_exoN,PF12098:DUF3574
DIPPA_01491.mRNA.1	PF00078:RVT_1,PF13456:RVT_3
DIPPA_01492.mRNA.1	PF20492:ERM_helical,PF09762:CCDC93_CC
DIPPA_01494.mRNA.1	PF10022:DUF2264,PF08534:Redoxin
DIPPA_01509.mRNA.1	PF05676:NDUF_B7,PF03543:Peptidase_C58
DIPPA_01510.mRNA.1	PF00012:HSP70,PF00012:HSP70
DIPPA_01520.mRNA.1	PF05099:TerB,PF13428:TPR_14,PF13812:PPR_3,PF13428:TPR_14
DIPPA_01520.mRNA.2	PF05099:TerB,PF13428:TPR_14,PF13041:PPR_2,PF13428:TPR_14
DIPPA_01527.mRNA.1	PF09726:Macoilin,PF17820:PDZ_6,PF09726:Macoilin
DIPPA_01547.mRNA.1	PF09843:DUF2070,PF09843:DUF2070
DIPPA_01579.mRNA.1	PF12844:HTH_19,PF12844:HTH_19
DIPPA_01581.mRNA.1	PF05129:Elf1,PF12440:MAGE_N
DIPPA_01588.mRNA.1	PF13801:Metal_resist,PF12474:PKK
DIPPA_01590.mRNA.1	PF04787:Pox_H7,PF22967:NUP210_Ig1,PF22967:NUP210_Ig1
DIPPA_01605.mRNA.1	PF17675:APG6_N,PF00069:Pkinase
DIPPA_01622.mRNA.1	PF03153:TFIIA,PF00320:GATA
DIPPA_01627.mRNA.1	PF09787:Golgin_A5,PF09787:Golgin_A5
DIPPA_01627.mRNA.2	PF09787:Golgin_A5,PF09787:Golgin_A5,PF07568:HisKA_2
DIPPA_01630.mRNA.1	PF18345:zf_CCCH_4,PF13639:zf-RING_2
DIPPA_01631.mRNA.1	PF18345:zf_CCCH_4,PF13639:zf-RING_2
DIPPA_01632.mRNA.1	PF18345:zf_CCCH_4,PF13639:zf-RING_2
DIPPA_01635.mRNA.1	PF13415:Kelch_3,PF13418:Kelch_4,PF13418:Kelch_4,PF05485:THAP,PF00069:Pkinase
DIPPA_01637.mRNA.1	PF02798:GST_N,PF00043:GST_C
DIPPA_01638.mRNA.1	PF13417:GST_N_3,PF14497:GST_C_3
DIPPA_01643.mRNA.1	PF17217:UPA,PF00078:RVT_1,PF17919:RT_RNaseH_2
DIPPA_01648.mRNA.1	PF00589:Phage_integrase,PF00589:Phage_integrase
DIPPA_01673.mRNA.1	PF03153:TFIIA,PF13532:2OG-FeII_Oxy_2,PF02338:OTU
DIPPA_01675.mRNA.1	PF10571:UPF0547,PF21639:ORC5_lid
DIPPA_01685.mRNA.1	PF13563:2_5_RNA_ligase2,PF13563:2_5_RNA_ligase2
DIPPA_01687.mRNA.1	PF15096:G6B,PF01535:PPR
DIPPA_01689.mRNA.1	PF04457:MJ1316,PF20074:DUF6470,PF03372:Exo_endo_phos,PF13671:AAA_33,PF18188:PPL4
DIPPA_01693.mRNA.1	PF14747:DUF4473,PF14747:DUF4473
DIPPA_01695.mRNA.1	PF14658:EF-hand_9,PF14658:EF-hand_9
DIPPA_01704.mRNA.1	PF00438:S-AdoMet_synt_N,PF06897:DUF1269,PF00438:S-AdoMet_synt_N
DIPPA_01711.mRNA.1	PF00076:RRM_1,PF00076:RRM_1,PF05859:Mis12,PF03153:TFIIA,PF01753:zf-MYND
DIPPA_01711.mRNA.2	PF00076:RRM_1,PF00076:RRM_1,PF05859:Mis12,PF03153:TFIIA,PF01753:zf-MYND
DIPPA_01727.mRNA.1	PF13542:HTH_Tnp_ISL3,PF13542:HTH_Tnp_ISL3
DIPPA_01739.mRNA.1	PF04756:OST3_OST6,PF11538:Snurportin1,PF09716:ETRAMP,PF04756:OST3_OST6
DIPPA_01748.mRNA.1	PF17820:PDZ_6,PF17820:PDZ_6,PF01129:ART,PF17820:PDZ_6,PF17820:PDZ_6,PF17820:PDZ_6,PF17820:PDZ_6,PF17820:PDZ_6,PF17820:PDZ_6,PF17820:PDZ_6,PF17820:PDZ_6,PF17820:PDZ_6,PF17820:PDZ_6,PF17820:PDZ_6,PF17820:PDZ_6,PF17820:PDZ_6,PF17820:PDZ_6,PF16326:ABC_tran_CTD,PF17820:PDZ_6,PF17820:PDZ_6,PF17820:PDZ_6,PF17820:PDZ_6,PF17820:PDZ_6,PF17820:PDZ_6,PF17820:PDZ_6,PF17820:PDZ_6,PF17820:PDZ_6,PF16326:ABC_tran_CTD,PF17820:PDZ_6
DIPPA_01751.mRNA.1	PF12937:F-box-like,PF16503:zn-ribbon_14,PF16503:zn-ribbon_14
DIPPA_01777.mRNA.1	PF09471:Peptidase_M64,PF09471:Peptidase_M64,PF00335:Tetraspanin,PF13499:EF-hand_7,PF00397:WW,PF00397:WW
DIPPA_01779.mRNA.1	PF01569:PAP2,PF01569:PAP2
DIPPA_01788.mRNA.2	PF00240:ubiquitin,PF00397:WW
DIPPA_01801.mRNA.1	PF11284:DUF3085,PF01391:Collagen
DIPPA_01819.mRNA.1	PF13913:zf-C2HC_2,PF19460:DUF5997
DIPPA_01826.mRNA.1	PF05010:TACC_C,PF08581:Tup_N,PF08581:Tup_N
DIPPA_01832.mRNA.1	PF14015:DUF4231,PF14015:DUF4231
DIPPA_01833.mRNA.1	PF15387:DUF4611,PF04931:DNA_pol_phi,PF13249:SQHop_cyclase_N
DIPPA_01834.mRNA.2	PF09969:DUF2203,PF16059:MGA_dom,PF11593:Med3
DIPPA_01841.mRNA.1	PF15387:DUF4611,PF13249:SQHop_cyclase_N,PF00078:RVT_1,PF08031:BBE
DIPPA_01852.mRNA.1	PF00092:VWA,PF01508:Paramecium_SA,PF01508:Paramecium_SA,PF00092:VWA,PF01508:Paramecium_SA,PF01508:Paramecium_SA,PF00092:VWA,PF01508:Paramecium_SA,PF00092:VWA,PF01508:Paramecium_SA,PF01508:Paramecium_SA,PF01508:Paramecium_SA,PF01508:Paramecium_SA
DIPPA_01853.mRNA.1	PF00092:VWA,PF00092:VWA
DIPPA_01868.mRNA.1	PF00561:Abhydrolase_1,PF00561:Abhydrolase_1
DIPPA_01871.mRNA.1	PF11742:DUF3302,PF01764:Lipase_3
DIPPA_01871.mRNA.2	PF11742:DUF3302,PF01764:Lipase_3
DIPPA_01877.mRNA.2	PF00211:Guanylate_cyc,PF00211:Guanylate_cyc,PF00211:Guanylate_cyc
DIPPA_01889.mRNA.1	PF14362:DUF4407,PF06818:Fez1,PF14608:zf-CCCH_2
DIPPA_01893.mRNA.1	PF22488:Class_2_docking_dom,PF00078:RVT_1,PF00443:UCH
DIPPA_01894.mRNA.1	PF05531:NPV_P10,PF05531:NPV_P10
DIPPA_01909.mRNA.1	PF05598:DUF772,PF00078:RVT_1,PF00078:RVT_1
DIPPA_01911.mRNA.1	PF22488:Class_2_docking_dom,PF00078:RVT_1,PF13821:DUF4187,PF00443:UCH
DIPPA_01915.mRNA.1	PF00481:PP2C,PF00481:PP2C
DIPPA_01928.mRNA.1	PF07005:SBD_N,PF01126:Heme_oxygenase,PF01126:Heme_oxygenase,PF07005:SBD_N,PF01126:Heme_oxygenase,PF18148:RGS_DHEX,PF01126:Heme_oxygenase,PF07005:SBD_N,PF01126:Heme_oxygenase,PF07005:SBD_N,PF01126:Heme_oxygenase,PF01126:Heme_oxygenase,PF07005:SBD_N,PF01126:Heme_oxygenase,PF07005:SBD_N,PF01126:Heme_oxygenase,PF07005:SBD_N,PF01126:Heme_oxygenase,PF07005:SBD_N,PF01126:Heme_oxygenase,PF07005:SBD_N,PF00397:WW,PF01363:FYVE
DIPPA_01931.mRNA.1	PF13408:Zn_ribbon_recom,PF14556:AF2331-like
DIPPA_01932.mRNA.1	PF13637:Ank_4,PF13637:Ank_4,PF00023:Ank
DIPPA_01938.mRNA.1	PF07200:Mod_r,PF07200:Mod_r
DIPPA_01940.mRNA.1	PF01880:Desulfoferrodox,PF01880:Desulfoferrodox
DIPPA_01943.mRNA.1	PF01129:ART,PF00631:G-gamma
DIPPA_01955.mRNA.2	PF20519:Polycystin_dom,PF08016:PKD_channel
DIPPA_01957.mRNA.1	PF09313:DUF1971,PF14073:Cep57_CLD
DIPPA_01969.mRNA.1	PF10372:CdaS_N,PF08439:Peptidase_M3_N
DIPPA_01984.mRNA.1	PF02709:Glyco_transf_7C,PF02709:Glyco_transf_7C,PF02709:Glyco_transf_7C,PF02709:Glyco_transf_7C,PF02709:Glyco_transf_7C,PF02709:Glyco_transf_7C,PF02709:Glyco_transf_7C
DIPPA_01985.mRNA.1	PF04212:MIT,PF04212:MIT
DIPPA_01990.mRNA.1	PF10186:ATG14,PF05859:Mis12
DIPPA_01996.mRNA.1	PF03168:LEA_2,PF03168:LEA_2,PF01302:CAP_GLY
DIPPA_01998.mRNA.1	PF20392:DUF6687,PF20392:DUF6687
DIPPA_02010.mRNA.1	PF17177:PPR_long,PF13041:PPR_2,PF17049:AEP1
DIPPA_02013.mRNA.1	PF17745:Ydr279_N,PF09468:RNase_H2-Ydr279,PF09507:CDC27
DIPPA_02013.mRNA.2	PF09468:RNase_H2-Ydr279,PF09507:CDC27
DIPPA_02028.mRNA.1	PF00092:VWA,PF00092:VWA,PF00092:VWA,PF00092:VWA
DIPPA_02032.mRNA.1	PF13499:EF-hand_7,PF13499:EF-hand_7
DIPPA_02033.mRNA.1	PF03193:RsgA_GTPase,PF11501:bCoV_NSP1
DIPPA_02037.mRNA.1	PF06877:RraB,PF06877:RraB,PF06877:RraB
DIPPA_02044.mRNA.1	PF13229:Beta_helix,PF07690:MFS_1
DIPPA_02051.mRNA.1	PF03153:TFIIA,PF13424:TPR_12,PF13424:TPR_12,PF13424:TPR_12,PF13424:TPR_12,PF13424:TPR_12,PF13424:TPR_12
DIPPA_02061.mRNA.1	PF08054:Leu_leader,PF08054:Leu_leader
DIPPA_02064.mRNA.1	PF06877:RraB,PF06877:RraB,PF06877:RraB
DIPPA_02072.mRNA.1	PF00069:Pkinase,PF00069:Pkinase
DIPPA_02073.mRNA.1	PF17820:PDZ_6,PF17820:PDZ_6
DIPPA_02075.mRNA.3	PF05979:DUF896,PF16126:DUF4838
DIPPA_02079.mRNA.1	PF07411:DUF1508,PF07411:DUF1508
DIPPA_02083.mRNA.1	PF08614:ATG16,PF06005:ZapB
DIPPA_02084.mRNA.1	PF01442:Apolipoprotein,PF01442:Apolipoprotein,PF01442:Apolipoprotein,PF01442:Apolipoprotein,PF01442:Apolipoprotein,PF01442:Apolipoprotein
DIPPA_02087.mRNA.1	PF20866:MdcG_N,PF01442:Apolipoprotein,PF01442:Apolipoprotein,PF01442:Apolipoprotein,PF01442:Apolipoprotein,PF07860:CCD
DIPPA_02101.mRNA.1	PF07149:Pes-10,PF02939:UcrQ,PF00612:IQ
DIPPA_02102.mRNA.1	PF17102:Stealth_CR3,PF13974:YebO
DIPPA_02116.mRNA.1	PF11180:DUF2968,PF19579:FtsL_2
DIPPA_02118.mRNA.1	PF16046:FAM76,PF09664:DUF2399
DIPPA_02127.mRNA.1	PF00390:malic,PF17820:PDZ_6
DIPPA_02128.mRNA.1	PF11003:DUF2842,PF01508:Paramecium_SA
DIPPA_02129.mRNA.2	PF00069:Pkinase,PF00069:Pkinase
DIPPA_02137.mRNA.1	PF13424:TPR_12,PF13424:TPR_12,PF13424:TPR_12,PF13424:TPR_12,PF00515:TPR_1,PF13424:TPR_12,PF03153:TFIIA,PF03153:TFIIA
DIPPA_02139.mRNA.1	PF00612:IQ,PF00612:IQ,PF00612:IQ
DIPPA_02149.mRNA.1	PF06103:DUF948,PF06103:DUF948
DIPPA_02152.mRNA.1	PF22411:Mre11_2nd,PF00036:EF-hand_1
DIPPA_02162.mRNA.1	PF00642:zf-CCCH,PF20804:MAML2_TAD
DIPPA_02164.mRNA.1	PF06082:YjbH,PF00642:zf-CCCH
DIPPA_02184.mRNA.1	PF13570:PQQ_3,PF17247:DUF5316
DIPPA_02193.mRNA.1	PF15325:MRI,PF09102:Exotox-A_target
DIPPA_02197.mRNA.1	PF18044:zf-CCCH_4,PF14608:zf-CCCH_2
DIPPA_02202.mRNA.1	PF12796:Ank_2,PF00023:Ank,PF12796:Ank_2
DIPPA_02209.mRNA.1	PF01925:TauE,PF01925:TauE
DIPPA_02217.mRNA.1	PF05086:Dicty_REP,PF03919:mRNA_cap_C
DIPPA_02225.mRNA.1	PF05641:Agenet,PF17820:PDZ_6,PF05641:Agenet,PF00169:PH
DIPPA_02232.mRNA.1	PF12714:TILa,PF12714:TILa,PF12714:TILa
DIPPA_02240.mRNA.1	PF12714:TILa,PF12714:TILa
DIPPA_02256.mRNA.1	PF05721:PhyH,PF05721:PhyH,PF07496:zf-CW
DIPPA_02260.mRNA.1	PF00313:CSD,PF18044:zf-CCCH_4,PF09770:PAT1
DIPPA_02262.mRNA.1	PF00225:Kinesin,PF00225:Kinesin
DIPPA_02274.mRNA.1	PF12708:Pectate_lyase_3,PF00295:Glyco_hydro_28
DIPPA_02278.mRNA.2	PF02985:HEAT,PF02985:HEAT,PF02985:HEAT,PF08623:TIP120,PF01602:Adaptin_N,PF13646:HEAT_2,PF08623:TIP120
DIPPA_02282.mRNA.1	PF11071:Nuc_deoxyri_tr3,PF10143:PhosphMutase,PF10143:PhosphMutase
DIPPA_02283.mRNA.1	PF05836:Chorion_S16,PF21727:DUF6863,PF12329:TMF_DNA_bd
DIPPA_02283.mRNA.2	PF05836:Chorion_S16,PF21727:DUF6863,PF12329:TMF_DNA_bd
DIPPA_02284.mRNA.1	PF01491:Frataxin_Cyay,PF18455:GBR2_CC,PF17383:kleA_kleC,PF17383:kleA_kleC,PF21384:Cas3_I-F_Cas2
DIPPA_02288.mRNA.1	PF06701:MIB_HERC2,PF06701:MIB_HERC2
DIPPA_02299.mRNA.1	PF17820:PDZ_6,PF17820:PDZ_6,PF17820:PDZ_6,PF22586:ANCHR-like_BBOX
DIPPA_02302.mRNA.1	PF01210:NAD_Gly3P_dh_N,PF07479:NAD_Gly3P_dh_C
DIPPA_02306.mRNA.1	PF02183:HALZ,PF02183:HALZ,PF10205:KLRAQ,PF07926:TPR_MLP1_2,PF10078:DUF2316,PF02183:HALZ
DIPPA_02315.mRNA.1	PF09643:YopX,PF13637:Ank_4
DIPPA_02326.mRNA.1	PF15862:Coilin_N,PF00313:CSD,PF16588:zf-C2H2_10
DIPPA_02360.mRNA.1	PF14559:TPR_19,PF13428:TPR_14
DIPPA_02366.mRNA.1	PF13641:Glyco_tranf_2_3,PF13641:Glyco_tranf_2_3
DIPPA_02371.mRNA.1	PF18345:zf_CCCH_4,PF18345:zf_CCCH_4,PF18345:zf_CCCH_4,PF00658:PABP
DIPPA_02389.mRNA.1	PF07691:PA14,PF07691:PA14
DIPPA_02390.mRNA.1	PF07691:PA14,PF07691:PA14,PF07691:PA14,PF07691:PA14,PF07691:PA14,PF07691:PA14,PF07691:PA14
DIPPA_02393.mRNA.1	PF09723:Zn-ribbon_8,PF09723:Zn-ribbon_8
DIPPA_02407.mRNA.1	PF03153:TFIIA,PF00240:ubiquitin
DIPPA_02409.mRNA.1	PF00443:UCH,PF00443:UCH
DIPPA_02411.mRNA.1	PF14608:zf-CCCH_2,PF10500:SR-25
DIPPA_02416.mRNA.1	PF13717:zinc_ribbon_4,PF13717:zinc_ribbon_4
DIPPA_02418.mRNA.1	PF22992:C2CH-4th_BIRD-IDD,PF13604:AAA_30,PF01443:Viral_helicase1
DIPPA_02420.mRNA.1	PF10937:Kgd4-YMR31,PF13717:zinc_ribbon_4,PF13717:zinc_ribbon_4,PF21457:zf-CCCH_2-like_3
DIPPA_02433.mRNA.2	PF02825:WWE,PF12394:DUF3657,PF05057:DUF676
DIPPA_02439.mRNA.1	PF07129:DUF1381,PF07321:YscO
DIPPA_02444.mRNA.1	PF22586:ANCHR-like_BBOX,PF15619:Lebercilin
DIPPA_02446.mRNA.1	PF00078:RVT_1,PF00078:RVT_1
DIPPA_02450.mRNA.1	PF01535:PPR,PF01535:PPR
DIPPA_02456.mRNA.1	PF04625:DEC-1_N,PF05050:Methyltransf_21
DIPPA_02460.mRNA.1	PF00439:Bromodomain,PF00439:Bromodomain
DIPPA_02473.mRNA.1	PF00041:fn3,PF01764:Lipase_3,PF21947:Toxin_cobra-type,PF01926:MMR_HSR1
DIPPA_02478.mRNA.1	PF13041:PPR_2,PF13041:PPR_2
DIPPA_02493.mRNA.2	PF00397:WW,PF06747:CHCH
DIPPA_02500.mRNA.1	PF10551:MULE,PF04434:SWIM,PF02338:OTU,PF08601:PAP1
DIPPA_02503.mRNA.1	PF03189:Otopetrin,PF18345:zf_CCCH_4,PF08505:MMR1
DIPPA_02504.mRNA.1	PF07719:TPR_2,PF07719:TPR_2
DIPPA_02517.mRNA.1	PF01095:Pectinesterase,PF21231:GH141_M,PF13229:Beta_helix
DIPPA_02520.mRNA.1	PF00734:CBM_1,PF00734:CBM_1,PF12128:DUF3584
DIPPA_02526.mRNA.1	PF00856:SET,PF00023:Ank
DIPPA_02529.mRNA.1	PF19893:DUF6366,PF20882:Sos7,PF19893:DUF6366
DIPPA_02537.mRNA.1	PF02807:ATP-gua_PtransN,PF00217:ATP-gua_Ptrans
DIPPA_02539.mRNA.1	PF20733:LRIM1_dimer,PF04038:DHNA,PF03954:Lectin_N,PF00261:Tropomyosin,PF03354:TerL_ATPase,PF03954:Lectin_N,PF20733:LRIM1_dimer,PF13180:PDZ_2
DIPPA_02542.mRNA.1	PF09301:DUF1970,PF10337:ArAE_2_N
DIPPA_02557.mRNA.1	PF02646:RmuC,PF22638:FlgK_D1
DIPPA_02557.mRNA.2	PF02646:RmuC,PF22638:FlgK_D1
DIPPA_02559.mRNA.1	PF08385:DHC_N1,PF15960:DUF4763
DIPPA_02568.mRNA.1	PF05886:Orthopox_F8,PF17675:APG6_N
DIPPA_02573.mRNA.1	PF13913:zf-C2HC_2,PF19460:DUF5997
DIPPA_02579.mRNA.1	PF21749:DACND,PF22042:EF-G_D2,PF18284:DNA_meth_N,PF22042:EF-G_D2,PF18284:DNA_meth_N,PF18284:DNA_meth_N
DIPPA_02589.mRNA.1	PF15779:LRRC37,PF17207:MCM_OB,PF00493:MCM,PF17855:MCM_lid
DIPPA_02593.mRNA.1	PF09531:Ndc1_Nup,PF02622:DUF179
DIPPA_02599.mRNA.1	PF08385:DHC_N1,PF08385:DHC_N1,PF08393:DHC_N2,PF12774:AAA_6,PF17852:Dynein_AAA_lid,PF12775:AAA_7,PF17857:AAA_lid_1,PF12780:AAA_8,PF12777:MT,PF12781:AAA_9
DIPPA_02603.mRNA.1	PF01166:TSC22,PF00643:zf-B_box,PF01166:TSC22
DIPPA_02615.mRNA.1	PF03372:Exo_endo_phos,PF02204:VPS9
DIPPA_02638.mRNA.1	PF13913:zf-C2HC_2,PF19460:DUF5997
DIPPA_02657.mRNA.1	PF12796:Ank_2,PF00023:Ank,PF00023:Ank,PF12796:Ank_2
DIPPA_02660.mRNA.1	PF00037:Fer4,PF22846:CATSPERG_C
DIPPA_02669.mRNA.1	PF09339:HTH_IclR,PF15258:FAM222A,PF14013:MT0933_antitox
DIPPA_02672.mRNA.1	PF13516:LRR_6,PF13516:LRR_6,PF13516:LRR_6,PF13516:LRR_6,PF13516:LRR_6,PF13516:LRR_6
DIPPA_02677.mRNA.1	PF02178:AT_hook,PF00175:NAD_binding_1,PF00175:NAD_binding_1
DIPPA_02691.mRNA.1	PF00036:EF-hand_1,PF00036:EF-hand_1
DIPPA_02715.mRNA.1	PF00024:PAN_1,PF00024:PAN_1,PF00024:PAN_1,PF00642:zf-CCCH
DIPPA_02730.mRNA.1	PF13913:zf-C2HC_2,PF19460:DUF5997
DIPPA_02732.mRNA.1	PF00078:RVT_1,PF13913:zf-C2HC_2
DIPPA_02747.mRNA.1	PF12325:TMF_TATA_bd,PF12389:Peptidase_M73
DIPPA_02752.mRNA.1	PF10500:SR-25,PF00078:RVT_1,PF17917:RT_RNaseH
DIPPA_02763.mRNA.1	PF00732:GMC_oxred_N,PF00732:GMC_oxred_N
DIPPA_02764.mRNA.1	PF13516:LRR_6,PF13516:LRR_6,PF13516:LRR_6,PF13516:LRR_6
DIPPA_02768.mRNA.1	PF00226:DnaJ,PF13256:DUF4047
DIPPA_02769.mRNA.1	PF00589:Phage_integrase,PF00589:Phage_integrase
DIPPA_02774.mRNA.1	PF13565:HTH_32,PF01852:START,PF13565:HTH_32
DIPPA_02777.mRNA.1	PF09073:BUD22,PF00872:Transposase_mut,PF04434:SWIM
DIPPA_02784.mRNA.1	PF05667:CCDC22_CC,PF05667:CCDC22_CC
DIPPA_02786.mRNA.1	PF22993:EPH_SAM,PF18330:Lig_C,PF18360:hnRNP_Q_AcD,PF11387:DUF2795,PF17820:PDZ_6
DIPPA_02811.mRNA.1	PF00024:PAN_1,PF00024:PAN_1,PF00024:PAN_1,PF13287:Fn3_assoc,PF13287:Fn3_assoc,PF20479:TMEM128
DIPPA_02818.mRNA.1	PF18439:zf_UBZ,PF02389:Cornifin,PF00078:RVT_1
DIPPA_02847.mRNA.1	PF09831:DUF2058,PF03079:ARD
DIPPA_02854.mRNA.1	PF05335:DUF745,PF06009:Laminin_II,PF11568:Med29,PF10805:DUF2730
DIPPA_02863.mRNA.1	PF12750:Maff2,PF12750:Maff2
DIPPA_02865.mRNA.1	PF00225:Kinesin,PF18504:Csm1_N,PF19130:DUF5813
DIPPA_02867.mRNA.1	PF00225:Kinesin,PF06156:YabA
DIPPA_02871.mRNA.1	PF13570:PQQ_3,PF13405:EF-hand_6,PF13405:EF-hand_6
DIPPA_02877.mRNA.1	PF03153:TFIIA,PF07767:Nop53
DIPPA_02878.mRNA.1	PF13913:zf-C2HC_2,PF19460:DUF5997,PF00078:RVT_1
DIPPA_02891.mRNA.1	PF08702:Fib_alpha,PF06156:YabA,PF08172:CASP_C,PF08172:CASP_C,PF09787:Golgin_A5
DIPPA_02895.mRNA.1	PF20042:DUF6444,PF06805:Lambda_tail_I
DIPPA_02897.mRNA.1	PF09731:Mitofilin,PF17292:POB3_N
DIPPA_02901.mRNA.1	PF16209:PhoLip_ATPase_N,PF00122:E1-E2_ATPase,PF13246:Cation_ATPase,PF00702:Hydrolase,PF00702:Hydrolase,PF16212:PhoLip_ATPase_C
DIPPA_02907.mRNA.1	PF00075:RNase_H,PF01590:GAF
DIPPA_02909.mRNA.1	PF00076:RRM_1,PF00076:RRM_1,PF09770:PAT1
DIPPA_02918.mRNA.1	PF11719:Drc1-Sld2,PF00076:RRM_1
DIPPA_02918.mRNA.2	PF11719:Drc1-Sld2,PF00076:RRM_1
DIPPA_02931.mRNA.1	PF12722:Hid1,PF13041:PPR_2,PF17177:PPR_long,PF13041:PPR_2,PF17177:PPR_long
DIPPA_02937.mRNA.1	PF00313:CSD,PF22208:Cas_Csm6_CARF
DIPPA_02938.mRNA.1	PF07985:SRR1,PF12084:DUF3561
DIPPA_02940.mRNA.1	PF17940:TetR_C_31,PF17940:TetR_C_31
DIPPA_02944.mRNA.1	PF00400:WD40,PF00400:WD40,PF00400:WD40,PF00400:WD40,PF00400:WD40,PF00400:WD40,PF12480:GARIL_Rab2_bd
DIPPA_02945.mRNA.1	PF03107:C1_2,PF00023:Ank,PF00023:Ank,PF20519:Polycystin_dom,PF08016:PKD_channel
DIPPA_02947.mRNA.1	PF13505:OMP_b-brl,PF03153:TFIIA
DIPPA_02949.mRNA.1	PF19232:DUF5885,PF19232:DUF5885
DIPPA_02975.mRNA.1	PF12951:PATR,PF12951:PATR,PF15979:Glyco_hydro_115,PF19190:BACON_2,PF17829:GH115_C,PF13620:CarboxypepD_reg
DIPPA_02976.mRNA.1	PF00520:Ion_trans,PF00027:cNMP_binding
DIPPA_02988.mRNA.1	PF12937:F-box-like,PF15269:zf-C2H2_7
DIPPA_03018.mRNA.1	PF06730:FAM92,PF00536:SAM_1,PF00397:WW
DIPPA_03024.mRNA.1	PF00791:ZU5,PF14952:zf-tcix,PF14952:zf-tcix
DIPPA_03028.mRNA.1	PF00078:RVT_1,PF00078:RVT_1
DIPPA_03032.mRNA.1	PF03372:Exo_endo_phos,PF01035:DNA_binding_1
DIPPA_03034.mRNA.1	PF03472:Autoind_bind,PF16018:Anillin_N
DIPPA_03042.mRNA.1	PF00169:PH,PF17820:PDZ_6,PF13118:DUF3972,PF07059:EDR2_C
DIPPA_03048.mRNA.1	PF00078:RVT_1,PF00078:RVT_1,PF00075:RNase_H
DIPPA_03059.mRNA.1	PF03931:Skp1_POZ,PF01466:Skp1
DIPPA_03083.mRNA.1	PF14438:SM-ATX,PF06741:LsmAD
DIPPA_03091.mRNA.1	PF17917:RT_RNaseH,PF00336:DNA_pol_viral_C
DIPPA_03097.mRNA.1	PF07889:DUF1664,PF07889:DUF1664
DIPPA_03099.mRNA.1	PF00240:ubiquitin,PF00240:ubiquitin
DIPPA_03117.mRNA.1	PF00656:Peptidase_C14,PF11694:DUF3290
DIPPA_03117.mRNA.2	PF00656:Peptidase_C14,PF11694:DUF3290
DIPPA_03123.mRNA.1	PF05598:DUF772,PF00078:RVT_1,PF00078:RVT_1
DIPPA_03131.mRNA.1	PF00169:PH,PF00169:PH
DIPPA_03155.mRNA.1	PF08771:FRB_dom,PF12825:DUF3818
DIPPA_03157.mRNA.1	PF19904:DUF6377,PF10476:DUF2448
DIPPA_03188.mRNA.1	PF05377:FlaC_arch,PF10253:PRCC
DIPPA_03193.mRNA.1	PF08507:COPI_assoc,PF15231:VCX_VCY
DIPPA_03200.mRNA.1	PF01363:FYVE,PF01363:FYVE
DIPPA_03202.mRNA.1	PF09851:SHOCT,PF09851:SHOCT,PF04977:DivIC
DIPPA_03206.mRNA.1	PF16589:BRCT_2,PF16589:BRCT_2,PF16589:BRCT_2,PF15961:DUF4764
DIPPA_03208.mRNA.1	PF12796:Ank_2,PF00023:Ank,PF00612:IQ,PF00612:IQ,PF00612:IQ,PF00612:IQ
DIPPA_03230.mRNA.1	PF17177:PPR_long,PF17177:PPR_long
DIPPA_03233.mRNA.1	PF11336:DUF3138,PF03153:TFIIA
DIPPA_03238.mRNA.1	PF12796:Ank_2,PF00023:Ank
DIPPA_03247.mRNA.1	PF08337:Plexin_cytopl,PF08337:Plexin_cytopl
DIPPA_03247.mRNA.2	PF08337:Plexin_cytopl,PF08337:Plexin_cytopl
DIPPA_03274.mRNA.1	PF15960:DUF4763,PF18345:zf_CCCH_4
DIPPA_03278.mRNA.1	PF20519:Polycystin_dom,PF08016:PKD_channel,PF06103:DUF948
DIPPA_03280.mRNA.1	PF07004:SHIPPO-rpt,PF07004:SHIPPO-rpt,PF07004:SHIPPO-rpt,PF07004:SHIPPO-rpt,PF07004:SHIPPO-rpt,PF07004:SHIPPO-rpt,PF07004:SHIPPO-rpt,PF07004:SHIPPO-rpt,PF07004:SHIPPO-rpt,PF07004:SHIPPO-rpt
DIPPA_03285.mRNA.1	PF03153:TFIIA,PF00595:PDZ,PF03153:TFIIA,PF13696:zf-CCHC_2
DIPPA_03285.mRNA.2	PF03153:TFIIA,PF00595:PDZ,PF03153:TFIIA,PF13696:zf-CCHC_2
DIPPA_03285.mRNA.3	PF03153:TFIIA,PF00595:PDZ,PF03153:TFIIA,PF13696:zf-CCHC_2
DIPPA_03285.mRNA.4	PF03153:TFIIA,PF00595:PDZ,PF03153:TFIIA,PF13696:zf-CCHC_2
DIPPA_03285.mRNA.5	PF03153:TFIIA,PF00595:PDZ,PF03153:TFIIA,PF13696:zf-CCHC_2
DIPPA_03294.mRNA.1	PF00533:BRCT,PF00644:PARP,PF08487:VIT,PF13768:VWA_3
DIPPA_03295.mRNA.1	PF13516:LRR_6,PF13516:LRR_6,PF13516:LRR_6
DIPPA_03306.mRNA.1	PF00078:RVT_1,PF00443:UCH
DIPPA_03308.mRNA.1	PF05859:Mis12,PF05859:Mis12
DIPPA_03311.mRNA.1	PF13812:PPR_3,PF13812:PPR_3,PF13812:PPR_3
DIPPA_03317.mRNA.1	PF05598:DUF772,PF00078:RVT_1,PF00078:RVT_1
DIPPA_03319.mRNA.1	PF13600:DUF4140,PF13600:DUF4140,PF00078:RVT_1
DIPPA_03330.mRNA.1	PF13445:zf-RING_UBOX,PF01496:V_ATPase_I,PF04419:SERF-like_N,PF13236:CLU
DIPPA_03334.mRNA.1	PF14529:Exo_endo_phos_2,PF00078:RVT_1
DIPPA_03352.mRNA.1	PF12796:Ank_2,PF12796:Ank_2,PF09815:XK-related
DIPPA_03366.mRNA.2	PF04119:HSP9_HSP12,PF04119:HSP9_HSP12,PF04119:HSP9_HSP12,PF04119:HSP9_HSP12,PF04119:HSP9_HSP12,PF04119:HSP9_HSP12,PF04119:HSP9_HSP12
DIPPA_03373.mRNA.1	PF05443:ROS_MUCR,PF19745:FUT8_N_cat
DIPPA_03377.mRNA.1	PF15836:SSTK-IP,PF04859:DUF641
DIPPA_03389.mRNA.1	PF00092:VWA,PF06707:DUF1194,PF00092:VWA,PF00092:VWA,PF00092:VWA,PF00092:VWA,PF00092:VWA,PF00092:VWA,PF00092:VWA
DIPPA_03402.mRNA.1	PF10571:UPF0547,PF21639:ORC5_lid
DIPPA_03403.mRNA.1	PF00078:RVT_1,PF00078:RVT_1
DIPPA_03404.mRNA.1	PF05598:DUF772,PF00078:RVT_1,PF00078:RVT_1
DIPPA_03408.mRNA.1	PF07544:Med9,PF13874:Nup54
DIPPA_03411.mRNA.2	PF02891:zf-MIZ,PF07766:LETM1_RBD,PF02535:Zip
DIPPA_03413.mRNA.1	PF13920:zf-C3HC4_3,PF12874:zf-met,PF02854:MIF4G
DIPPA_03422.mRNA.1	PF07691:PA14,PF00754:F5_F8_type_C
DIPPA_03425.mRNA.1	PF22488:Class_2_docking_dom,PF00078:RVT_1,PF13821:DUF4187,PF00443:UCH
DIPPA_03426.mRNA.1	PF22488:Class_2_docking_dom,PF00078:RVT_1,PF00443:UCH
DIPPA_03437.mRNA.1	PF21928:XLF_CC,PF21928:XLF_CC
DIPPA_03452.mRNA.1	PF04419:SERF-like_N,PF04932:Wzy_C
DIPPA_03455.mRNA.1	PF13774:Longin,PF00957:Synaptobrevin
DIPPA_03459.mRNA.1	PF12824:MRP-L20,PF13639:zf-RING_2
DIPPA_03467.mRNA.1	PF00069:Pkinase,PF07651:ANTH,PF01412:ArfGap,PF03153:TFIIA
DIPPA_03473.mRNA.1	PF07498:Rho_N,PF19695:DUF6195,PF19695:DUF6195
DIPPA_03477.mRNA.1	PF12072:RNase_Y_N,PF09278:MerR-DNA-bind,PF09278:MerR-DNA-bind,PF22628:zf-CCCH_10
DIPPA_03482.mRNA.1	PF13913:zf-C2HC_2,PF19460:DUF5997
DIPPA_03486.mRNA.1	PF16678:HOIP-UBA,PF03755:YicC-like_N
DIPPA_03489.mRNA.1	PF13414:TPR_11,PF13414:TPR_11,PF13414:TPR_11,PF13414:TPR_11,PF13414:TPR_11
DIPPA_03491.mRNA.1	PF00092:VWA,PF00092:VWA
DIPPA_03492.mRNA.1	PF07283:TrbH,PF07283:TrbH
DIPPA_03494.mRNA.1	PF00397:WW,PF04388:Hamartin,PF04388:Hamartin
DIPPA_03506.mRNA.1	PF00078:RVT_1,PF00078:RVT_1
DIPPA_03513.mRNA.1	PF04360:Serglycin,PF05598:DUF772,PF00078:RVT_1,PF00078:RVT_1
DIPPA_03514.mRNA.1	PF02338:OTU,PF03372:Exo_endo_phos
DIPPA_03534.mRNA.1	PF14674:FANCI_S1-cap,PF09983:JetD_C
DIPPA_03538.mRNA.1	PF05167:DUF711,PF02985:HEAT,PF13513:HEAT_EZ,PF02337:Gag_p10
DIPPA_03550.mRNA.1	PF00106:adh_short,PF00106:adh_short,PF00106:adh_short
DIPPA_03551.mRNA.1	PF06396:AGTRAP,PF07344:Amastin
DIPPA_03559.mRNA.1	PF00078:RVT_1,PF00078:RVT_1
DIPPA_03576.mRNA.1	PF00075:RNase_H,PF00075:RNase_H
DIPPA_03579.mRNA.1	PF00078:RVT_1,PF15451:DUF4632,PF21393:Phage_pb10_N
DIPPA_03586.mRNA.1	PF13041:PPR_2,PF13041:PPR_2,PF13041:PPR_2
DIPPA_03607.mRNA.1	PF00023:Ank,PF00023:Ank
DIPPA_03622.mRNA.1	PF10609:ParA,PF13500:AAA_26
DIPPA_03630.mRNA.1	PF00078:RVT_1,PF00078:RVT_1
DIPPA_03632.mRNA.1	PF07364:DUF1485,PF03353:Lin-8
DIPPA_03633.mRNA.1	PF13776:DUF4172,PF10571:UPF0547
DIPPA_03637.mRNA.1	PF20102:DUF6492,PF20102:DUF6492
DIPPA_03642.mRNA.1	PF09339:HTH_IclR,PF15258:FAM222A,PF14013:MT0933_antitox
DIPPA_03668.mRNA.1	PF22990:ABHD16_N,PF07885:Ion_trans_2
DIPPA_03675.mRNA.1	PF13986:DUF4224,PF06193:Orthopox_A5L,PF11914:DUF3432
DIPPA_03682.mRNA.1	PF23015:zf-WIZ,PF09677:TrbI_Ftype,PF04937:DUF659,PF05699:Dimer_Tnp_hAT
DIPPA_03687.mRNA.1	PF13879:Hmw_CFAP97,PF06512:Na_trans_assoc
DIPPA_03690.mRNA.1	PF10551:MULE,PF04434:SWIM,PF02338:OTU,PF08601:PAP1
DIPPA_03705.mRNA.1	PF16871:DUF5077,PF01477:PLAT,PF01477:PLAT
DIPPA_03706.mRNA.1	PF01805:Surp,PF13696:zf-CCHC_2
DIPPA_03709.mRNA.1	PF13913:zf-C2HC_2,PF19460:DUF5997
DIPPA_03727.mRNA.1	PF21215:CSN3-like_C,PF09070:PFU
DIPPA_03730.mRNA.1	PF00589:Phage_integrase,PF18885:DUF5648
DIPPA_03737.mRNA.1	PF00734:CBM_1,PF20327:DUF6622,PF00734:CBM_1,PF20327:DUF6622
DIPPA_03738.mRNA.1	PF02320:UCR_hinge,PF19715:DUF6210
DIPPA_03741.mRNA.1	PF13428:TPR_14,PF13428:TPR_14
DIPPA_03750.mRNA.1	PF14924:MAP10_N,PF02736:Myosin_N,PF12073:DUF3553,PF12073:DUF3553,PF02211:NHase_beta_C,PF12073:DUF3553,PF02211:NHase_beta_C,PF02211:NHase_beta_C,PF22639:Gp18_dom_I
DIPPA_03755.mRNA.1	PF00400:WD40,PF00400:WD40
DIPPA_03756.mRNA.1	PF10454:DUF2458,PF10046:BLOC1_2
DIPPA_03757.mRNA.1	PF00092:VWA,PF00092:VWA,PF00092:VWA
DIPPA_03765.mRNA.1	PF00092:VWA,PF00092:VWA,PF00092:VWA,PF00092:VWA,PF00092:VWA,PF00092:VWA,PF00092:VWA,PF00092:VWA,PF00092:VWA
DIPPA_03769.mRNA.1	PF06156:YabA,PF06156:YabA,PF10305:Fmp27_SW
DIPPA_03772.mRNA.1	PF16819:DUF5074,PF09787:Golgin_A5,PF22966:INTS7_C_plants,PF09787:Golgin_A5,PF03221:HTH_Tnp_Tc5
DIPPA_03775.mRNA.1	PF00261:Tropomyosin,PF00261:Tropomyosin
DIPPA_03778.mRNA.1	PF00078:RVT_1,PF00078:RVT_1
DIPPA_03791.mRNA.1	PF00096:zf-C2H2,PF02023:SCAN
DIPPA_03800.mRNA.1	PF00240:ubiquitin,PF00240:ubiquitin
DIPPA_03802.mRNA.1	PF03221:HTH_Tnp_Tc5,PF03184:DDE_1
DIPPA_03809.mRNA.1	PF00098:zf-CCHC,PF05082:Rop-like
DIPPA_03812.mRNA.1	PF17217:UPA,PF00078:RVT_1,PF17919:RT_RNaseH_2
DIPPA_03827.mRNA.1	PF13041:PPR_2,PF13041:PPR_2,PF13041:PPR_2
DIPPA_03832.mRNA.1	PF00589:Phage_integrase,PF00589:Phage_integrase
DIPPA_03835.mRNA.1	PF07498:Rho_N,PF19695:DUF6195,PF19695:DUF6195
DIPPA_03839.mRNA.1	PF05773:RWD,PF06544:Prp3_C
DIPPA_03852.mRNA.1	PF00078:RVT_1,PF17917:RT_RNaseH
DIPPA_03863.mRNA.1	PF00822:PMP22_Claudin,PF06011:TRP
DIPPA_03869.mRNA.1	PF04564:U-box,PF04615:Utp14
DIPPA_03876.mRNA.1	PF19763:DUF6250,PF11593:Med3
DIPPA_03888.mRNA.1	PF17123:zf-RING_11,PF17123:zf-RING_11,PF20993:CENPH
DIPPA_03890.mRNA.1	PF07498:Rho_N,PF19695:DUF6195,PF19695:DUF6195
DIPPA_03892.mRNA.1	PF05517:p25-alpha,PF09026:CENP-B_dimeris
DIPPA_03896.mRNA.1	PF11719:Drc1-Sld2,PF11719:Drc1-Sld2
DIPPA_03898.mRNA.1	PF00130:C1_1,PF20917:AsnRS_N
DIPPA_03903.mRNA.1	PF17917:RT_RNaseH,PF04102:SlyX
DIPPA_03909.mRNA.1	PF01497:Peripla_BP_2,PF09025:T3SS_needle_reg
DIPPA_03910.mRNA.1	PF15294:Leu_zip,PF13180:PDZ_2
DIPPA_03921.mRNA.1	PF00734:CBM_1,PF00734:CBM_1,PF12128:DUF3584
DIPPA_03931.mRNA.1	PF20102:DUF6492,PF20102:DUF6492
DIPPA_03956.mRNA.1	PF00024:PAN_1,PF13287:Fn3_assoc,PF13287:Fn3_assoc,PF04880:NUDE_C
DIPPA_03974.mRNA.1	PF12807:eIF3_p135,PF13374:TPR_10,PF13374:TPR_10
DIPPA_03985.mRNA.1	PF18076:FGAR-AT_N,PF18072:FGAR-AT_linker,PF02769:AIRS_C,PF22689:FGAR-AT_PurM_N-like,PF02769:AIRS_C,PF13507:GATase_5
DIPPA_03987.mRNA.1	PF00270:DEAD,PF00271:Helicase_C,PF05183:RdRP,PF22600:MTPAP-like_central
DIPPA_03999.mRNA.1	PF05350:GSK-3_bind,PF10734:DUF2523
DIPPA_04006.mRNA.1	PF03966:Trm112p,PF14192:DUF4314
DIPPA_04029.mRNA.1	PF02173:pKID,PF02173:pKID
DIPPA_04053.mRNA.1	PF00397:WW,PF04564:U-box
DIPPA_04074.mRNA.1	PF06825:HSBP1,PF04210:MtrG,PF14077:WD40_alt
DIPPA_04076.mRNA.1	PF00076:RRM_1,PF00076:RRM_1
DIPPA_04086.mRNA.1	PF07332:Phage_holin_3_6,PF19607:DUF6112
DIPPA_04090.mRNA.1	PF13565:HTH_32,PF02037:SAP
DIPPA_04103.mRNA.1	PF07498:Rho_N,PF19695:DUF6195,PF19695:DUF6195
DIPPA_04108.mRNA.1	PF09160:FimH_man-bind,PF09160:FimH_man-bind,PF09160:FimH_man-bind
DIPPA_04131.mRNA.1	PF00075:RNase_H,PF00075:RNase_H
DIPPA_04132.mRNA.1	PF00879:Defensin_propep,PF02321:OEP,PF02321:OEP,PF02321:OEP
DIPPA_04154.mRNA.1	PF13681:PilX,PF21040:CEP104-like_TOG,PF21040:CEP104-like_TOG,PF21040:CEP104-like_TOG
DIPPA_04161.mRNA.1	PF13499:EF-hand_7,PF14658:EF-hand_9,PF08623:TIP120
DIPPA_04166.mRNA.1	PF22493:PUF_NOP9,PF00806:PUF,PF00806:PUF
DIPPA_04171.mRNA.1	PF07445:PriC,PF07445:PriC
DIPPA_04173.mRNA.1	PF18494:Pullulanase_Ins,PF18494:Pullulanase_Ins
DIPPA_04182.mRNA.1	PF00734:CBM_1,PF00734:CBM_1,PF12128:DUF3584
DIPPA_04183.mRNA.1	PF00078:RVT_1,PF00078:RVT_1
DIPPA_04186.mRNA.1	PF00078:RVT_1,PF00078:RVT_1
DIPPA_04188.mRNA.1	PF15387:DUF4611,PF14942:Muted
DIPPA_04191.mRNA.1	PF00075:RNase_H,PF07205:DUF1413
DIPPA_04206.mRNA.1	PF16619:SUIM_assoc,PF16619:SUIM_assoc
DIPPA_04207.mRNA.1	PF01541:GIY-YIG,PF16945:Phage_r1t_holin
DIPPA_04217.mRNA.1	PF03472:Autoind_bind,PF16018:Anillin_N
DIPPA_04223.mRNA.2	PF16331:TolA_bind_tri,PF09132:BmKX
DIPPA_04242.mRNA.1	PF22394:AfAlkA-like_TBP-like,PF13966:zf-RVT
DIPPA_04256.mRNA.1	PF03472:Autoind_bind,PF16018:Anillin_N
DIPPA_04267.mRNA.1	PF00076:RRM_1,PF02151:UVR,PF02151:UVR
DIPPA_04274.mRNA.1	PF03153:TFIIA,PF03153:TFIIA
DIPPA_04280.mRNA.1	PF13279:4HBT_2,PF13279:4HBT_2
DIPPA_04284.mRNA.1	PF03472:Autoind_bind,PF16018:Anillin_N
DIPPA_04286.mRNA.1	PF13516:LRR_6,PF00560:LRR_1,PF13516:LRR_6
DIPPA_04289.mRNA.1	PF09409:PUB,PF14555:UBA_4,PF11795:DUF3322
DIPPA_04293.mRNA.1	PF00076:RRM_1,PF00076:RRM_1
DIPPA_04295.mRNA.1	PF21993:TetR_C_13_2,PF21982:RecX_HTH1,PF21993:TetR_C_13_2
DIPPA_04299.mRNA.1	PF07967:zf-C3HC,PF08600:Rsm1
DIPPA_04300.mRNA.1	PF01129:ART,PF12796:Ank_2
DIPPA_04309.mRNA.1	PF22799:PIR1-like_C,PF22799:PIR1-like_C
DIPPA_04311.mRNA.1	PF14739:DUF4472,PF07989:Cnn_1N,PF07989:Cnn_1N
DIPPA_04311.mRNA.2	PF14739:DUF4472,PF07989:Cnn_1N,PF08581:Tup_N
DIPPA_04325.mRNA.1	PF02210:Laminin_G_2,PF02210:Laminin_G_2
DIPPA_04325.mRNA.2	PF02210:Laminin_G_2,PF02210:Laminin_G_2
DIPPA_04325.mRNA.3	PF02210:Laminin_G_2,PF02210:Laminin_G_2
DIPPA_04336.mRNA.1	PF01988:VIT1,PF01988:VIT1
DIPPA_04351.mRNA.1	PF10571:UPF0547,PF21639:ORC5_lid
DIPPA_04353.mRNA.1	PF08700:VPS51_Exo84_N,PF10577:FAM171A1-2-B_N
DIPPA_04380.mRNA.1	PF04119:HSP9_HSP12,PF04119:HSP9_HSP12,PF04119:HSP9_HSP12,PF04119:HSP9_HSP12
DIPPA_04389.mRNA.1	PF00536:SAM_1,PF03733:YccF,PF01699:Na_Ca_ex,PF01699:Na_Ca_ex
DIPPA_04408.mRNA.1	PF10599:Nup_retrotrp_bd,PF02157:Man-6-P_recep
DIPPA_04417.mRNA.1	PF12815:CTD,PF12815:CTD
DIPPA_04424.mRNA.1	PF00295:Glyco_hydro_28,PF12708:Pectate_lyase_3
DIPPA_04428.mRNA.1	PF03154:Atrophin-1,PF00536:SAM_1
DIPPA_04429.mRNA.1	PF12708:Pectate_lyase_3,PF00295:Glyco_hydro_28
DIPPA_04430.mRNA.1	PF11333:DUF3135,PF11333:DUF3135,PF00170:bZIP_1,PF16888:DUF5082,PF02183:HALZ
DIPPA_04437.mRNA.1	PF13717:zinc_ribbon_4,PF13717:zinc_ribbon_4
DIPPA_04447.mRNA.1	PF02079:TP1,PF00098:zf-CCHC,PF10650:zf-C3H1,PF00642:zf-CCCH,PF15663:zf-CCCH_3
DIPPA_04452.mRNA.1	PF00612:IQ,PF00612:IQ,PF00612:IQ,PF00612:IQ,PF00612:IQ
DIPPA_04453.mRNA.1	PF13290:CHB_HEX_C_1,PF14197:Cep57_CLD_2
DIPPA_04464.mRNA.1	PF00544:Pectate_lyase_4,PF00754:F5_F8_type_C,PF00754:F5_F8_type_C
DIPPA_04468.mRNA.1	PF13424:TPR_12,PF13424:TPR_12
DIPPA_04469.mRNA.1	PF14685:Tricorn_PDZ,PF05641:Agenet
DIPPA_04476.mRNA.1	PF00544:Pectate_lyase_4,PF00754:F5_F8_type_C
DIPPA_04482.mRNA.1	PF08625:Utp13,PF13800:Sigma_reg_N
DIPPA_04487.mRNA.1	PF10242:L_HMGIC_fpl,PF09117:MiAMP1
DIPPA_04488.mRNA.1	PF10562:CaM_bdg_C0,PF07503:zf-HYPF,PF10562:CaM_bdg_C0
DIPPA_04490.mRNA.1	PF12569:NatA_aux_su,PF07191:zinc-ribbons_6
DIPPA_04495.mRNA.1	PF19955:EAD1,PF19955:EAD1
DIPPA_04496.mRNA.1	PF00544:Pectate_lyase_4,PF00754:F5_F8_type_C
DIPPA_04499.mRNA.1	PF07382:HC2,PF10842:DUF2642
DIPPA_04502.mRNA.1	PF19056:WD40_2,PF00400:WD40,PF19056:WD40_2,PF00400:WD40,PF12965:DUF3854
DIPPA_04503.mRNA.1	PF00544:Pectate_lyase_4,PF00754:F5_F8_type_C
DIPPA_04511.mRNA.1	PF12340:DUF3638,PF12359:DUF3645,PF13499:EF-hand_7,PF13499:EF-hand_7
DIPPA_04534.mRNA.1	PF00078:RVT_1,PF07174:FAP,PF00078:RVT_1
DIPPA_04537.mRNA.1	PF18342:LytB_SH3,PF08239:SH3_3
DIPPA_04537.mRNA.2	PF18342:LytB_SH3,PF08239:SH3_3
DIPPA_04547.mRNA.1	PF06701:MIB_HERC2,PF06701:MIB_HERC2
DIPPA_04552.mRNA.1	PF00612:IQ,PF00612:IQ,PF00612:IQ,PF00612:IQ,PF00612:IQ,PF00612:IQ,PF00612:IQ,PF00612:IQ,PF00612:IQ,PF00612:IQ,PF00612:IQ,PF00612:IQ,PF00612:IQ,PF00612:IQ,PF00612:IQ,PF00612:IQ,PF00612:IQ,PF00612:IQ,PF00612:IQ,PF00612:IQ,PF00612:IQ,PF00612:IQ,PF00612:IQ,PF00612:IQ,PF00612:IQ
DIPPA_04555.mRNA.1	PF01491:Frataxin_Cyay,PF18455:GBR2_CC,PF17383:kleA_kleC,PF17383:kleA_kleC,PF21384:Cas3_I-F_Cas2
DIPPA_04562.mRNA.1	PF13041:PPR_2,PF13041:PPR_2,PF17324:BLI1,PF13041:PPR_2,PF13041:PPR_2,PF10366:Vps39_1,PF13041:PPR_2
DIPPA_04566.mRNA.1	PF00078:RVT_1,PF17917:RT_RNaseH
DIPPA_04571.mRNA.1	PF13637:Ank_4,PF13637:Ank_4,PF13180:PDZ_2
DIPPA_04576.mRNA.1	PF18044:zf-CCCH_4,PF14608:zf-CCCH_2,PF00096:zf-C2H2
DIPPA_04577.mRNA.1	PF09746:Membralin,PF01363:FYVE
DIPPA_04586.mRNA.1	PF00169:PH,PF00641:zf-RanBP
DIPPA_04591.mRNA.1	PF13621:Cupin_8,PF13621:Cupin_8
DIPPA_04594.mRNA.1	PF13450:NAD_binding_8,PF01593:Amino_oxidase,PF10925:DUF2680
DIPPA_04595.mRNA.1	PF13450:NAD_binding_8,PF10925:DUF2680
DIPPA_04596.mRNA.1	PF01593:Amino_oxidase,PF01593:Amino_oxidase,PF10925:DUF2680
DIPPA_04598.mRNA.1	PF13450:NAD_binding_8,PF10925:DUF2680
DIPPA_04622.mRNA.1	PF00078:RVT_1,PF17917:RT_RNaseH
DIPPA_04624.mRNA.1	PF00078:RVT_1,PF15451:DUF4632
DIPPA_04634.mRNA.1	PF13812:PPR_3,PF13041:PPR_2
DIPPA_04635.mRNA.1	PF09956:DUF2190,PF09956:DUF2190
DIPPA_04654.mRNA.1	PF01593:Amino_oxidase,PF10925:DUF2680
DIPPA_04654.mRNA.2	PF01593:Amino_oxidase,PF10925:DUF2680
DIPPA_04656.mRNA.1	PF07407:Seadorna_VP6,PF22216:Sas-6_C_CC
DIPPA_04674.mRNA.1	PF12001:DUF3496,PF13942:Lipoprotein_20
DIPPA_04675.mRNA.1	PF12856:ANAPC9,PF02037:SAP,PF02037:SAP
DIPPA_04675.mRNA.2	PF12856:ANAPC9,PF02037:SAP,PF02037:SAP
DIPPA_04675.mRNA.3	PF12856:ANAPC9,PF02037:SAP,PF02037:SAP
DIPPA_04675.mRNA.4	PF12856:ANAPC9,PF02037:SAP,PF02037:SAP
DIPPA_04700.mRNA.1	PF15834:THEG4,PF18455:GBR2_CC
DIPPA_04726.mRNA.1	PF12329:TMF_DNA_bd,PF02183:HALZ,PF12104:Tcell_CD4_C
DIPPA_04727.mRNA.1	PF07364:DUF1485,PF03353:Lin-8
DIPPA_04729.mRNA.1	PF21257:PHD_ash2p_like,PF03153:TFIIA
DIPPA_04731.mRNA.1	PF00564:PB1,PF04726:Microvir_J
DIPPA_04733.mRNA.1	PF03020:LEM,PF14444:S1-like
DIPPA_04736.mRNA.1	PF01697:Glyco_transf_92,PF14295:PAN_4
DIPPA_04736.mRNA.2	PF01697:Glyco_transf_92,PF14295:PAN_4
DIPPA_04745.mRNA.1	PF01697:Glyco_transf_92,PF14295:PAN_4
DIPPA_04749.mRNA.1	PF13851:GAS,PF13851:GAS
DIPPA_04755.mRNA.1	PF00075:RNase_H,PF00075:RNase_H
DIPPA_04759.mRNA.1	PF15193:FAM24,PF15193:FAM24
DIPPA_04761.mRNA.1	PF03221:HTH_Tnp_Tc5,PF03184:DDE_1
DIPPA_04774.mRNA.1	PF20102:DUF6492,PF20102:DUF6492
DIPPA_04781.mRNA.1	PF21007:FBF1,PF13391:HNH_2
DIPPA_04792.mRNA.1	PF09304:Cortex-I_coil,PF09304:Cortex-I_coil,PF00078:RVT_1
DIPPA_04797.mRNA.1	PF04048:Sec8_N,PF00169:PH
DIPPA_04805.mRNA.1	PF15268:Dapper,PF03031:NIF
DIPPA_04808.mRNA.1	PF20102:DUF6492,PF20102:DUF6492
DIPPA_04810.mRNA.1	PF19790:DUF6274,PF12705:PDDEXK_1
DIPPA_04811.mRNA.1	PF10151:TMEM214,PF10151:TMEM214,PF06781:CrgA
DIPPA_04812.mRNA.1	PF13565:HTH_32,PF02037:SAP
DIPPA_04813.mRNA.1	PF13245:AAA_19,PF13086:AAA_11,PF01443:Viral_helicase1
DIPPA_04818.mRNA.1	PF17820:PDZ_6,PF17820:PDZ_6,PF12622:NpwBP
DIPPA_04818.mRNA.2	PF17820:PDZ_6,PF17820:PDZ_6,PF12622:NpwBP
DIPPA_04825.mRNA.1	PF08581:Tup_N,PF06103:DUF948,PF08581:Tup_N,PF06156:YabA
DIPPA_04835.mRNA.1	PF17217:UPA,PF00078:RVT_1,PF17919:RT_RNaseH_2
DIPPA_04843.mRNA.1	PF05793:TFIIF_alpha,PF00241:Cofilin_ADF
DIPPA_04844.mRNA.1	PF00589:Phage_integrase,PF00589:Phage_integrase,PF18885:DUF5648
DIPPA_04845.mRNA.1	PF19220:Crescentin,PF06619:DUF1149,PF08702:Fib_alpha,PF08702:Fib_alpha
DIPPA_04855.mRNA.1	PF17917:RT_RNaseH,PF13974:YebO
DIPPA_04856.mRNA.1	PF17917:RT_RNaseH,PF13974:YebO
DIPPA_04862.mRNA.1	PF03230:Antirestrict,PF11029:DAZAP2,PF00170:bZIP_1,PF00170:bZIP_1,PF00170:bZIP_1,PF00170:bZIP_1,PF00170:bZIP_1,PF00170:bZIP_1,PF00170:bZIP_1,PF00170:bZIP_1,PF00170:bZIP_1
DIPPA_04865.mRNA.1	PF08082:PRO8NT,PF08083:PROCN,PF10598:RRM_4,PF10597:U5_2-snRNA_bdg,PF10596:U6-snRNA_bdg,PF12134:PRP8_domainIV,PF01398:JAB,PF08084:PROCT
DIPPA_04890.mRNA.1	PF13812:PPR_3,PF13812:PPR_3
DIPPA_04899.mRNA.1	PF03105:SPX,PF04502:Saf4_Yju2,PF00642:zf-CCCH,PF18345:zf_CCCH_4
DIPPA_04911.mRNA.1	PF17086:HV_small_capsid,PF14853:Fis1_TPR_C,PF18204:PGF-CTERM
DIPPA_04917.mRNA.1	PF01602:Adaptin_N,PF10025:DUF2267,PF10025:DUF2267
DIPPA_04921.mRNA.1	PF10350:DUF2428,PF09073:BUD22
DIPPA_04930.mRNA.1	PF00078:RVT_1,PF00075:RNase_H
DIPPA_04933.mRNA.1	PF13750:Big_3_3,PF15345:TMEM51
DIPPA_04935.mRNA.1	PF12185:IR1-M,PF04802:PP4R3,PF04802:PP4R3
DIPPA_04942.mRNA.1	PF00078:RVT_1,PF00078:RVT_1
DIPPA_04944.mRNA.1	PF13405:EF-hand_6,PF00036:EF-hand_1,PF13405:EF-hand_6,PF13499:EF-hand_7,PF00036:EF-hand_1,PF13405:EF-hand_6,PF01825:GPS
DIPPA_04947.mRNA.1	PF17800:NPL,PF02724:CDC45
DIPPA_04948.mRNA.2	PF16451:bCoV_S1_N,PF15035:Rootletin
DIPPA_04948.mRNA.3	PF16451:bCoV_S1_N,PF15035:Rootletin
DIPPA_04948.mRNA.4	PF16451:bCoV_S1_N,PF15035:Rootletin
DIPPA_04956.mRNA.1	PF02180:BH4,PF02180:BH4
DIPPA_04963.mRNA.1	PF14443:DBC1,PF13050:DUF3911,PF02037:SAP
DIPPA_04973.mRNA.2	PF00806:PUF,PF00806:PUF,PF00806:PUF,PF00806:PUF,PF00806:PUF
DIPPA_04976.mRNA.1	PF00400:WD40,PF00400:WD40,PF00400:WD40
DIPPA_04986.mRNA.1	PF11559:ADIP,PF11559:ADIP,PF07716:bZIP_2
DIPPA_04987.mRNA.1	PF03153:TFIIA,PF10250:O-FucT
DIPPA_04990.mRNA.1	PF06810:Phage_GP20,PF10454:DUF2458
DIPPA_04993.mRNA.1	PF11638:DnaA_N,PF11638:DnaA_N
DIPPA_04999.mRNA.1	PF00078:RVT_1,PF00078:RVT_1
DIPPA_05003.mRNA.1	PF00078:RVT_1,PF00078:RVT_1
DIPPA_05027.mRNA.1	PF07804:HipA_C,PF00627:UBA
DIPPA_05028.mRNA.1	PF22535:DUF7003,PF11640:TAN
DIPPA_05029.mRNA.1	PF17093:PBP_N,PF08112:ATP-synt_E_2
DIPPA_05029.mRNA.2	PF17093:PBP_N,PF08112:ATP-synt_E_2
DIPPA_05029.mRNA.3	PF17093:PBP_N,PF08112:ATP-synt_E_2
DIPPA_05029.mRNA.4	PF17093:PBP_N,PF08112:ATP-synt_E_2
DIPPA_05031.mRNA.1	PF00169:PH,PF00641:zf-RanBP
DIPPA_05034.mRNA.1	PF00078:RVT_1,PF15451:DUF4632
DIPPA_05041.mRNA.1	PF20492:ERM_helical,PF15035:Rootletin
DIPPA_05047.mRNA.1	PF14815:NUDIX_4,PF14815:NUDIX_4
DIPPA_05056.mRNA.1	PF07889:DUF1664,PF07889:DUF1664,PF12090:Spt20_SEP,PF13499:EF-hand_7
DIPPA_05058.mRNA.1	PF14712:Snapin_Pallidin,PF05714:PFam54_60,PF14712:Snapin_Pallidin,PF05714:PFam54_60
DIPPA_05072.mRNA.1	PF13713:BRX_N,PF13713:BRX_N,PF13713:BRX_N
DIPPA_05072.mRNA.2	PF13713:BRX_N,PF13713:BRX_N,PF13713:BRX_N
DIPPA_05090.mRNA.1	PF08588:DUF1769,PF08239:SH3_3,PF08239:SH3_3
DIPPA_05092.mRNA.1	PF15079:Tsc35,PF09483:HpaP,PF07439:DUF1515,PF18035:Bap31_Bap29_C,PF13118:DUF3972,PF18035:Bap31_Bap29_C
DIPPA_05096.mRNA.1	PF03472:Autoind_bind,PF16018:Anillin_N
DIPPA_05098.mRNA.1	PF00076:RRM_1,PF00076:RRM_1
DIPPA_05098.mRNA.2	PF00076:RRM_1,PF00076:RRM_1
DIPPA_05101.mRNA.1	PF04119:HSP9_HSP12,PF04119:HSP9_HSP12
DIPPA_05102.mRNA.1	PF04119:HSP9_HSP12,PF04119:HSP9_HSP12
DIPPA_05103.mRNA.1	PF13604:AAA_30,PF12662:cEGF,PF12662:cEGF,PF02907:Peptidase_S29,PF12662:cEGF,PF02907:Peptidase_S29,PF15756:DUF4690
DIPPA_05103.mRNA.2	PF13604:AAA_30,PF12662:cEGF,PF12662:cEGF,PF02907:Peptidase_S29,PF12662:cEGF,PF02907:Peptidase_S29,PF15756:DUF4690
DIPPA_05105.mRNA.1	PF14357:DUF4404,PF01588:tRNA_bind
DIPPA_05106.mRNA.1	PF12662:cEGF,PF12662:cEGF,PF10873:CYYR1
DIPPA_05111.mRNA.1	PF13604:AAA_30,PF12662:cEGF,PF02907:Peptidase_S29,PF12662:cEGF,PF02907:Peptidase_S29,PF15756:DUF4690
DIPPA_05112.mRNA.2	PF04119:HSP9_HSP12,PF04119:HSP9_HSP12,PF04119:HSP9_HSP12,PF04119:HSP9_HSP12
DIPPA_05116.mRNA.1	PF12662:cEGF,PF12662:cEGF,PF12662:cEGF,PF05961:Chordopox_A13L
DIPPA_05116.mRNA.2	PF12662:cEGF,PF12662:cEGF,PF12662:cEGF,PF15756:DUF4690
DIPPA_05119.mRNA.1	PF03153:TFIIA,PF17917:RT_RNaseH,PF03153:TFIIA
DIPPA_05122.mRNA.1	PF12732:YtxH,PF04119:HSP9_HSP12,PF04119:HSP9_HSP12,PF04119:HSP9_HSP12,PF04119:HSP9_HSP12
DIPPA_05127.mRNA.1	PF04119:HSP9_HSP12,PF04119:HSP9_HSP12,PF04119:HSP9_HSP12
DIPPA_05130.mRNA.1	PF04119:HSP9_HSP12,PF04119:HSP9_HSP12,PF04119:HSP9_HSP12
DIPPA_05143.mRNA.1	PF04119:HSP9_HSP12,PF10045:DUF2280,PF04119:HSP9_HSP12
DIPPA_05157.mRNA.1	PF00261:Tropomyosin,PF00261:Tropomyosin,PF00261:Tropomyosin,PF07989:Cnn_1N,PF07989:Cnn_1N,PF08614:ATG16,PF08614:ATG16,PF01465:GRIP
DIPPA_05159.mRNA.1	PF13199:Glyco_hydro_66,PF13199:Glyco_hydro_66
DIPPA_05170.mRNA.1	PF07938:Fungal_lectin,PF07938:Fungal_lectin
DIPPA_05177.mRNA.1	PF13499:EF-hand_7,PF13499:EF-hand_7
DIPPA_05179.mRNA.1	PF22299:BRISC_FAM175B_helical,PF11361:DUF3159
DIPPA_05179.mRNA.2	PF22299:BRISC_FAM175B_helical,PF11361:DUF3159
DIPPA_05183.mRNA.1	PF00076:RRM_1,PF01137:RTC
DIPPA_05203.mRNA.1	PF14851:FAM176,PF15071:TMEM220
DIPPA_05215.mRNA.1	PF13445:zf-RING_UBOX,PF13405:EF-hand_6,PF16905:GPHH,PF13405:EF-hand_6,PF13405:EF-hand_6
DIPPA_05218.mRNA.1	PF07145:PAM2,PF13132:DUF3950
DIPPA_05223.mRNA.1	PF15295:CCDC50_N,PF20271:CATASP
DIPPA_05236.mRNA.1	PF12796:Ank_2,PF16063:DUF4805,PF12796:Ank_2,PF12796:Ank_2,PF12796:Ank_2,PF12796:Ank_2,PF12796:Ank_2,PF06524:NOA36,PF08898:DUF1843,PF12796:Ank_2,PF06524:NOA36,PF12796:Ank_2,PF06524:NOA36,PF12796:Ank_2,PF12796:Ank_2,PF12796:Ank_2
DIPPA_05239.mRNA.1	PF00628:PHD,PF00628:PHD,PF13405:EF-hand_6,PF13405:EF-hand_6,PF13405:EF-hand_6,PF12085:DUF3562,PF00628:PHD
DIPPA_05244.mRNA.1	PF03153:TFIIA,PF03153:TFIIA
DIPPA_05247.mRNA.1	PF00076:RRM_1,PF00076:RRM_1
DIPPA_05255.mRNA.1	PF03472:Autoind_bind,PF16018:Anillin_N
DIPPA_05257.mRNA.1	PF07763:FEZ,PF04463:2-thiour_desulf
DIPPA_05258.mRNA.1	PF12773:DZR,PF04832:SOUL
DIPPA_05261.mRNA.1	PF14106:DUF4279,PF14106:DUF4279
DIPPA_05263.mRNA.1	PF04859:DUF641,PF10479:BLTP1_C,PF04859:DUF641,PF04859:DUF641,PF06150:ChaB
DIPPA_05266.mRNA.1	PF12476:DUF3696,PF12476:DUF3696
DIPPA_05270.mRNA.1	PF22893:ULD_2,PF22893:ULD_2
DIPPA_05271.mRNA.1	PF09208:Endonuc-MspI,PF09208:Endonuc-MspI
DIPPA_05281.mRNA.1	PF18044:zf-CCCH_4,PF00076:RRM_1
DIPPA_05282.mRNA.1	PF20033:DUF6438,PF00092:VWA,PF00092:VWA,PF00092:VWA,PF00092:VWA,PF00092:VWA
DIPPA_05283.mRNA.1	PF03153:TFIIA,PF12855:Ecl1
DIPPA_05284.mRNA.1	PF11629:Mst1_SARAH,PF11629:Mst1_SARAH,PF21841:DUF6900,PF11629:Mst1_SARAH,PF08614:ATG16,PF08614:ATG16,PF08614:ATG16
DIPPA_05295.mRNA.1	PF12796:Ank_2,PF12937:F-box-like
DIPPA_05312.mRNA.1	PF08614:ATG16,PF08614:ATG16
DIPPA_05313.mRNA.1	PF12904:Collagen_bind_2,PF06232:ATS3,PF03494:Beta-APP,PF08145:BOP1NT,PF12904:Collagen_bind_2,PF06232:ATS3,PF03494:Beta-APP,PF08145:BOP1NT,PF12904:Collagen_bind_2,PF06232:ATS3
DIPPA_05317.mRNA.1	PF09265:Cytokin-bind,PF10392:COG5_N
DIPPA_05324.mRNA.1	PF17919:RT_RNaseH_2,PF04513:Baculo_PEP_C
DIPPA_05325.mRNA.1	PF00078:RVT_1,PF00078:RVT_1
DIPPA_05327.mRNA.1	PF17855:MCM_lid,PF06816:NOD
DIPPA_05352.mRNA.1	PF08265:YL1_C,PF06743:FAST_1
DIPPA_05363.mRNA.1	PF00646:F-box,PF02183:HALZ
DIPPA_05378.mRNA.1	PF00078:RVT_1,PF17917:RT_RNaseH
DIPPA_05381.mRNA.1	PF22038:PRC2_EED_ins,PF03372:Exo_endo_phos
DIPPA_05389.mRNA.1	PF12808:Mto2_bdg,PF08647:BRE1
DIPPA_05389.mRNA.2	PF12808:Mto2_bdg,PF15290:Syntaphilin
DIPPA_05390.mRNA.1	PF09026:CENP-B_dimeris,PF00595:PDZ,PF13240:zinc_ribbon_2
DIPPA_05390.mRNA.2	PF13776:DUF4172,PF09026:CENP-B_dimeris,PF00595:PDZ,PF13240:zinc_ribbon_2
DIPPA_05390.mRNA.3	PF09026:CENP-B_dimeris,PF00595:PDZ,PF13240:zinc_ribbon_2
DIPPA_05411.mRNA.1	PF19135:DUF5818,PF19135:DUF5818,PF19135:DUF5818
DIPPA_05414.mRNA.1	PF04821:TIMELESS,PF04821:TIMELESS
DIPPA_05417.mRNA.1	PF04978:DUF664,PF12329:TMF_DNA_bd
DIPPA_05420.mRNA.1	PF02777:Sod_Fe_C,PF02777:Sod_Fe_C
DIPPA_05422.mRNA.1	PF13428:TPR_14,PF01535:PPR
DIPPA_05423.mRNA.1	PF18961:DUF5703_N,PF18961:DUF5703_N
DIPPA_05425.mRNA.1	PF17217:UPA,PF00078:RVT_1,PF17919:RT_RNaseH_2
DIPPA_05426.mRNA.1	PF00075:RNase_H,PF14698:ASL_C2,PF13467:RHH_4
DIPPA_05431.mRNA.1	PF16594:ATP-synt_Z,PF13992:YecR,PF16594:ATP-synt_Z,PF13992:YecR
DIPPA_05448.mRNA.1	PF14570:zf-RING_4,PF14570:zf-RING_4
DIPPA_05463.mRNA.1	PF18313:TLP1_add_C,PF13432:TPR_16,PF00226:DnaJ
DIPPA_05470.mRNA.1	PF00225:Kinesin,PF00225:Kinesin
DIPPA_05488.mRNA.1	PF20406:SAM_KSR1_N,PF05377:FlaC_arch,PF20406:SAM_KSR1_N
DIPPA_05521.mRNA.1	PF01697:Glyco_transf_92,PF00024:PAN_1
DIPPA_05522.mRNA.1	PF00134:Cyclin_N,PF08239:SH3_3
DIPPA_05532.mRNA.1	PF09851:SHOCT,PF09409:PUB,PF19956:EAD2,PF09409:PUB,PF06886:TPX2
DIPPA_05540.mRNA.1	PF22867:YoaL,PF22867:YoaL
DIPPA_05546.mRNA.1	PF00041:fn3,PF00041:fn3,PF00041:fn3,PF00041:fn3,PF00041:fn3
DIPPA_05548.mRNA.1	PF22266:DUF6953,PF13440:Polysacc_synt_3
DIPPA_05551.mRNA.1	PF03153:TFIIA,PF13428:TPR_14,PF13428:TPR_14
DIPPA_05567.mRNA.1	PF00078:RVT_1,PF13801:Metal_resist,PF13456:RVT_3
DIPPA_05571.mRNA.1	PF14355:Abi_C,PF14355:Abi_C
DIPPA_05575.mRNA.1	PF18439:zf_UBZ,PF00078:RVT_1
DIPPA_05578.mRNA.1	PF03226:Yippee-Mis18,PF03226:Yippee-Mis18
DIPPA_05608.mRNA.1	PF22017:HP1454-like_C,PF11839:Alanine_zipper
DIPPA_05613.mRNA.1	PF00076:RRM_1,PF13865:FoP_duplication
DIPPA_05624.mRNA.1	PF01764:Lipase_3,PF12697:Abhydrolase_6
DIPPA_05631.mRNA.1	PF01011:PQQ,PF00400:WD40,PF06957:COPI_C
DIPPA_05638.mRNA.1	PF12773:DZR,PF13248:zf-ribbon_3
DIPPA_05639.mRNA.1	PF00078:RVT_1,PF15761:IMUP
DIPPA_05652.mRNA.1	PF13913:zf-C2HC_2,PF19460:DUF5997
DIPPA_05655.mRNA.1	PF10568:Tom37,PF17171:GST_C_6
DIPPA_05668.mRNA.1	PF01925:TauE,PF22251:PFF1_TM,PF01925:TauE
DIPPA_05677.mRNA.1	PF22833:DUF4524_C,PF15016:DUF4520
DIPPA_05678.mRNA.1	PF01925:TauE,PF01925:TauE
DIPPA_05688.mRNA.1	PF00078:RVT_1,PF00078:RVT_1
DIPPA_05689.mRNA.1	PF00734:CBM_1,PF00734:CBM_1,PF12128:DUF3584
DIPPA_05690.mRNA.1	PF00024:PAN_1,PF00024:PAN_1,PF00024:PAN_1,PF00024:PAN_1,PF00024:PAN_1,PF00024:PAN_1,PF00024:PAN_1,PF00024:PAN_1,PF00024:PAN_1
DIPPA_05695.mRNA.1	PF01080:Presenilin,PF03107:C1_2
DIPPA_05696.mRNA.1	PF12033:DUF3519,PF04799:Fzo_mitofusin,PF07889:DUF1664,PF21928:XLF_CC,PF18434:Kazal_3
DIPPA_05700.mRNA.1	PF16293:zf-C2H2_9,PF00589:Phage_integrase
DIPPA_05706.mRNA.1	PF15836:SSTK-IP,PF06156:YabA
DIPPA_05707.mRNA.1	PF05443:ROS_MUCR,PF19745:FUT8_N_cat
DIPPA_05712.mRNA.1	PF14671:DSPn,PF22784:PTP-SAK
DIPPA_05714.mRNA.1	PF02338:OTU,PF03372:Exo_endo_phos
DIPPA_05715.mRNA.1	PF06005:ZapB,PF05524:PEP-utilisers_N,PF05524:PEP-utilisers_N
DIPPA_05715.mRNA.2	PF06005:ZapB,PF05524:PEP-utilisers_N,PF05524:PEP-utilisers_N
DIPPA_05716.mRNA.1	PF00078:RVT_1,PF21803:Nab2-zf4,PF00075:RNase_H
DIPPA_05734.mRNA.1	PF00612:IQ,PF00612:IQ,PF00612:IQ,PF00612:IQ,PF00612:IQ,PF00612:IQ,PF00612:IQ,PF00612:IQ,PF00612:IQ,PF00612:IQ,PF00612:IQ
DIPPA_05740.mRNA.1	PF05266:DUF724,PF05266:DUF724
DIPPA_05769.mRNA.1	PF00589:Phage_integrase,PF00078:RVT_1,PF13974:YebO
DIPPA_05774.mRNA.1	PF01706:FliG_C,PF01706:FliG_C
DIPPA_05777.mRNA.1	PF18551:TackOD1,PF01129:ART
DIPPA_05782.mRNA.1	PF07544:Med9,PF15663:zf-CCCH_3
DIPPA_05785.mRNA.1	PF13385:Laminin_G_3,PF13385:Laminin_G_3,PF13385:Laminin_G_3,PF13385:Laminin_G_3,PF13385:Laminin_G_3,PF13385:Laminin_G_3,PF13385:Laminin_G_3,PF13385:Laminin_G_3
DIPPA_05788.mRNA.1	PF13913:zf-C2HC_2,PF19460:DUF5997
DIPPA_05790.mRNA.1	PF00612:IQ,PF05038:Cytochrom_B558a,PF07127:Nodulin_late
DIPPA_05794.mRNA.1	PF13041:PPR_2,PF22057:BACOVA_00961-like
DIPPA_05803.mRNA.1	PF07498:Rho_N,PF19695:DUF6195,PF19695:DUF6195
DIPPA_05820.mRNA.1	PF13432:TPR_16,PF07719:TPR_2
DIPPA_05822.mRNA.1	PF15387:DUF4611,PF14942:Muted
DIPPA_05823.mRNA.1	PF15837:DUF4716,PF05699:Dimer_Tnp_hAT
DIPPA_05827.mRNA.1	PF08313:SCA7,PF12907:zf-met2
DIPPA_05829.mRNA.1	PF08313:SCA7,PF12907:zf-met2
DIPPA_05830.mRNA.1	PF08313:SCA7,PF12907:zf-met2
DIPPA_05831.mRNA.1	PF00078:RVT_1,PF15451:DUF4632
DIPPA_05834.mRNA.1	PF16808:PKcGMP_CC,PF21835:YIEGIA_cap,PF11320:DUF3122
DIPPA_05837.mRNA.1	PF13499:EF-hand_7,PF06160:EzrA,PF06160:EzrA
DIPPA_05839.mRNA.1	PF03372:Exo_endo_phos,PF19955:EAD1,PF12776:Myb_DNA-bind_3,PF00078:RVT_1
DIPPA_05844.mRNA.1	PF00313:CSD,PF08430:Forkhead_N
DIPPA_05845.mRNA.1	PF00313:CSD,PF02535:Zip
DIPPA_05848.mRNA.1	PF04119:HSP9_HSP12,PF04119:HSP9_HSP12,PF04119:HSP9_HSP12,PF04119:HSP9_HSP12,PF04119:HSP9_HSP12
DIPPA_05860.mRNA.1	PF00313:CSD,PF16208:Keratin_2_head
DIPPA_05861.mRNA.1	PF00313:CSD,PF16208:Keratin_2_head
DIPPA_05862.mRNA.1	PF13718:GNAT_acetyltr_2,PF00085:Thioredoxin,PF18004:RPN2_C
DIPPA_05865.mRNA.1	PF04513:Baculo_PEP_C,PF13180:PDZ_2
DIPPA_05865.mRNA.2	PF08690:GET2,PF04513:Baculo_PEP_C,PF07200:Mod_r
DIPPA_05876.mRNA.1	PF18317:SDH_C,PF10551:MULE,PF02945:Endonuclease_7
DIPPA_05894.mRNA.1	PF05676:NDUF_B7,PF10203:Pet191_N,PF16860:CX9C
DIPPA_05898.mRNA.1	PF08826:DMPK_coil,PF04201:TPD52,PF19619:DUF6124,PF22872:DUF7018,PF12325:TMF_TATA_bd,PF13863:DUF4200,PF12325:TMF_TATA_bd
DIPPA_05898.mRNA.2	PF08826:DMPK_coil,PF04201:TPD52,PF19619:DUF6124,PF22872:DUF7018,PF12325:TMF_TATA_bd,PF13863:DUF4200,PF12325:TMF_TATA_bd
DIPPA_05915.mRNA.1	PF22544:HYDIN_VesB_CFA65-like_Ig,PF22544:HYDIN_VesB_CFA65-like_Ig,PF21310:OCRL-like_ASH,PF22544:HYDIN_VesB_CFA65-like_Ig,PF22544:HYDIN_VesB_CFA65-like_Ig,PF22544:HYDIN_VesB_CFA65-like_Ig,PF22544:HYDIN_VesB_CFA65-like_Ig,PF22544:HYDIN_VesB_CFA65-like_Ig,PF22544:HYDIN_VesB_CFA65-like_Ig,PF22065:Cep192_D7,PF22073:Cep192_D4,PF22073:Cep192_D4,PF22544:HYDIN_VesB_CFA65-like_Ig
DIPPA_05916.mRNA.1	PF21687:T2SSK_1st,PF15905:HMMR_N
DIPPA_05928.mRNA.1	PF17650:RACo_linker,PF20878:REST_helical
DIPPA_05936.mRNA.1	PF09073:BUD22,PF00872:Transposase_mut,PF04434:SWIM
DIPPA_05938.mRNA.1	PF00589:Phage_integrase,PF00078:RVT_1
DIPPA_05939.mRNA.1	PF00024:PAN_1,PF00024:PAN_1,PF00024:PAN_1
DIPPA_05946.mRNA.1	PF00400:WD40,PF00400:WD40
DIPPA_05954.mRNA.1	PF06705:SF-assemblin,PF11068:YlqD,PF04108:ATG17_like,PF06705:SF-assemblin
DIPPA_05955.mRNA.1	PF17820:PDZ_6,PF17820:PDZ_6
DIPPA_05959.mRNA.1	PF08359:TetR_C_4,PF08359:TetR_C_4
DIPPA_05965.mRNA.1	PF03992:ABM,PF03992:ABM
DIPPA_05966.mRNA.1	PF04562:Dicty_spore_N,PF04562:Dicty_spore_N
DIPPA_05971.mRNA.1	PF10167:BORCS8,PF10167:BORCS8
DIPPA_05973.mRNA.1	PF10571:UPF0547,PF21639:ORC5_lid
DIPPA_05976.mRNA.1	PF00075:RNase_H,PF00075:RNase_H
DIPPA_05977.mRNA.1	PF13913:zf-C2HC_2,PF19460:DUF5997
DIPPA_05990.mRNA.1	PF01925:TauE,PF06460:CoV_Methyltr_2,PF01925:TauE
DIPPA_05996.mRNA.1	PF07004:SHIPPO-rpt,PF07004:SHIPPO-rpt,PF07004:SHIPPO-rpt,PF07004:SHIPPO-rpt,PF07004:SHIPPO-rpt
DIPPA_06008.mRNA.1	PF07763:FEZ,PF10571:UPF0547
DIPPA_06009.mRNA.1	PF12895:ANAPC3,PF07719:TPR_2,PF12648:TcpE
DIPPA_06009.mRNA.2	PF13432:TPR_16,PF07719:TPR_2,PF12583:TPPII_C,PF12648:TcpE
DIPPA_06027.mRNA.1	PF21185:RecD_N,PF08070:DTHCT
DIPPA_06029.mRNA.1	PF00078:RVT_1,PF00075:RNase_H
DIPPA_06056.mRNA.1	PF00130:C1_1,PF00130:C1_1,PF20917:AsnRS_N
DIPPA_06062.mRNA.1	PF18044:zf-CCCH_4,PF13679:Methyltransf_32
DIPPA_06064.mRNA.1	PF00078:RVT_1,PF17917:RT_RNaseH
DIPPA_06066.mRNA.1	PF00078:RVT_1,PF00078:RVT_1
DIPPA_06074.mRNA.1	PF00075:RNase_H,PF00075:RNase_H
DIPPA_06085.mRNA.1	PF01494:FAD_binding_3,PF21274:Rng_hyd_C
DIPPA_06087.mRNA.1	PF00042:Globin,PF00042:Globin,PF00173:Cyt-b5
DIPPA_06096.mRNA.1	PF00313:CSD,PF00313:CSD,PF00313:CSD,PF00313:CSD,PF00313:CSD,PF00313:CSD,PF00313:CSD,PF00293:NUDIX
DIPPA_06099.mRNA.1	PF00754:F5_F8_type_C,PF00754:F5_F8_type_C
DIPPA_06121.mRNA.1	PF22394:AfAlkA-like_TBP-like,PF13966:zf-RVT
DIPPA_06123.mRNA.1	PF17837:4PPT_N,PF18911:PKD_4,PF11790:Glyco_hydro_cc,PF03944:Endotoxin_C,PF16933:PelG
DIPPA_06125.mRNA.1	PF00078:RVT_1,PF00078:RVT_1,PF00078:RVT_1
DIPPA_06135.mRNA.1	PF08948:PRD1_P5_spike_N,PF06679:DUF1180,PF04403:PqiA,PF04403:PqiA
DIPPA_06136.mRNA.1	PF08545:ACP_syn_III,PF04403:PqiA,PF04403:PqiA
DIPPA_06139.mRNA.1	PF00078:RVT_1,PF17917:RT_RNaseH
DIPPA_06145.mRNA.1	PF09770:PAT1,PF02924:HDPD,PF03107:C1_2
DIPPA_06149.mRNA.1	PF13812:PPR_3,PF13812:PPR_3
DIPPA_06159.mRNA.1	PF01485:IBR,PF00098:zf-CCHC
DIPPA_06164.mRNA.1	PF07004:SHIPPO-rpt,PF07004:SHIPPO-rpt
DIPPA_06171.mRNA.1	PF13041:PPR_2,PF13041:PPR_2,PF13041:PPR_2
DIPPA_06172.mRNA.1	PF04434:SWIM,PF15325:MRI
DIPPA_06172.mRNA.2	PF04434:SWIM,PF15325:MRI
DIPPA_06177.mRNA.1	PF06632:XRCC4,PF17675:APG6_N
DIPPA_06191.mRNA.1	PF01432:Peptidase_M3,PF06286:Coleoptericin
DIPPA_06192.mRNA.1	PF16293:zf-C2H2_9,PF00589:Phage_integrase
DIPPA_06200.mRNA.1	PF10205:KLRAQ,PF14565:IL22
DIPPA_06214.mRNA.1	PF00226:DnaJ,PF01080:Presenilin
DIPPA_06215.mRNA.1	PF12796:Ank_2,PF00779:BTK,PF00622:SPRY
DIPPA_06217.mRNA.1	PF05517:p25-alpha,PF03153:TFIIA
DIPPA_06218.mRNA.1	PF05899:Cupin_3,PF07534:TLD
DIPPA_06227.mRNA.1	PF13516:LRR_6,PF08946:Osmo_CC,PF00458:WHEP-TRS,PF04564:U-box
DIPPA_06232.mRNA.1	PF00642:zf-CCCH,PF01496:V_ATPase_I
DIPPA_06232.mRNA.2	PF00642:zf-CCCH,PF01496:V_ATPase_I
DIPPA_06240.mRNA.1	PF00024:PAN_1,PF00024:PAN_1,PF00024:PAN_1,PF00059:Lectin_C
DIPPA_06240.mRNA.2	PF00024:PAN_1,PF00024:PAN_1,PF00024:PAN_1,PF00059:Lectin_C
DIPPA_06252.mRNA.1	PF21720:MIOS_WD40,PF21720:MIOS_WD40,PF17120:zf-RING_16
DIPPA_06255.mRNA.1	PF14932:HAUS-augmin3,PF02183:HALZ
DIPPA_06258.mRNA.2	PF16788:ATF7IP_BD,PF15035:Rootletin
DIPPA_06264.mRNA.1	PF22433:MtxA_IG-like,PF22433:MtxA_IG-like
DIPPA_06266.mRNA.1	PF10374:EST1,PF10373:EST1_DNA_bind
DIPPA_06273.mRNA.1	PF02892:zf-BED,PF05699:Dimer_Tnp_hAT
DIPPA_06281.mRNA.1	PF21795:JAG1-like_EGF2,PF08545:ACP_syn_III,PF18565:Glyco_hydro2_C5,PF20806:Integrin_A_Ig_3
DIPPA_06281.mRNA.2	PF21795:JAG1-like_EGF2,PF08545:ACP_syn_III,PF18565:Glyco_hydro2_C5,PF20806:Integrin_A_Ig_3
DIPPA_06281.mRNA.3	PF21795:JAG1-like_EGF2,PF08545:ACP_syn_III,PF18565:Glyco_hydro2_C5,PF20806:Integrin_A_Ig_3
DIPPA_06283.mRNA.1	PF08948:PRD1_P5_spike_N,PF04403:PqiA,PF04403:PqiA
DIPPA_06289.mRNA.1	PF08948:PRD1_P5_spike_N,PF04403:PqiA,PF04403:PqiA
DIPPA_06313.mRNA.1	PF21032:PROPPIN,PF00400:WD40
DIPPA_06319.mRNA.1	PF00621:RhoGEF,PF00169:PH
DIPPA_06323.mRNA.1	PF00642:zf-CCCH,PF00642:zf-CCCH,PF18345:zf_CCCH_4
DIPPA_06324.mRNA.1	PF18879:EspA_EspE,PF02260:FATC
DIPPA_06328.mRNA.1	PF21827:New_glue,PF21827:New_glue
DIPPA_06337.mRNA.1	PF08467:Luteo_P1-P2,PF00589:Phage_integrase
DIPPA_06339.mRNA.1	PF20692:cpSF2-GREB1,PF20692:cpSF2-GREB1,PF20692:cpSF2-GREB1
DIPPA_06355.mRNA.1	PF13519:VWA_2,PF13519:VWA_2,PF13456:RVT_3
DIPPA_06364.mRNA.1	PF17917:RT_RNaseH,PF14692:DUF4462
DIPPA_06366.mRNA.1	PF00036:EF-hand_1,PF00036:EF-hand_1
DIPPA_06367.mRNA.1	PF02575:YbaB_DNA_bd,PF00752:XPG_N
DIPPA_06383.mRNA.1	PF01586:Basic,PF21079:GDH_HM2,PF21079:GDH_HM2
DIPPA_06386.mRNA.1	PF09026:CENP-B_dimeris,PF10614:CsgF
DIPPA_06387.mRNA.1	PF13812:PPR_3,PF13812:PPR_3,PF13812:PPR_3
DIPPA_06391.mRNA.1	PF15011:CA109-like,PF15011:CA109-like
DIPPA_06393.mRNA.1	PF02150:RNA_POL_M_15KD,PF09151:DUF1936,PF13717:zinc_ribbon_4
DIPPA_06398.mRNA.1	PF13842:Tnp_zf-ribbon_2,PF00078:RVT_1
DIPPA_06405.mRNA.1	PF04627:ATP-synt_Eps,PF17919:RT_RNaseH_2
DIPPA_06427.mRNA.1	PF03094:Mlo,PF08229:SHR3_chaperone,PF08229:SHR3_chaperone
DIPPA_06429.mRNA.1	PF00479:G6PD_N,PF02781:G6PD_C
DIPPA_06431.mRNA.1	PF12152:eIF_4G1,PF00505:HMG_box,PF00505:HMG_box
DIPPA_06432.mRNA.1	PF03105:SPX,PF22638:FlgK_D1
DIPPA_06443.mRNA.1	PF01876:RNase_P_p30,PF01690:PLRV_ORF5
DIPPA_06467.mRNA.1	PF21639:ORC5_lid,PF01129:ART,PF01129:ART
DIPPA_06469.mRNA.1	PF13555:AAA_29,PF15914:FAM193_C
DIPPA_06476.mRNA.1	PF07498:Rho_N,PF19695:DUF6195,PF19695:DUF6195
DIPPA_06488.mRNA.1	PF16431:DUF5028,PF01437:PSI,PF16431:DUF5028,PF01437:PSI,PF15102:TMEM154
DIPPA_06491.mRNA.1	PF00078:RVT_1,PF00078:RVT_1
DIPPA_06496.mRNA.1	PF00078:RVT_1,PF00078:RVT_1
DIPPA_06499.mRNA.1	PF00078:RVT_1,PF00078:RVT_1
DIPPA_06501.mRNA.1	PF05598:DUF772,PF00078:RVT_1,PF00078:RVT_1
DIPPA_06518.mRNA.1	PF13401:AAA_22,PF10263:SprT-like
DIPPA_06522.mRNA.1	PF07707:BACK,PF07707:BACK
DIPPA_06535.mRNA.1	PF00589:Phage_integrase,PF00589:Phage_integrase,PF18885:DUF5648
DIPPA_06551.mRNA.1	PF17820:PDZ_6,PF03153:TFIIA
DIPPA_06552.mRNA.1	PF13827:DUF4189,PF22331:Sas-6-like_oligomerization
DIPPA_06564.mRNA.1	PF13287:Fn3_assoc,PF13913:zf-C2HC_2,PF13913:zf-C2HC_2
DIPPA_06564.mRNA.2	PF13287:Fn3_assoc,PF13913:zf-C2HC_2,PF13913:zf-C2HC_2
DIPPA_06569.mRNA.1	PF13388:DUF4106,PF00188:CAP
DIPPA_06576.mRNA.1	PF03351:DOMON,PF03351:DOMON,PF02203:TarH
DIPPA_06577.mRNA.1	PF00270:DEAD,PF00271:Helicase_C
DIPPA_06586.mRNA.1	PF00240:ubiquitin,PF16619:SUIM_assoc
DIPPA_06591.mRNA.1	PF00078:RVT_1,PF17917:RT_RNaseH
DIPPA_06595.mRNA.2	PF16617:INTAP,PF07735:FBA_2
DIPPA_06595.mRNA.3	PF16617:INTAP,PF07735:FBA_2
DIPPA_06600.mRNA.1	PF03094:Mlo,PF09835:DUF2062
DIPPA_06605.mRNA.1	PF01804:Penicil_amidase,PF01804:Penicil_amidase
DIPPA_06613.mRNA.1	PF03372:Exo_endo_phos,PF00078:RVT_1
DIPPA_06616.mRNA.1	PF17284:Spermine_synt_N,PF01564:Spermine_synth
DIPPA_06620.mRNA.1	PF00612:IQ,PF00612:IQ,PF00612:IQ
DIPPA_06630.mRNA.1	PF16204:BDHCT_assoc,PF04272:Phospholamban
DIPPA_06649.mRNA.1	PF06936:Selenoprotein_S,PF04577:Glyco_transf_61
DIPPA_06650.mRNA.1	PF20750:PAP_NTPase,PF04928:PAP_central,PF04926:PAP_RNA-bind
DIPPA_06656.mRNA.1	PF19224:pATOM36,PF01302:CAP_GLY
DIPPA_06669.mRNA.1	PF17060:MPS2,PF17060:MPS2
DIPPA_06673.mRNA.1	PF05918:API5,PF13385:Laminin_G_3
DIPPA_06685.mRNA.1	PF00093:VWC,PF00093:VWC,PF00093:VWC,PF00093:VWC,PF00093:VWC,PF00093:VWC,PF00093:VWC,PF14283:DUF4366
DIPPA_06687.mRNA.1	PF04615:Utp14,PF04615:Utp14
DIPPA_06700.mRNA.1	PF00023:Ank,PF13696:zf-CCHC_2,PF10275:Peptidase_C65
DIPPA_06705.mRNA.1	PF04509:CheC,PF04509:CheC,PF04509:CheC,PF04509:CheC,PF04509:CheC,PF04509:CheC,PF04509:CheC,PF04509:CheC,PF04509:CheC,PF04509:CheC,PF04509:CheC
DIPPA_06709.mRNA.1	PF00078:RVT_1,PF13456:RVT_3
DIPPA_06714.mRNA.1	PF00313:CSD,PF00313:CSD,PF00313:CSD
DIPPA_06716.mRNA.1	PF00313:CSD,PF00313:CSD,PF00313:CSD
DIPPA_06723.mRNA.1	PF02845:CUE,PF02845:CUE
DIPPA_06733.mRNA.1	PF00320:GATA,PF04901:RAMP
DIPPA_06738.mRNA.1	PF13248:zf-ribbon_3,PF13248:zf-ribbon_3
DIPPA_06769.mRNA.1	PF16859:TetR_C_11,PF16859:TetR_C_11
DIPPA_06773.mRNA.1	PF12033:DUF3519,PF21928:XLF_CC,PF18434:Kazal_3
DIPPA_06774.mRNA.1	PF12951:PATR,PF12951:PATR,PF15979:Glyco_hydro_115,PF19190:BACON_2,PF17829:GH115_C,PF13620:CarboxypepD_reg
DIPPA_06775.mRNA.1	PF13299:CPSF100_C,PF00076:RRM_1
DIPPA_06778.mRNA.1	PF13913:zf-C2HC_2,PF19460:DUF5997
DIPPA_06788.mRNA.1	PF03889:ArfA,PF03889:ArfA
DIPPA_06790.mRNA.1	PF05557:MAD,PF20271:CATASP
DIPPA_06797.mRNA.1	PF00098:zf-CCHC,PF00098:zf-CCHC
DIPPA_06809.mRNA.1	PF03189:Otopetrin,PF20214:DUF6574
DIPPA_06814.mRNA.1	PF05598:DUF772,PF00078:RVT_1,PF00078:RVT_1
DIPPA_06815.mRNA.1	PF10571:UPF0547,PF21639:ORC5_lid
DIPPA_06824.mRNA.1	PF00168:C2,PF00168:C2
DIPPA_06829.mRNA.1	PF12627:PolyA_pol_RNAbd,PF12627:PolyA_pol_RNAbd
DIPPA_06831.mRNA.1	PF13428:TPR_14,PF01535:PPR,PF01535:PPR
DIPPA_06837.mRNA.1	PF13537:GATase_7,PF13537:GATase_7
DIPPA_06848.mRNA.1	PF02985:HEAT,PF02985:HEAT,PF02985:HEAT,PF02985:HEAT
DIPPA_06877.mRNA.1	PF12795:MscS_porin,PF14712:Snapin_Pallidin
DIPPA_06880.mRNA.1	PF00400:WD40,PF00400:WD40,PF00261:Tropomyosin,PF22715:SNaCT9
DIPPA_06882.mRNA.1	PF04613:LpxD,PF04613:LpxD
DIPPA_06887.mRNA.1	PF19529:DUF6057,PF13782:SpoVAB
DIPPA_06901.mRNA.1	PF12773:DZR,PF13248:zf-ribbon_3,PF12773:DZR,PF12773:DZR,PF18912:DZR_2
DIPPA_06902.mRNA.1	PF17820:PDZ_6,PF17820:PDZ_6
DIPPA_06902.mRNA.2	PF17820:PDZ_6,PF17820:PDZ_6
DIPPA_06907.mRNA.1	PF13041:PPR_2,PF13041:PPR_2,PF22448:RepB_primase_C
DIPPA_06909.mRNA.1	PF00036:EF-hand_1,PF00036:EF-hand_1
DIPPA_06911.mRNA.1	PF14768:RPA_interact_C,PF14768:RPA_interact_C
DIPPA_06913.mRNA.1	PF00589:Phage_integrase,PF00589:Phage_integrase,PF18885:DUF5648
DIPPA_06915.mRNA.1	PF19941:DUF6403,PF19941:DUF6403
DIPPA_06920.mRNA.1	PF00307:CH,PF14931:IFT20
DIPPA_06921.mRNA.1	PF00169:PH,PF00169:PH
DIPPA_06925.mRNA.1	PF13431:TPR_17,PF01496:V_ATPase_I
DIPPA_06939.mRNA.1	PF12325:TMF_TATA_bd,PF12325:TMF_TATA_bd
DIPPA_06941.mRNA.1	PF19941:DUF6403,PF19941:DUF6403
DIPPA_06942.mRNA.1	PF12796:Ank_2,PF12796:Ank_2
DIPPA_06959.mRNA.1	PF06011:TRP,PF06011:TRP
DIPPA_06966.mRNA.1	PF13851:GAS,PF13851:GAS,PF10473:CENP-F_leu_zip
DIPPA_06967.mRNA.1	PF16959:Collectrin,PF05534:HicB,PF05534:HicB
DIPPA_06978.mRNA.1	PF18044:zf-CCCH_4,PF18044:zf-CCCH_4
DIPPA_06979.mRNA.1	PF10796:Anti-adapt_IraP,PF08614:ATG16
DIPPA_06989.mRNA.1	PF06664:WLS-like_TM,PF19254:DUF5901
DIPPA_06997.mRNA.1	PF11875:DnaJ-like_C11_C,PF11875:DnaJ-like_C11_C
DIPPA_07009.mRNA.1	PF22216:Sas-6_C_CC,PF22216:Sas-6_C_CC
DIPPA_07018.mRNA.1	PF13851:GAS,PF08059:SEP,PF00789:UBX
DIPPA_07024.mRNA.1	PF04360:Serglycin,PF17675:APG6_N,PF17675:APG6_N,PF17675:APG6_N
DIPPA_07027.mRNA.1	PF12796:Ank_2,PF12796:Ank_2,PF00023:Ank,PF00023:Ank,PF12796:Ank_2,PF12796:Ank_2,PF12796:Ank_2,PF12796:Ank_2,PF12796:Ank_2,PF12796:Ank_2
DIPPA_07036.mRNA.1	PF13383:Methyltransf_22,PF13383:Methyltransf_22
DIPPA_07064.mRNA.1	PF00078:RVT_1,PF17919:RT_RNaseH_2
DIPPA_07065.mRNA.1	PF06210:DUF1003,PF13191:AAA_16
DIPPA_07072.mRNA.1	PF00096:zf-C2H2,PF00078:RVT_1
DIPPA_07081.mRNA.1	PF18977:DUF5713,PF18977:DUF5713
DIPPA_07082.mRNA.1	PF00520:Ion_trans,PF00520:Ion_trans,PF08016:PKD_channel,PF00520:Ion_trans,PF00520:Ion_trans,PF16905:GPHH,PF00612:IQ
DIPPA_07088.mRNA.1	PF06701:MIB_HERC2,PF06701:MIB_HERC2,PF00536:SAM_1
DIPPA_07091.mRNA.1	PF04810:zf-Sec23_Sec24,PF04811:Sec23_trunk,PF08033:Sec23_BS,PF04815:Sec23_helical,PF00626:Gelsolin
DIPPA_07092.mRNA.1	PF14908:HU-CCDC81_euk_1,PF18289:HU-CCDC81_euk_2,PF13499:EF-hand_7,PF13499:EF-hand_7
DIPPA_07097.mRNA.1	PF07716:bZIP_2,PF00355:Rieske
DIPPA_07097.mRNA.2	PF07716:bZIP_2,PF00355:Rieske
DIPPA_07098.mRNA.2	PF05761:5_nucleotid,PF20117:DUF6507
DIPPA_07103.mRNA.1	PF14200:RicinB_lectin_2,PF14200:RicinB_lectin_2,PF14200:RicinB_lectin_2,PF14200:RicinB_lectin_2,PF14200:RicinB_lectin_2,PF14200:RicinB_lectin_2,PF14200:RicinB_lectin_2,PF14200:RicinB_lectin_2,PF14200:RicinB_lectin_2,PF14200:RicinB_lectin_2,PF14200:RicinB_lectin_2,PF14200:RicinB_lectin_2,PF14200:RicinB_lectin_2,PF14200:RicinB_lectin_2,PF14200:RicinB_lectin_2,PF14200:RicinB_lectin_2,PF14200:RicinB_lectin_2
DIPPA_07103.mRNA.2	PF14200:RicinB_lectin_2,PF14200:RicinB_lectin_2,PF14200:RicinB_lectin_2,PF14200:RicinB_lectin_2,PF14200:RicinB_lectin_2,PF14200:RicinB_lectin_2,PF14200:RicinB_lectin_2,PF14200:RicinB_lectin_2,PF14200:RicinB_lectin_2,PF14200:RicinB_lectin_2,PF14200:RicinB_lectin_2,PF14200:RicinB_lectin_2,PF14200:RicinB_lectin_2,PF14200:RicinB_lectin_2,PF14200:RicinB_lectin_2,PF14200:RicinB_lectin_2,PF14200:RicinB_lectin_2,PF14200:RicinB_lectin_2
DIPPA_07106.mRNA.1	PF18281:BILBO1_N,PF13499:EF-hand_7
DIPPA_07116.mRNA.1	PF12937:F-box-like,PF00134:Cyclin_N,PF02984:Cyclin_C
DIPPA_07117.mRNA.1	PF13152:DUF3967,PF02724:CDC45
DIPPA_07141.mRNA.1	PF17820:PDZ_6,PF10500:SR-25
DIPPA_07145.mRNA.1	PF09316:Cmyb_C,PF00589:Phage_integrase
DIPPA_07147.mRNA.3	PF08990:Docking,PF08990:Docking
DIPPA_07151.mRNA.1	PF01363:FYVE,PF13639:zf-RING_2
DIPPA_07156.mRNA.1	PF00169:PH,PF18035:Bap31_Bap29_C,PF21928:XLF_CC,PF09269:DUF1967,PF20184:DUF6547,PF03475:YiiM_3-alpha,PF07624:PSD2,PF03937:Sdh5,PF09280:XPC-binding,PF06701:MIB_HERC2
DIPPA_07162.mRNA.1	PF01697:Glyco_transf_92,PF14295:PAN_4
DIPPA_07175.mRNA.1	PF01697:Glyco_transf_92,PF14295:PAN_4
DIPPA_07180.mRNA.1	PF12697:Abhydrolase_6,PF13542:HTH_Tnp_ISL3
DIPPA_07182.mRNA.1	PF03961:FapA,PF21121:Nup49_C,PF20769:YPEB_N,PF20769:YPEB_N,PF03961:FapA
DIPPA_07184.mRNA.1	PF00078:RVT_1,PF15451:DUF4632
DIPPA_07185.mRNA.1	PF12951:PATR,PF12951:PATR
DIPPA_07191.mRNA.1	PF11040:DGF-1_C,PF06011:TRP
DIPPA_07207.mRNA.1	PF22207:MCM3_WHD,PF22207:MCM3_WHD
DIPPA_07212.mRNA.1	PF00078:RVT_1,PF13456:RVT_3
DIPPA_07228.mRNA.1	PF07172:GRP,PF09651:Cas_APE2256,PF05889:SepSecS,PF06374:NDUF_C2
DIPPA_07231.mRNA.1	PF00350:Dynamin_N,PF09209:CecR_C,PF09209:CecR_C
DIPPA_07235.mRNA.1	PF05699:Dimer_Tnp_hAT,PF00078:RVT_1
DIPPA_07237.mRNA.1	PF08467:Luteo_P1-P2,PF00589:Phage_integrase
DIPPA_07251.mRNA.1	PF00078:RVT_1,PF00078:RVT_1
DIPPA_07267.mRNA.1	PF10659:Trypan_glycop_C,PF13385:Laminin_G_3
DIPPA_07280.mRNA.1	PF13542:HTH_Tnp_ISL3,PF13542:HTH_Tnp_ISL3
DIPPA_07282.mRNA.1	PF00092:VWA,PF00092:VWA
DIPPA_07283.mRNA.2	PF00092:VWA,PF06707:DUF1194,PF00092:VWA,PF00092:VWA,PF00092:VWA,PF00092:VWA,PF00092:VWA,PF00092:VWA,PF00092:VWA
DIPPA_07285.mRNA.1	PF06818:Fez1,PF06818:Fez1
DIPPA_07304.mRNA.1	PF16535:T3SSipB,PF12237:PCIF1_WW
DIPPA_07308.mRNA.1	PF09605:Trep_Strep,PF09605:Trep_Strep
DIPPA_07311.mRNA.1	PF00240:ubiquitin,PF00642:zf-CCCH,PF00642:zf-CCCH
DIPPA_07315.mRNA.1	PF08614:ATG16,PF08614:ATG16,PF08614:ATG16,PF10054:DUF2291,PF16808:PKcGMP_CC,PF08614:ATG16
DIPPA_07317.mRNA.1	PF01033:Somatomedin_B,PF01033:Somatomedin_B,PF01033:Somatomedin_B,PF01033:Somatomedin_B
DIPPA_07343.mRNA.1	PF00400:WD40,PF00400:WD40,PF00400:WD40,PF00400:WD40
DIPPA_07347.mRNA.1	PF20080:ALTTAQ_rpt,PF20080:ALTTAQ_rpt
DIPPA_07366.mRNA.1	PF00092:VWA,PF07974:EGF_2
DIPPA_07369.mRNA.1	PF16227:DUF4886,PF16227:DUF4886
DIPPA_07382.mRNA.1	PF00589:Phage_integrase,PF00589:Phage_integrase,PF18885:DUF5648
DIPPA_07394.mRNA.1	PF13516:LRR_6,PF12799:LRR_4,PF13855:LRR_8
DIPPA_07406.mRNA.1	PF00027:cNMP_binding,PF00027:cNMP_binding
DIPPA_07415.mRNA.1	PF20175:Tra1_central,PF13578:Methyltransf_24
DIPPA_07415.mRNA.2	PF20175:Tra1_central,PF13578:Methyltransf_24
DIPPA_07415.mRNA.3	PF20175:Tra1_central,PF13578:Methyltransf_24
DIPPA_07424.mRNA.1	PF22628:zf-CCCH_10,PF22628:zf-CCCH_10
DIPPA_07427.mRNA.1	PF13855:LRR_8,PF12799:LRR_4
DIPPA_07430.mRNA.1	PF02338:OTU,PF10275:Peptidase_C65
DIPPA_07431.mRNA.1	PF02338:OTU,PF10275:Peptidase_C65
DIPPA_07446.mRNA.1	PF00536:SAM_1,PF00013:KH_1
DIPPA_07448.mRNA.1	PF01266:DAO,PF19735:DUF6225,PF01593:Amino_oxidase
DIPPA_07450.mRNA.1	PF01266:DAO,PF17042:NBD_C
DIPPA_07451.mRNA.1	PF01266:DAO,PF17042:NBD_C
DIPPA_07453.mRNA.1	PF00036:EF-hand_1,PF10591:SPARC_Ca_bdg,PF00036:EF-hand_1
DIPPA_07453.mRNA.2	PF00036:EF-hand_1,PF10591:SPARC_Ca_bdg,PF00036:EF-hand_1
DIPPA_07455.mRNA.1	PF06807:Clp1,PF13424:TPR_12,PF07719:TPR_2,PF13181:TPR_8,PF00533:BRCT
DIPPA_07465.mRNA.1	PF14090:HTH_39,PF08227:DASH_Hsk3,PF20438:SpoIVA_middle
DIPPA_07476.mRNA.1	PF13202:EF-hand_5,PF17254:DUF5321
DIPPA_07490.mRNA.1	PF11707:Npa1,PF11707:Npa1,PF16201:NopRA1
DIPPA_07496.mRNA.1	PF00589:Phage_integrase,PF00589:Phage_integrase,PF18885:DUF5648
DIPPA_07497.mRNA.1	PF17217:UPA,PF00078:RVT_1,PF17919:RT_RNaseH_2
DIPPA_07504.mRNA.1	PF00872:Transposase_mut,PF05699:Dimer_Tnp_hAT
DIPPA_07509.mRNA.1	PF00078:RVT_1,PF00078:RVT_1
DIPPA_07512.mRNA.1	PF15035:Rootletin,PF11892:PpnN_C,PF16516:CC2-LZ
DIPPA_07527.mRNA.1	PF13424:TPR_12,PF00632:HECT
DIPPA_07527.mRNA.2	PF13424:TPR_12,PF00632:HECT
DIPPA_07536.mRNA.1	PF13236:CLU,PF12807:eIF3_p135
DIPPA_07538.mRNA.1	PF05793:TFIIF_alpha,PF05793:TFIIF_alpha
DIPPA_07538.mRNA.2	PF05793:TFIIF_alpha,PF05793:TFIIF_alpha
DIPPA_07547.mRNA.1	PF13385:Laminin_G_3,PF15902:Sortilin-Vps10,PF15902:Sortilin-Vps10
DIPPA_07553.mRNA.1	PF20270:CATRA-C,PF13487:HD_5
DIPPA_07554.mRNA.1	PF14389:Lzipper-MIP1,PF00038:Filament,PF22931:TNK-like_SAM
DIPPA_07567.mRNA.1	PF18294:Pept_S41_N,PF18967:PycTM,PF00211:Guanylate_cyc
DIPPA_07569.mRNA.1	PF10267:Tmemb_cc2,PF15249:GLTSCR1
DIPPA_07578.mRNA.1	PF00976:ACTH_domain,PF01764:Lipase_3,PF01363:FYVE
DIPPA_07592.mRNA.1	PF05598:DUF772,PF00078:RVT_1,PF00078:RVT_1
DIPPA_07593.mRNA.1	PF20560:MotA_N,PF00078:RVT_1
DIPPA_07599.mRNA.1	PF00628:PHD,PF00668:Condensation
DIPPA_07600.mRNA.1	PF00754:F5_F8_type_C,PF07219:HemY_N
DIPPA_07602.mRNA.1	PF00397:WW,PF00397:WW,PF00397:WW,PF00628:PHD,PF00668:Condensation
DIPPA_07606.mRNA.1	PF04119:HSP9_HSP12,PF04119:HSP9_HSP12,PF04119:HSP9_HSP12,PF03482:SIC,PF04119:HSP9_HSP12
DIPPA_07606.mRNA.2	PF04119:HSP9_HSP12,PF04119:HSP9_HSP12,PF04119:HSP9_HSP12,PF03482:SIC,PF04119:HSP9_HSP12
DIPPA_07623.mRNA.1	PF00170:bZIP_1,PF20993:CENPH
DIPPA_07642.mRNA.1	PF00078:RVT_1,PF00847:AP2,PF00078:RVT_1,PF00847:AP2
DIPPA_07652.mRNA.1	PF06361:RTBV_P12,PF03551:PadR,PF00642:zf-CCCH
DIPPA_07655.mRNA.1	PF08007:JmjC_2,PF08007:JmjC_2
DIPPA_07673.mRNA.1	PF04912:Dynamitin,PF14257:DUF4349
DIPPA_07680.mRNA.1	PF11523:DUF3223,PF08777:RRM_3
DIPPA_07690.mRNA.1	PF00078:RVT_1,PF00078:RVT_1
DIPPA_07693.mRNA.1	PF19893:DUF6366,PF20882:Sos7,PF19893:DUF6366
DIPPA_07723.mRNA.1	PF00069:Pkinase,PF08177:SspN,PF08177:SspN
DIPPA_07726.mRNA.1	PF00076:RRM_1,PF00076:RRM_1
DIPPA_07730.mRNA.1	PF00467:KOW,PF16060:DUF4802
DIPPA_07744.mRNA.1	PF10551:MULE,PF00039:fn1,PF00098:zf-CCHC
DIPPA_07747.mRNA.1	PF10571:UPF0547,PF21639:ORC5_lid
DIPPA_07752.mRNA.1	PF00078:RVT_1,PF00078:RVT_1
DIPPA_07775.mRNA.1	PF09849:DUF2076,PF13499:EF-hand_7,PF13499:EF-hand_7,PF13499:EF-hand_7
DIPPA_07777.mRNA.1	PF18281:BILBO1_N,PF13499:EF-hand_7
DIPPA_07793.mRNA.1	PF12796:Ank_2,PF10351:FMP27-BLTP2_C,PF22586:ANCHR-like_BBOX,PF03372:Exo_endo_phos,PF00078:RVT_1
DIPPA_07802.mRNA.1	PF22488:Class_2_docking_dom,PF00078:RVT_1,PF13821:DUF4187
DIPPA_07804.mRNA.1	PF01535:PPR,PF16953:PRORP,PF16953:PRORP,PF01535:PPR
DIPPA_07812.mRNA.1	PF13908:Shisa_N,PF13908:Shisa_N
DIPPA_07816.mRNA.1	PF13565:HTH_32,PF02037:SAP
DIPPA_07821.mRNA.1	PF00078:RVT_1,PF00078:RVT_1
DIPPA_07826.mRNA.1	PF03221:HTH_Tnp_Tc5,PF03184:DDE_1
DIPPA_07828.mRNA.1	PF00078:RVT_1,PF00078:RVT_1
DIPPA_07832.mRNA.1	PF05598:DUF772,PF00078:RVT_1,PF00078:RVT_1
DIPPA_07839.mRNA.1	PF00591:Glycos_transf_3,PF00078:RVT_1
DIPPA_07846.mRNA.1	PF01906:YbjQ_1,PF01906:YbjQ_1,PF01906:YbjQ_1
DIPPA_07855.mRNA.1	PF16624:zf-C2H2_assoc2,PF16624:zf-C2H2_assoc2
DIPPA_07859.mRNA.1	PF13424:TPR_12,PF13424:TPR_12
DIPPA_07860.mRNA.1	PF02629:CoA_binding,PF00549:Ligase_CoA
DIPPA_07865.mRNA.1	PF17570:T7-like_gp67,PF17570:T7-like_gp67
DIPPA_07874.mRNA.1	PF00027:cNMP_binding,PF00027:cNMP_binding,PF00027:cNMP_binding
DIPPA_07881.mRNA.1	PF13801:Metal_resist,PF00075:RNase_H
DIPPA_07896.mRNA.1	PF00092:VWA,PF00092:VWA,PF01508:Paramecium_SA,PF01508:Paramecium_SA,PF00092:VWA,PF01508:Paramecium_SA,PF01508:Paramecium_SA,PF00092:VWA,PF01508:Paramecium_SA,PF00092:VWA,PF01508:Paramecium_SA,PF01508:Paramecium_SA,PF01508:Paramecium_SA,PF01508:Paramecium_SA
DIPPA_07921.mRNA.1	PF00622:SPRY,PF00622:SPRY
DIPPA_07927.mRNA.1	PF22324:HTH_91,PF02229:PC4,PF02229:PC4
DIPPA_07928.mRNA.1	PF13913:zf-C2HC_2,PF19460:DUF5997
DIPPA_07930.mRNA.1	PF00535:Glycos_transf_2,PF00535:Glycos_transf_2,PF02709:Glyco_transf_7C,PF00535:Glycos_transf_2
DIPPA_07937.mRNA.1	PF00535:Glycos_transf_2,PF00535:Glycos_transf_2,PF00535:Glycos_transf_2,PF02709:Glyco_transf_7C,PF02526:GBP_repeat,PF00535:Glycos_transf_2,PF02709:Glyco_transf_7C
DIPPA_07944.mRNA.1	PF21909:USP_UIM_N,PF21909:USP_UIM_N,PF21909:USP_UIM_N
DIPPA_07963.mRNA.1	PF10358:NT-C2,PF04592:SelP_N
DIPPA_07971.mRNA.1	PF13540:RCC1_2,PF13540:RCC1_2,PF13540:RCC1_2,PF13540:RCC1_2,PF13540:RCC1_2,PF13540:RCC1_2
DIPPA_07973.mRNA.1	PF01783:Ribosomal_L32p,PF14360:PAP2_C,PF01783:Ribosomal_L32p
DIPPA_07980.mRNA.1	PF08240:ADH_N,PF00107:ADH_zinc_N
DIPPA_07985.mRNA.1	PF13229:Beta_helix,PF05048:NosD
DIPPA_08000.mRNA.1	PF19611:DUF6116,PF13469:Sulfotransfer_3
DIPPA_08011.mRNA.1	PF00008:EGF,PF13385:Laminin_G_3
DIPPA_08015.mRNA.1	PF21375:POT1_C_insert,PF21375:POT1_C_insert,PF00589:Phage_integrase
DIPPA_08019.mRNA.1	PF20102:DUF6492,PF20102:DUF6492
DIPPA_08021.mRNA.1	PF14737:DUF4470,PF14737:DUF4470,PF12968:DUF3856,PF07719:TPR_2
DIPPA_08021.mRNA.2	PF14737:DUF4470,PF14737:DUF4470,PF12968:DUF3856,PF07719:TPR_2
DIPPA_08022.mRNA.1	PF06742:DUF1214,PF06742:DUF1214
DIPPA_08023.mRNA.1	PF07246:Phlebovirus_NSM,PF07352:Phage_Mu_Gam
DIPPA_08034.mRNA.1	PF15713:PTPRCAP,PF18345:zf_CCCH_4
DIPPA_08038.mRNA.1	PF00240:ubiquitin,PF03771:SPDY,PF01329:Pterin_4a,PF01329:Pterin_4a
DIPPA_08052.mRNA.1	PF17307:Smim3,PF20712:CyanoTRADDas_TM,PF12575:Pox_EPC_I2-L1
DIPPA_08066.mRNA.1	PF04119:HSP9_HSP12,PF04119:HSP9_HSP12,PF04119:HSP9_HSP12
DIPPA_08067.mRNA.1	PF19893:DUF6366,PF20882:Sos7,PF19893:DUF6366
DIPPA_08072.mRNA.1	PF22635:I-TevI_ZnF,PF22635:I-TevI_ZnF
DIPPA_08075.mRNA.1	PF11100:TrbE,PF19617:DUF6122
DIPPA_08078.mRNA.1	PF04978:DUF664,PF13499:EF-hand_7
DIPPA_08080.mRNA.1	PF00085:Thioredoxin,PF14561:TPR_20
DIPPA_08082.mRNA.1	PF14643:DUF4455,PF02252:PA28_C
DIPPA_08085.mRNA.1	PF10058:zinc_ribbon_10,PF12013:OrsD,PF04752:ChaC
DIPPA_08085.mRNA.2	PF10058:zinc_ribbon_10,PF12013:OrsD,PF04752:ChaC
DIPPA_08096.mRNA.1	PF12848:ABC_tran_Xtn,PF19642:DUF6145
DIPPA_08104.mRNA.1	PF22785:Tc-R-P,PF05186:Dpy-30
DIPPA_08107.mRNA.1	PF11239:DUF3040,PF18504:Csm1_N,PF03841:SelA
DIPPA_08121.mRNA.1	PF00076:RRM_1,PF00076:RRM_1,PF00076:RRM_1
DIPPA_08129.mRNA.1	PF12013:OrsD,PF04752:ChaC
DIPPA_08131.mRNA.1	PF06361:RTBV_P12,PF22628:zf-CCCH_10
DIPPA_08133.mRNA.1	PF05971:Methyltransf_10,PF03031:NIF
DIPPA_08135.mRNA.1	PF00589:Phage_integrase,PF00589:Phage_integrase,PF18885:DUF5648
DIPPA_08140.mRNA.1	PF15477:SMAP,PF15477:SMAP
DIPPA_08156.mRNA.1	PF11912:CfaA_B_C,PF11912:CfaA_B_C
DIPPA_08164.mRNA.2	PF11912:CfaA_B_C,PF11912:CfaA_B_C
DIPPA_08165.mRNA.1	PF11912:CfaA_B_C,PF11912:CfaA_B_C
DIPPA_08166.mRNA.1	PF00078:RVT_1,PF21639:ORC5_lid,PF00078:RVT_1,PF21639:ORC5_lid
DIPPA_08171.mRNA.1	PF00078:RVT_1,PF00078:RVT_1
DIPPA_08173.mRNA.1	PF06818:Fez1,PF19220:Crescentin,PF06818:Fez1
DIPPA_08174.mRNA.1	PF13516:LRR_6,PF13516:LRR_6,PF13516:LRR_6,PF04592:SelP_N
DIPPA_08175.mRNA.1	PF16999:V-ATPase_G_2,PF01166:TSC22,PF16999:V-ATPase_G_2
DIPPA_08176.mRNA.1	PF04119:HSP9_HSP12,PF04119:HSP9_HSP12,PF04119:HSP9_HSP12,PF04119:HSP9_HSP12
DIPPA_08177.mRNA.1	PF00078:RVT_1,PF00078:RVT_1
DIPPA_08187.mRNA.1	PF00078:RVT_1,PF00078:RVT_1
DIPPA_08200.mRNA.1	PF00078:RVT_1,PF07174:FAP
DIPPA_08203.mRNA.1	PF00078:RVT_1,PF00075:RNase_H
DIPPA_08205.mRNA.1	PF06658:DUF1168,PF16845:SQAPI,PF06658:DUF1168,PF16845:SQAPI,PF06658:DUF1168,PF16845:SQAPI,PF06658:DUF1168,PF16845:SQAPI,PF06658:DUF1168,PF16845:SQAPI,PF06658:DUF1168,PF16845:SQAPI,PF06658:DUF1168,PF16845:SQAPI,PF06658:DUF1168,PF16845:SQAPI,PF06658:DUF1168,PF16845:SQAPI,PF06658:DUF1168,PF16845:SQAPI,PF06658:DUF1168,PF16845:SQAPI,PF06658:DUF1168,PF16845:SQAPI,PF06658:DUF1168,PF16845:SQAPI,PF06658:DUF1168,PF16845:SQAPI
DIPPA_08207.mRNA.1	PF13456:RVT_3,PF12374:Dmrt1
DIPPA_08211.mRNA.1	PF14661:HAUS6_N,PF14661:HAUS6_N
DIPPA_08222.mRNA.1	PF00642:zf-CCCH,PF00642:zf-CCCH
DIPPA_08237.mRNA.1	PF08702:Fib_alpha,PF06818:Fez1,PF18595:Nuf2_DHR10-like,PF18595:Nuf2_DHR10-like,PF14992:TMCO5
DIPPA_08237.mRNA.2	PF08702:Fib_alpha,PF00038:Filament,PF08702:Fib_alpha,PF00038:Filament,PF00038:Filament,PF14992:TMCO5
DIPPA_08237.mRNA.3	PF08702:Fib_alpha,PF06818:Fez1,PF00038:Filament,PF06818:Fez1,PF14992:TMCO5,PF06818:Fez1
DIPPA_08239.mRNA.1	PF13812:PPR_3,PF13812:PPR_3,PF01535:PPR
DIPPA_08241.mRNA.1	PF21042:Stu2_CTS,PF07558:Shugoshin_N,PF07558:Shugoshin_N,PF07558:Shugoshin_N,PF14077:WD40_alt,PF14077:WD40_alt
DIPPA_08244.mRNA.1	PF16740:SKA2,PF16740:SKA2
DIPPA_08288.mRNA.1	PF15745:AP1AR,PF15745:AP1AR,PF15745:AP1AR
DIPPA_08303.mRNA.1	PF01026:TatD_DNase,PF01927:Mut7-C,PF00424:REV,PF22600:MTPAP-like_central,PF22600:MTPAP-like_central,PF03828:PAP_assoc
DIPPA_08305.mRNA.1	PF11051:Mannosyl_trans3,PF11051:Mannosyl_trans3
DIPPA_08307.mRNA.1	PF13873:Myb_DNA-bind_5,PF13873:Myb_DNA-bind_5,PF06295:ZapG-like
DIPPA_08318.mRNA.1	PF10685:KGG,PF04749:PLAC8
DIPPA_08325.mRNA.1	PF00612:IQ,PF00612:IQ
DIPPA_08331.mRNA.1	PF12862:ANAPC5,PF10345:Cohesin_load,PF04578:DUF594
DIPPA_08365.mRNA.1	PF05642:Sporozoite_P67,PF08078:PsaX
DIPPA_08377.mRNA.1	PF17217:UPA,PF00078:RVT_1,PF17919:RT_RNaseH_2
DIPPA_08379.mRNA.1	PF13041:PPR_2,PF13041:PPR_2,PF13932:GIDA_C,PF13932:GIDA_C
DIPPA_08385.mRNA.1	PF18044:zf-CCCH_4,PF06305:LapA_dom,PF00078:RVT_1,PF18044:zf-CCCH_4,PF06305:LapA_dom
DIPPA_08412.mRNA.1	PF14389:Lzipper-MIP1,PF00038:Filament,PF22931:TNK-like_SAM
DIPPA_08413.mRNA.1	PF00225:Kinesin,PF05058:ActA,PF08337:Plexin_cytopl
DIPPA_08415.mRNA.1	PF12773:DZR,PF12773:DZR
DIPPA_08429.mRNA.1	PF02090:SPAM,PF22216:Sas-6_C_CC
DIPPA_08438.mRNA.1	PF00038:Filament,PF00038:Filament,PF04508:Pox_A_type_inc
DIPPA_08442.mRNA.1	PF08515:TGF_beta_GS,PF00589:Phage_integrase
DIPPA_08445.mRNA.1	PF03670:UPF0184,PF14853:Fis1_TPR_C
DIPPA_08446.mRNA.1	PF09664:DUF2399,PF18407:GNAT_like
DIPPA_08447.mRNA.1	PF00169:PH,PF07361:Cytochrom_B562,PF06156:YabA,PF21329:CYP38_PsbQ-like,PF06156:YabA
DIPPA_08448.mRNA.1	PF07714:PK_Tyr_Ser-Thr,PF07714:PK_Tyr_Ser-Thr
DIPPA_08450.mRNA.1	PF13202:EF-hand_5,PF07195:FliD_C
DIPPA_08457.mRNA.1	PF00149:Metallophos,PF02872:5_nucleotid_C,PF13405:EF-hand_6
DIPPA_08465.mRNA.1	PF02845:CUE,PF02845:CUE
DIPPA_08469.mRNA.1	PF16968:TadZ_N,PF08484:Methyltransf_14,PF16968:TadZ_N
DIPPA_08469.mRNA.2	PF16968:TadZ_N,PF08484:Methyltransf_14,PF16968:TadZ_N
DIPPA_08469.mRNA.3	PF16968:TadZ_N,PF16968:TadZ_N
DIPPA_08478.mRNA.1	PF00397:WW,PF00397:WW
DIPPA_08494.mRNA.1	PF12325:TMF_TATA_bd,PF10473:CENP-F_leu_zip,PF12325:TMF_TATA_bd,PF12325:TMF_TATA_bd,PF12325:TMF_TATA_bd,PF08614:ATG16,PF08614:ATG16,PF08614:ATG16
DIPPA_08513.mRNA.1	PF03607:DCX,PF03607:DCX
DIPPA_08516.mRNA.1	PF02338:OTU,PF00078:RVT_1
DIPPA_08546.mRNA.1	PF16079:Phage_holin_5_2,PF00153:Mito_carr
DIPPA_08551.mRNA.1	PF09340:NuA4,PF09340:NuA4,PF09340:NuA4
DIPPA_08552.mRNA.1	PF10714:LEA_6,PF08702:Fib_alpha
DIPPA_08555.mRNA.1	PF20237:DUF6594,PF15365:PNRC
DIPPA_08556.mRNA.1	PF19768:DUF6255,PF19768:DUF6255
DIPPA_08569.mRNA.1	PF10393:Matrilin_ccoil,PF10393:Matrilin_ccoil
DIPPA_08577.mRNA.1	PF01683:EB,PF21671:CPL1-like,PF06679:DUF1180
DIPPA_08579.mRNA.1	PF00038:Filament,PF06818:Fez1,PF02037:SAP
DIPPA_08587.mRNA.1	PF17123:zf-RING_11,PF13639:zf-RING_2
DIPPA_08593.mRNA.1	PF07989:Cnn_1N,PF13870:DUF4201,PF10482:CtIP_N,PF02037:SAP
DIPPA_08601.mRNA.1	PF08507:COPI_assoc,PF20711:DUF6825
DIPPA_08606.mRNA.1	PF19199:Phage_coatGP8,PF00802:Glycoprotein_G
DIPPA_08610.mRNA.1	PF00169:PH,PF12799:LRR_4,PF12799:LRR_4
DIPPA_08617.mRNA.1	PF10571:UPF0547,PF21639:ORC5_lid
DIPPA_08618.mRNA.1	PF00078:RVT_1,PF00078:RVT_1
DIPPA_08628.mRNA.1	PF07989:Cnn_1N,PF14916:CCDC92,PF14916:CCDC92
DIPPA_08634.mRNA.1	PF05377:FlaC_arch,PF09762:CCDC93_CC,PF12238:MSA-2c
DIPPA_08648.mRNA.1	PF00628:PHD,PF00668:Condensation
DIPPA_08651.mRNA.1	PF16366:CEBP_ZZ,PF16366:CEBP_ZZ
DIPPA_08652.mRNA.1	PF07364:DUF1485,PF03353:Lin-8
DIPPA_08655.mRNA.1	PF12937:F-box-like,PF03915:AIP3
DIPPA_08659.mRNA.1	PF03094:Mlo,PF03094:Mlo,PF22586:ANCHR-like_BBOX
DIPPA_08668.mRNA.1	PF05598:DUF772,PF00078:RVT_1,PF00078:RVT_1
DIPPA_08669.mRNA.1	PF06682:SARAF,PF17820:PDZ_6,PF18115:Tudor_3
DIPPA_08669.mRNA.2	PF17820:PDZ_6,PF18115:Tudor_3,PF18115:Tudor_3
DIPPA_08673.mRNA.1	PF08817:YukD,PF17845:FbpC_C_terminal,PF07583:PSCyt2,PF00240:ubiquitin
DIPPA_08674.mRNA.1	PF12501:DUF3708,PF01564:Spermine_synth
DIPPA_08687.mRNA.1	PF18044:zf-CCCH_4,PF14608:zf-CCCH_2
DIPPA_08692.mRNA.1	PF10440:WIYLD,PF10440:WIYLD
DIPPA_08700.mRNA.1	PF07344:Amastin,PF01284:MARVEL
DIPPA_08706.mRNA.1	PF13450:NAD_binding_8,PF01593:Amino_oxidase
DIPPA_08720.mRNA.1	PF09700:Cas_Cmr3,PF22650:At5g48480-like_C
DIPPA_08731.mRNA.1	PF06818:Fez1,PF06785:UPF0242,PF06818:Fez1,PF07716:bZIP_2,PF01465:GRIP
DIPPA_08743.mRNA.1	PF17820:PDZ_6,PF15371:DUF4599,PF17820:PDZ_6
DIPPA_08743.mRNA.2	PF17820:PDZ_6,PF15371:DUF4599,PF17820:PDZ_6
DIPPA_08744.mRNA.1	PF14362:DUF4407,PF06818:Fez1,PF14608:zf-CCCH_2
DIPPA_08745.mRNA.1	PF03242:LEA_3a,PF18529:MIX
DIPPA_08768.mRNA.1	PF11807:UstYa,PF11807:UstYa
DIPPA_08768.mRNA.2	PF11807:UstYa,PF11807:UstYa
DIPPA_08768.mRNA.3	PF11807:UstYa,PF05347:Complex1_LYR
DIPPA_08770.mRNA.1	PF05308:Mito_fiss_reg,PF00013:KH_1
DIPPA_08783.mRNA.1	PF20033:DUF6438,PF00092:VWA,PF00092:VWA,PF00092:VWA,PF00092:VWA,PF00092:VWA,PF07974:EGF_2
DIPPA_08793.mRNA.1	PF01471:PG_binding_1,PF15625:CC2D2AN-C2,PF05926:Phage_GPL
DIPPA_08799.mRNA.1	PF00412:LIM,PF00412:LIM
DIPPA_08804.mRNA.1	PF20047:DUF6449,PF00612:IQ,PF00612:IQ,PF00612:IQ,PF00612:IQ
DIPPA_08808.mRNA.1	PF00059:Lectin_C,PF00059:Lectin_C,PF00059:Lectin_C,PF00059:Lectin_C,PF00059:Lectin_C,PF00059:Lectin_C,PF02286:Dehydratase_LU,PF00059:Lectin_C,PF00059:Lectin_C,PF00059:Lectin_C,PF00059:Lectin_C,PF00059:Lectin_C,PF00059:Lectin_C,PF02286:Dehydratase_LU,PF00059:Lectin_C,PF00059:Lectin_C,PF00059:Lectin_C,PF00059:Lectin_C,PF00059:Lectin_C,PF00059:Lectin_C,PF02286:Dehydratase_LU,PF00059:Lectin_C,PF00059:Lectin_C,PF00059:Lectin_C,PF00059:Lectin_C,PF00059:Lectin_C,PF00059:Lectin_C,PF02286:Dehydratase_LU,PF00059:Lectin_C,PF00059:Lectin_C,PF00059:Lectin_C
DIPPA_08816.mRNA.1	PF11577:NEMO,PF05377:FlaC_arch,PF17082:Spc29
DIPPA_08822.mRNA.1	PF00059:Lectin_C,PF00059:Lectin_C,PF00059:Lectin_C,PF00059:Lectin_C
DIPPA_08827.mRNA.1	PF10283:zf-CCHH,PF12680:SnoaL_2,PF00612:IQ,PF00612:IQ
DIPPA_08832.mRNA.1	PF00059:Lectin_C,PF00059:Lectin_C,PF00059:Lectin_C,PF00059:Lectin_C,PF00059:Lectin_C
DIPPA_08839.mRNA.1	PF07095:IgaA,PF00300:His_Phos_1,PF00300:His_Phos_1
DIPPA_08852.mRNA.1	PF19047:HOOK_N,PF13851:GAS,PF13870:DUF4201,PF13870:DUF4201
DIPPA_08852.mRNA.2	PF00038:Filament,PF13851:GAS,PF13870:DUF4201
DIPPA_08856.mRNA.1	PF13671:AAA_33,PF13671:AAA_33
DIPPA_08886.mRNA.1	PF00612:IQ,PF00612:IQ,PF00612:IQ
DIPPA_08890.mRNA.1	PF00023:Ank,PF00023:Ank,PF00023:Ank
DIPPA_08898.mRNA.1	PF12796:Ank_2,PF12796:Ank_2,PF00023:Ank,PF00023:Ank,PF12796:Ank_2,PF12796:Ank_2,PF12796:Ank_2,PF12796:Ank_2,PF00023:Ank,PF00023:Ank,PF12796:Ank_2,PF00023:Ank,PF12796:Ank_2,PF00023:Ank,PF12796:Ank_2,PF00023:Ank
DIPPA_08915.mRNA.1	PF00059:Lectin_C,PF15345:TMEM51
DIPPA_08915.mRNA.2	PF00059:Lectin_C,PF15345:TMEM51
DIPPA_08924.mRNA.1	PF00059:Lectin_C,PF06573:Churchill,PF06573:Churchill
DIPPA_08925.mRNA.1	PF12734:CYSTM,PF12734:CYSTM
DIPPA_08933.mRNA.1	PF12951:PATR,PF12951:PATR,PF15979:Glyco_hydro_115,PF19190:BACON_2,PF17829:GH115_C
DIPPA_08939.mRNA.1	PF07382:HC2,PF18126:Mitoc_mL59
DIPPA_08940.mRNA.1	PF14530:DUF4439,PF00210:Ferritin,PF00210:Ferritin
DIPPA_08943.mRNA.1	PF02037:SAP,PF02899:Phage_int_SAM_1
DIPPA_08944.mRNA.1	PF15671:PRR18,PF15671:PRR18
DIPPA_08947.mRNA.1	PF13516:LRR_6,PF13516:LRR_6,PF13516:LRR_6,PF12799:LRR_4,PF13516:LRR_6,PF13516:LRR_6,PF13516:LRR_6,PF13516:LRR_6,PF13516:LRR_6,PF13516:LRR_6
DIPPA_08957.mRNA.1	PF12951:PATR,PF15979:Glyco_hydro_115,PF19190:BACON_2,PF17829:GH115_C
DIPPA_08958.mRNA.1	PF15979:Glyco_hydro_115,PF19190:BACON_2,PF17829:GH115_C
DIPPA_08964.mRNA.1	PF00564:PB1,PF06972:GIP1_N
DIPPA_08966.mRNA.1	PF06781:CrgA,PF06781:CrgA
DIPPA_08968.mRNA.1	PF09685:DUF4870,PF09685:DUF4870
DIPPA_08971.mRNA.1	PF18912:DZR_2,PF12773:DZR
DIPPA_08984.mRNA.1	PF01963:TraB_PrgY_gumN,PF01963:TraB_PrgY_gumN
DIPPA_08986.mRNA.1	PF02183:HALZ,PF02183:HALZ,PF02183:HALZ
DIPPA_08989.mRNA.1	PF00564:PB1,PF01080:Presenilin,PF22743:PspAA
DIPPA_09001.mRNA.1	PF12796:Ank_2,PF00023:Ank,PF01166:TSC22,PF09769:ApoO,PF20993:CENPH,PF07889:DUF1664
DIPPA_09012.mRNA.1	PF00210:Ferritin,PF05859:Mis12,PF00397:WW
DIPPA_09013.mRNA.1	PF09378:HAS-barrel,PF04468:PSP1
DIPPA_09015.mRNA.1	PF15117:UPF0697,PF15117:UPF0697
DIPPA_09027.mRNA.1	PF10428:SOG2,PF12894:ANAPC4_WD40
DIPPA_09031.mRNA.1	PF00078:RVT_1,PF00078:RVT_1
DIPPA_09040.mRNA.1	PF00078:RVT_1,PF00078:RVT_1
DIPPA_09050.mRNA.1	PF01505:Vault,PF01505:Vault
DIPPA_09055.mRNA.1	PF04625:DEC-1_N,PF05637:Glyco_transf_34
DIPPA_09067.mRNA.1	PF11040:DGF-1_C,PF01061:ABC2_membrane
DIPPA_09076.mRNA.1	PF07714:PK_Tyr_Ser-Thr,PF07714:PK_Tyr_Ser-Thr
DIPPA_09080.mRNA.1	PF00076:RRM_1,PF00076:RRM_1,PF00076:RRM_1,PF00076:RRM_1
DIPPA_09084.mRNA.1	PF11941:DUF3459,PF15843:DUF4719,PF15843:DUF4719
DIPPA_09089.mRNA.1	PF07023:DUF1315,PF07023:DUF1315
DIPPA_09092.mRNA.1	PF09316:Cmyb_C,PF00589:Phage_integrase
DIPPA_09107.mRNA.1	PF17917:RT_RNaseH,PF13974:YebO
DIPPA_09125.mRNA.1	PF00397:WW,PF00397:WW
DIPPA_09128.mRNA.1	PF18345:zf_CCCH_4,PF04146:YTH
DIPPA_09135.mRNA.1	PF19695:DUF6195,PF19695:DUF6195
DIPPA_09141.mRNA.1	PF14335:DUF4391,PF15150:PMAIP1
DIPPA_09142.mRNA.1	PF00012:HSP70,PF17820:PDZ_6
DIPPA_09147.mRNA.1	PF00397:WW,PF00397:WW,PF04102:SlyX,PF00397:WW
DIPPA_09155.mRNA.1	PF05642:Sporozoite_P67,PF07690:MFS_1,PF07690:MFS_1
DIPPA_09159.mRNA.1	PF19749:DUF6236,PF19749:DUF6236
DIPPA_09164.mRNA.1	PF01535:PPR,PF13812:PPR_3,PF13041:PPR_2
DIPPA_09169.mRNA.1	PF13499:EF-hand_7,PF13499:EF-hand_7
DIPPA_09174.mRNA.1	PF14916:CCDC92,PF15898:PRKG1_interact,PF10779:XhlA,PF06156:YabA,PF13851:GAS
DIPPA_09199.mRNA.2	PF22813:TcaA_2nd,PF22757:GeBP-like_C
DIPPA_09199.mRNA.3	PF05402:PqqD,PF22813:TcaA_2nd,PF12072:RNase_Y_N,PF12072:RNase_Y_N
DIPPA_09208.mRNA.1	PF22494:choice_anch_I,PF22494:choice_anch_I,PF13449:Phytase-like,PF09142:TruB_C,PF22494:choice_anch_I,PF13449:Phytase-like,PF15756:DUF4690
DIPPA_09209.mRNA.1	PF18592:Tho1_MOS11_C,PF18592:Tho1_MOS11_C
DIPPA_09220.mRNA.1	PF00078:RVT_1,PF00078:RVT_1
DIPPA_09221.mRNA.1	PF00078:RVT_1,PF00078:RVT_1
DIPPA_09228.mRNA.1	PF00642:zf-CCCH,PF00642:zf-CCCH,PF17253:DUF5320,PF17253:DUF5320
DIPPA_09243.mRNA.1	PF18313:TLP1_add_C,PF13432:TPR_16,PF00226:DnaJ
DIPPA_09243.mRNA.2	PF18313:TLP1_add_C,PF13432:TPR_16,PF00226:DnaJ
DIPPA_09250.mRNA.1	PF12329:TMF_DNA_bd,PF02050:FliJ
DIPPA_09251.mRNA.1	PF05206:TRM13,PF05206:TRM13
DIPPA_09257.mRNA.1	PF19893:DUF6366,PF20882:Sos7,PF19893:DUF6366
DIPPA_09265.mRNA.1	PF00612:IQ,PF00612:IQ
DIPPA_09270.mRNA.1	PF16366:CEBP_ZZ,PF05110:AF-4,PF00569:ZZ,PF00098:zf-CCHC,PF04818:CID
DIPPA_09294.mRNA.1	PF00642:zf-CCCH,PF00642:zf-CCCH
DIPPA_09313.mRNA.1	PF13913:zf-C2HC_2,PF19460:DUF5997
DIPPA_09315.mRNA.1	PF15912:VIR_N,PF00397:WW,PF04564:U-box
DIPPA_09321.mRNA.1	PF01442:Apolipoprotein,PF11157:DUF2937,PF20304:Sp-CxC
DIPPA_09329.mRNA.1	PF17820:PDZ_6,PF09026:CENP-B_dimeris
DIPPA_09331.mRNA.1	PF20924:RLIP76_Ral-bd,PF07028:DUF1319
DIPPA_09343.mRNA.1	PF03472:Autoind_bind,PF16018:Anillin_N
DIPPA_09354.mRNA.1	PF10014:2OG-Fe_Oxy_2,PF10014:2OG-Fe_Oxy_2
DIPPA_09356.mRNA.1	PF05859:Mis12,PF05859:Mis12
DIPPA_09362.mRNA.1	PF00075:RNase_H,PF00075:RNase_H
DIPPA_09363.mRNA.1	PF05557:MAD,PF09787:Golgin_A5,PF09787:Golgin_A5
DIPPA_09365.mRNA.1	PF11888:DUF3408,PF11888:DUF3408,PF01358:PARP_regulatory,PF01358:PARP_regulatory
DIPPA_09369.mRNA.1	PF13499:EF-hand_7,PF13499:EF-hand_7
DIPPA_09401.mRNA.1	PF04055:Radical_SAM,PF12345:DUF3641
DIPPA_09404.mRNA.1	PF13854:Kelch_5,PF13854:Kelch_5,PF13854:Kelch_5,PF07653:SH3_2
DIPPA_09404.mRNA.2	PF13854:Kelch_5,PF13854:Kelch_5,PF13854:Kelch_5,PF07653:SH3_2
DIPPA_09418.mRNA.1	PF10551:MULE,PF00039:fn1,PF00098:zf-CCHC,PF02338:OTU
DIPPA_09426.mRNA.1	PF12760:Zn_Tnp_IS1595,PF10011:DUF2254
DIPPA_09427.mRNA.1	PF11932:DUF3450,PF09177:Syntaxin-6_N,PF11932:DUF3450
DIPPA_09428.mRNA.1	PF00023:Ank,PF00023:Ank
DIPPA_09447.mRNA.1	PF19030:TSP1_ADAMTS,PF10814:CwsA
DIPPA_09459.mRNA.1	PF07979:Intimin_C,PF07979:Intimin_C
DIPPA_09462.mRNA.1	PF00078:RVT_1,PF00078:RVT_1
DIPPA_09465.mRNA.1	PF00041:fn3,PF00041:fn3,PF00041:fn3,PF00041:fn3,PF00041:fn3,PF00041:fn3,PF00041:fn3,PF00041:fn3,PF00041:fn3,PF00041:fn3,PF00041:fn3,PF00041:fn3,PF00041:fn3,PF00041:fn3,PF00041:fn3,PF16656:Pur_ac_phosph_N,PF00041:fn3,PF00041:fn3,PF00041:fn3,PF00041:fn3,PF00041:fn3,PF00041:fn3,PF00041:fn3,PF00041:fn3,PF00041:fn3,PF00041:fn3
DIPPA_09470.mRNA.1	PF13855:LRR_8,PF13855:LRR_8,PF00612:IQ,PF00612:IQ,PF00612:IQ,PF00612:IQ
DIPPA_09471.mRNA.1	PF17561:TssO,PF13649:Methyltransf_25
DIPPA_09473.mRNA.1	PF19257:BURAN,PF14443:DBC1,PF07295:DUF1451
DIPPA_09475.mRNA.1	PF00078:RVT_1,PF12871:PRP38_assoc
DIPPA_09488.mRNA.1	PF07469:DUF1518,PF00536:SAM_1
DIPPA_09498.mRNA.1	PF00335:Tetraspanin,PF15239:CFAP96-like
DIPPA_09499.mRNA.1	PF22486:MATH_2,PF00651:BTB,PF00651:BTB
DIPPA_09500.mRNA.1	PF15205:PLAC9,PF02854:MIF4G
DIPPA_09501.mRNA.1	PF05121:GvpK,PF15240:Pro-rich,PF06103:DUF948
DIPPA_09509.mRNA.1	PF05743:UEV,PF18820:BD_b_sandwich,PF09454:Vps23_core
DIPPA_09533.mRNA.1	PF10571:UPF0547,PF21639:ORC5_lid
DIPPA_09535.mRNA.1	PF10414:CysG_dimeriser,PF10414:CysG_dimeriser
DIPPA_09536.mRNA.1	PF13428:TPR_14,PF01535:PPR
DIPPA_09540.mRNA.1	PF22216:Sas-6_C_CC,PF07926:TPR_MLP1_2,PF16165:Ferlin_C
DIPPA_09544.mRNA.1	PF03221:HTH_Tnp_Tc5,PF03184:DDE_1
DIPPA_09546.mRNA.1	PF00856:SET,PF09273:Rubis-subs-bind
DIPPA_09546.mRNA.2	PF00856:SET,PF09273:Rubis-subs-bind
DIPPA_09548.mRNA.1	PF13499:EF-hand_7,PF13499:EF-hand_7
DIPPA_09553.mRNA.1	PF13417:GST_N_3,PF13410:GST_C_2
DIPPA_09557.mRNA.1	PF22038:PRC2_EED_ins,PF11719:Drc1-Sld2,PF11719:Drc1-Sld2,PF11719:Drc1-Sld2,PF11719:Drc1-Sld2,PF11719:Drc1-Sld2,PF11719:Drc1-Sld2,PF11719:Drc1-Sld2,PF11719:Drc1-Sld2,PF11719:Drc1-Sld2,PF11719:Drc1-Sld2
DIPPA_09557.mRNA.2	PF22038:PRC2_EED_ins,PF11719:Drc1-Sld2,PF11719:Drc1-Sld2,PF11719:Drc1-Sld2,PF11719:Drc1-Sld2,PF11719:Drc1-Sld2,PF11719:Drc1-Sld2,PF11719:Drc1-Sld2,PF11719:Drc1-Sld2,PF11719:Drc1-Sld2
DIPPA_09557.mRNA.3	PF22038:PRC2_EED_ins,PF11719:Drc1-Sld2,PF11719:Drc1-Sld2,PF11719:Drc1-Sld2,PF11719:Drc1-Sld2,PF11719:Drc1-Sld2,PF11719:Drc1-Sld2,PF11719:Drc1-Sld2,PF11719:Drc1-Sld2,PF11719:Drc1-Sld2
DIPPA_09559.mRNA.1	PF00428:Ribosomal_60s,PF13374:TPR_10
DIPPA_09565.mRNA.1	PF10046:BLOC1_2,PF10046:BLOC1_2,PF05791:Bacillus_HBL
DIPPA_09573.mRNA.1	PF08240:ADH_N,PF00107:ADH_zinc_N
DIPPA_09585.mRNA.1	PF14235:DUF4337,PF07544:Med9,PF22253:DUF6948,PF07544:Med9,PF22253:DUF6948
DIPPA_09593.mRNA.1	PF04402:SIMPL,PF04402:SIMPL
DIPPA_09624.mRNA.1	PF01894:UPF0047,PF01894:UPF0047
DIPPA_09638.mRNA.1	PF15619:Lebercilin,PF15619:Lebercilin
DIPPA_09648.mRNA.1	PF11510:FA_FANCE,PF10330:Stb3
DIPPA_09650.mRNA.1	PF01080:Presenilin,PF13842:Tnp_zf-ribbon_2
DIPPA_09653.mRNA.1	PF22496:SOR_N,PF18912:DZR_2
DIPPA_09659.mRNA.1	PF13360:PQQ_2,PF13360:PQQ_2
DIPPA_09681.mRNA.1	PF00569:ZZ,PF13905:Thioredoxin_8,PF00641:zf-RanBP
DIPPA_09686.mRNA.1	PF12796:Ank_2,PF13637:Ank_4,PF12796:Ank_2,PF13516:LRR_6
DIPPA_09692.mRNA.1	PF01593:Amino_oxidase,PF01593:Amino_oxidase,PF10925:DUF2680
DIPPA_09693.mRNA.1	PF00130:C1_1,PF08614:ATG16,PF08614:ATG16
DIPPA_09700.mRNA.1	PF14908:HU-CCDC81_euk_1,PF18289:HU-CCDC81_euk_2
DIPPA_09701.mRNA.1	PF10779:XhlA,PF08385:DHC_N1
DIPPA_09707.mRNA.1	PF16859:TetR_C_11,PF14635:HHH_7,PF16859:TetR_C_11
DIPPA_09710.mRNA.1	PF00415:RCC1,PF00415:RCC1,PF00415:RCC1,PF00415:RCC1
DIPPA_09714.mRNA.1	PF13385:Laminin_G_3,PF00622:SPRY,PF13385:Laminin_G_3,PF00622:SPRY,PF00622:SPRY,PF00632:HECT
DIPPA_09715.mRNA.1	PF19220:Crescentin,PF19220:Crescentin,PF19220:Crescentin,PF19220:Crescentin
DIPPA_09719.mRNA.1	PF00023:Ank,PF00023:Ank,PF16619:SUIM_assoc,PF13180:PDZ_2
DIPPA_09720.mRNA.1	PF07323:DUF1465,PF05377:FlaC_arch,PF01787:Ilar_coat
DIPPA_09725.mRNA.1	PF05810:NinF,PF13717:zinc_ribbon_4,PF05077:DUF678
DIPPA_09727.mRNA.1	PF00027:cNMP_binding,PF18203:IPTL-CTERM,PF18203:IPTL-CTERM,PF00027:cNMP_binding,PF07883:Cupin_2
DIPPA_09731.mRNA.1	PF13519:VWA_2,PF20398:DUF6691,PF13519:VWA_2,PF20398:DUF6691,PF13519:VWA_2,PF13519:VWA_2,PF13519:VWA_2,PF13519:VWA_2,PF13519:VWA_2,PF13519:VWA_2
DIPPA_09738.mRNA.1	PF22586:ANCHR-like_BBOX,PF22586:ANCHR-like_BBOX,PF22586:ANCHR-like_BBOX,PF22586:ANCHR-like_BBOX
DIPPA_09744.mRNA.1	PF22964:ZER1-like_2nd,PF22964:ZER1-like_2nd
DIPPA_09747.mRNA.1	PF13191:AAA_16,PF00024:PAN_1,PF00024:PAN_1,PF00024:PAN_1,PF00024:PAN_1
DIPPA_09749.mRNA.1	PF00024:PAN_1,PF00024:PAN_1,PF00024:PAN_1
DIPPA_09759.mRNA.1	PF15102:TMEM154,PF14610:Psg1
DIPPA_09771.mRNA.1	PF17117:DUF5104,PF01105:EMP24_GP25L
DIPPA_09772.mRNA.1	PF13589:HATPase_c_3,PF01652:IF4E
DIPPA_09773.mRNA.1	PF08114:PMP1_2,PF08614:ATG16
DIPPA_09774.mRNA.1	PF00270:DEAD,PF12095:CRR7,PF08202:MIS13,PF09278:MerR-DNA-bind,PF08702:Fib_alpha
DIPPA_09775.mRNA.1	PF00270:DEAD,PF12095:CRR7,PF12095:CRR7,PF02774:Semialdhyde_dhC
DIPPA_09781.mRNA.1	PF01476:LysM,PF14555:UBA_4
DIPPA_09799.mRNA.1	PF00270:DEAD,PF12095:CRR7,PF08202:MIS13,PF09278:MerR-DNA-bind,PF08702:Fib_alpha
DIPPA_09800.mRNA.1	PF00648:Peptidase_C2,PF12815:CTD,PF00170:bZIP_1,PF00170:bZIP_1,PF00170:bZIP_1,PF00170:bZIP_1
DIPPA_09803.mRNA.1	PF11034:Grg1,PF21186:DUF6852
DIPPA_09821.mRNA.1	PF02170:PAZ,PF02171:Piwi
DIPPA_09829.mRNA.1	PF13570:PQQ_3,PF00400:WD40,PF13570:PQQ_3,PF18031:UCH_C,PF18031:UCH_C
DIPPA_09830.mRNA.1	PF00069:Pkinase,PF00069:Pkinase
DIPPA_09832.mRNA.1	PF11992:TgpA_N,PF01590:GAF,PF01590:GAF,PF00512:HisKA,PF02518:HATPase_c,PF00072:Response_reg
DIPPA_09836.mRNA.1	PF21904:CAND6-7_N,PF06814:GOST_TM
DIPPA_09854.mRNA.1	PF22137:T6SS_Tle1-like_C,PF22137:T6SS_Tle1-like_C
DIPPA_09857.mRNA.1	PF00078:RVT_1,PF00078:RVT_1
DIPPA_09868.mRNA.1	PF04893:Yip1,PF04893:Yip1
DIPPA_09871.mRNA.1	PF00730:HhH-GPD,PF14719:PID_2,PF13405:EF-hand_6
DIPPA_09879.mRNA.1	PF11913:DUF3431,PF11913:DUF3431
DIPPA_09881.mRNA.2	PF13639:zf-RING_2,PF12353:eIF3g
DIPPA_09899.mRNA.1	PF00879:Defensin_propep,PF19602:DUF6107,PF13565:HTH_32
DIPPA_09910.mRNA.1	PF12796:Ank_2,PF00023:Ank,PF12796:Ank_2
DIPPA_09920.mRNA.1	PF00957:Synaptobrevin,PF18594:Sas6_CC
DIPPA_09929.mRNA.1	PF07191:zinc-ribbons_6,PF13453:zf-TFIIB,PF12172:DUF35_N,PF12172:DUF35_N
DIPPA_09931.mRNA.1	PF08309:LVIVD,PF08309:LVIVD,PF09826:Beta_propel,PF16537:T2SSB,PF09826:Beta_propel
DIPPA_09933.mRNA.1	PF06701:MIB_HERC2,PF00240:ubiquitin
DIPPA_09938.mRNA.1	PF00078:RVT_1,PF00075:RNase_H,PF00255:GSHPx
DIPPA_09943.mRNA.1	PF04625:DEC-1_N,PF03941:INCENP_ARK-bind
DIPPA_09950.mRNA.1	PF10025:DUF2267,PF10025:DUF2267
DIPPA_09951.mRNA.1	PF06945:DUF1289,PF00581:Rhodanese
DIPPA_09953.mRNA.1	PF03153:TFIIA,PF02179:BAG
DIPPA_09954.mRNA.1	PF00023:Ank,PF22579:Cbm74,PF00023:Ank
DIPPA_09960.mRNA.1	PF01549:ShK,PF01549:ShK
DIPPA_09963.mRNA.1	PF13516:LRR_6,PF13516:LRR_6
DIPPA_09964.mRNA.1	PF05478:Prominin,PF16454:PI3K_P85_iSH2
DIPPA_09964.mRNA.2	PF05478:Prominin,PF07325:Curto_V2,PF07325:Curto_V2
DIPPA_09968.mRNA.1	PF01266:DAO,PF09683:Lactococcin_972,PF00706:Toxin_4
DIPPA_09975.mRNA.1	PF00088:Trefoil,PF16477:DUF5054,PF16477:DUF5054
DIPPA_09980.mRNA.1	PF07691:PA14,PF07691:PA14,PF07691:PA14,PF07691:PA14
DIPPA_09986.mRNA.1	PF07691:PA14,PF07691:PA14,PF07691:PA14,PF07691:PA14
DIPPA_09998.mRNA.1	PF03462:PCRF,PF03462:PCRF
DIPPA_10004.mRNA.1	PF05641:Agenet,PF05641:Agenet,PF05641:Agenet
DIPPA_10014.mRNA.2	PF00335:Tetraspanin,PF00335:Tetraspanin
DIPPA_10024.mRNA.1	PF13750:Big_3_3,PF02369:Big_1,PF13750:Big_3_3,PF15345:TMEM51
DIPPA_10025.mRNA.1	PF00092:VWA,PF00092:VWA
DIPPA_10026.mRNA.1	PF13428:TPR_14,PF13428:TPR_14
DIPPA_10030.mRNA.1	PF04627:ATP-synt_Eps,PF17919:RT_RNaseH_2
DIPPA_10036.mRNA.1	PF10002:DUF2243,PF15663:zf-CCCH_3
DIPPA_10038.mRNA.1	PF13750:Big_3_3,PF19077:Big_13,PF19077:Big_13
DIPPA_10048.mRNA.1	PF22137:T6SS_Tle1-like_C,PF22137:T6SS_Tle1-like_C
DIPPA_10049.mRNA.1	PF03153:TFIIA,PF04577:Glyco_transf_61
DIPPA_10063.mRNA.1	PF00078:RVT_1,PF00078:RVT_1
DIPPA_10065.mRNA.1	PF05598:DUF772,PF00078:RVT_1,PF00078:RVT_1
DIPPA_10069.mRNA.1	PF04864:Alliinase_C,PF08707:PriCT_2
DIPPA_10079.mRNA.1	PF00038:Filament,PF13851:GAS,PF08279:HTH_11,PF02467:Whib,PF02467:Whib
DIPPA_10079.mRNA.2	PF00038:Filament,PF13851:GAS
DIPPA_10085.mRNA.1	PF13475:DUF4116,PF13475:DUF4116,PF13475:DUF4116,PF13475:DUF4116
DIPPA_10107.mRNA.1	PF04940:BLUF,PF13499:EF-hand_7
DIPPA_10111.mRNA.1	PF00036:EF-hand_1,PF00036:EF-hand_1,PF00036:EF-hand_1
DIPPA_10115.mRNA.2	PF00261:Tropomyosin,PF00261:Tropomyosin,PF00261:Tropomyosin,PF00261:Tropomyosin,PF00261:Tropomyosin,PF00261:Tropomyosin
DIPPA_10129.mRNA.1	PF00036:EF-hand_1,PF00036:EF-hand_1
DIPPA_10141.mRNA.1	PF11596:DUF3246,PF14197:Cep57_CLD_2,PF14523:Syntaxin_2
DIPPA_10147.mRNA.1	PF09770:PAT1,PF02924:HDPD,PF03107:C1_2
DIPPA_10155.mRNA.1	PF16129:DUF4841,PF07647:SAM_2
DIPPA_10174.mRNA.1	PF11593:Med3,PF22640:ManC_GMP_beta-helix
DIPPA_10174.mRNA.2	PF11593:Med3,PF22640:ManC_GMP_beta-helix
DIPPA_10184.mRNA.1	PF19893:DUF6366,PF20882:Sos7,PF19893:DUF6366
DIPPA_10186.mRNA.2	PF12661:hEGF,PF21146:ICAM1_3_5_D2
DIPPA_10206.mRNA.1	PF04515:Choline_transpo,PF04515:Choline_transpo
DIPPA_10221.mRNA.1	PF00313:CSD,PF00313:CSD,PF00313:CSD
DIPPA_10229.mRNA.1	PF02330:MAM33,PF02330:MAM33
DIPPA_10233.mRNA.1	PF14826:FACT-Spt16_Nlob,PF00557:Peptidase_M24,PF02862:DDHD,PF08644:SPT16,PF08512:Rttp106-like_middle,PF02862:DDHD
DIPPA_10238.mRNA.1	PF22964:ZER1-like_2nd,PF02993:MCPVI
DIPPA_10239.mRNA.1	PF00240:ubiquitin,PF02179:BAG
DIPPA_10239.mRNA.2	PF00240:ubiquitin,PF02179:BAG
DIPPA_10243.mRNA.1	PF05297:Herpes_LMP1,PF22600:MTPAP-like_central
DIPPA_10246.mRNA.1	PF00822:PMP22_Claudin,PF07344:Amastin
DIPPA_10248.mRNA.1	PF21344:LysW-like_globular,PF21344:LysW-like_globular
DIPPA_10271.mRNA.1	PF05667:CCDC22_CC,PF17436:DUF5415
DIPPA_10282.mRNA.1	PF18346:SH3_15,PF00397:WW,PF12931:Sec16_C
DIPPA_10288.mRNA.1	PF00400:WD40,PF00400:WD40,PF00400:WD40,PF00400:WD40
DIPPA_10301.mRNA.1	PF12951:PATR,PF15979:Glyco_hydro_115,PF19190:BACON_2,PF17829:GH115_C
DIPPA_10302.mRNA.1	PF15665:FAM184,PF15665:FAM184
DIPPA_10303.mRNA.1	PF07224:Chlorophyllase,PF08209:Sgf11,PF10601:zf-LITAF-like
DIPPA_10306.mRNA.1	PF02931:Neur_chan_LBD,PF02932:Neur_chan_memb
DIPPA_10306.mRNA.2	PF02931:Neur_chan_LBD,PF02932:Neur_chan_memb
DIPPA_10306.mRNA.3	PF02931:Neur_chan_LBD,PF02932:Neur_chan_memb
DIPPA_10306.mRNA.4	PF02931:Neur_chan_LBD,PF02932:Neur_chan_memb
DIPPA_10307.mRNA.1	PF07690:MFS_1,PF07690:MFS_1
DIPPA_10307.mRNA.2	PF07690:MFS_1,PF12832:MFS_1_like,PF07690:MFS_1
DIPPA_10316.mRNA.1	PF13405:EF-hand_6,PF19723:DUF6216,PF19723:DUF6216,PF00397:WW
DIPPA_10316.mRNA.2	PF13405:EF-hand_6,PF19723:DUF6216,PF19723:DUF6216,PF00397:WW
DIPPA_10316.mRNA.3	PF13405:EF-hand_6,PF19723:DUF6216,PF19723:DUF6216,PF00397:WW
DIPPA_10316.mRNA.4	PF13405:EF-hand_6,PF19723:DUF6216,PF19723:DUF6216,PF00397:WW
DIPPA_10316.mRNA.5	PF13405:EF-hand_6,PF19723:DUF6216,PF19723:DUF6216,PF00397:WW
DIPPA_10316.mRNA.6	PF13405:EF-hand_6,PF19723:DUF6216,PF19723:DUF6216,PF00397:WW
DIPPA_10329.mRNA.1	PF22862:Hac8_like_N,PF16632:Caskin-tail,PF11559:ADIP,PF11559:ADIP,PF13180:PDZ_2
DIPPA_10332.mRNA.1	PF06017:Myosin_TH1,PF18534:HBD,PF09793:AD
DIPPA_10332.mRNA.2	PF06017:Myosin_TH1,PF18534:HBD,PF09793:AD
DIPPA_10343.mRNA.2	PF00240:ubiquitin,PF02801:Ketoacyl-synt_C
DIPPA_10344.mRNA.1	PF06702:Fam20C,PF06702:Fam20C
DIPPA_10348.mRNA.1	PF19756:DUF6243,PF19756:DUF6243,PF04102:SlyX
DIPPA_10354.mRNA.1	PF08614:ATG16,PF22872:DUF7018,PF02414:Borrelia_orfA
DIPPA_10361.mRNA.1	PF17471:GP63,PF17471:GP63
DIPPA_10377.mRNA.1	PF20003:fvmX5,PF13449:Phytase-like,PF00168:C2,PF00317:Ribonuc_red_lgN,PF13449:Phytase-like
DIPPA_10378.mRNA.1	PF01639:v110,PF08271:TF_Zn_Ribbon,PF14169:YdjO,PF14169:YdjO,PF14169:YdjO
DIPPA_10390.mRNA.1	PF01080:Presenilin,PF13842:Tnp_zf-ribbon_2
DIPPA_10396.mRNA.1	PF09954:DUF2188,PF17820:PDZ_6
DIPPA_10397.mRNA.1	PF22600:MTPAP-like_central,PF04928:PAP_central,PF10421:OAS1_C,PF00658:PABP
DIPPA_10401.mRNA.1	PF00078:RVT_1,PF00078:RVT_1,PF15451:DUF4632
DIPPA_10403.mRNA.1	PF12773:DZR,PF12773:DZR
DIPPA_10406.mRNA.1	PF04212:MIT,PF18912:DZR_2
DIPPA_10438.mRNA.1	PF10444:Nbl1_Borealin_N,PF10824:T7SS_ESX_EspC,PF10824:T7SS_ESX_EspC,PF04837:MbeB_N,PF10392:COG5_N
DIPPA_10445.mRNA.1	PF04119:HSP9_HSP12,PF04119:HSP9_HSP12,PF04119:HSP9_HSP12
DIPPA_10456.mRNA.1	PF14705:Costars,PF02209:VHP
DIPPA_10459.mRNA.1	PF13913:zf-C2HC_2,PF19460:DUF5997
DIPPA_10473.mRNA.1	PF15430:SVWC,PF15430:SVWC,PF21314:TM_ErbB1
DIPPA_10477.mRNA.1	PF05456:eIF_4EBP,PF05456:eIF_4EBP
DIPPA_10484.mRNA.1	PF07802:GCK,PF07802:GCK
DIPPA_10485.mRNA.1	PF00078:RVT_1,PF00078:RVT_1
DIPPA_10490.mRNA.1	PF09789:CC149,PF13600:DUF4140
DIPPA_10492.mRNA.1	PF09789:CC149,PF13600:DUF4140
DIPPA_10493.mRNA.1	PF13600:DUF4140,PF13600:DUF4140
DIPPA_10498.mRNA.1	PF13516:LRR_6,PF13516:LRR_6
DIPPA_10499.mRNA.1	PF00249:Myb_DNA-binding,PF00249:Myb_DNA-binding
DIPPA_10499.mRNA.2	PF13921:Myb_DNA-bind_6,PF13921:Myb_DNA-bind_6
DIPPA_10500.mRNA.1	PF05270:AbfB,PF04646:DUF604,PF04646:DUF604
DIPPA_10504.mRNA.1	PF10211:Ax_dynein_light,PF15819:Fibin
DIPPA_10504.mRNA.2	PF10211:Ax_dynein_light,PF15819:Fibin
DIPPA_10508.mRNA.1	PF09602:PhaP_Bmeg,PF01424:R3H,PF06467:zf-FCS
DIPPA_10508.mRNA.2	PF09602:PhaP_Bmeg,PF01424:R3H,PF06467:zf-FCS
DIPPA_10530.mRNA.1	PF00589:Phage_integrase,PF00589:Phage_integrase,PF18885:DUF5648
DIPPA_10539.mRNA.1	PF02892:zf-BED,PF05699:Dimer_Tnp_hAT
DIPPA_10550.mRNA.1	PF12680:SnoaL_2,PF19982:DUF6418
DIPPA_10555.mRNA.1	PF00072:Response_reg,PF08961:NRBF2,PF08961:NRBF2
DIPPA_10556.mRNA.1	PF18736:pEK499_p136,PF15763:DUF4692
DIPPA_10558.mRNA.1	PF00589:Phage_integrase,PF00589:Phage_integrase
DIPPA_10559.mRNA.1	PF20151:DUF6533,PF20151:DUF6533
DIPPA_10561.mRNA.1	PF00078:RVT_1,PF00075:RNase_H
DIPPA_10571.mRNA.1	PF00643:zf-B_box,PF13838:Clathrin_H_link
DIPPA_10581.mRNA.1	PF15312:JSRP,PF15312:JSRP
DIPPA_10590.mRNA.1	PF10551:MULE,PF00039:fn1,PF00098:zf-CCHC,PF02338:OTU
DIPPA_10615.mRNA.1	PF00536:SAM_1,PF00536:SAM_1,PF16619:SUIM_assoc,PF00536:SAM_1,PF16619:SUIM_assoc,PF00536:SAM_1
DIPPA_10616.mRNA.1	PF00130:C1_1,PF20917:AsnRS_N
DIPPA_10623.mRNA.1	PF04417:DUF501,PF04417:DUF501,PF04417:DUF501,PF04417:DUF501,PF04417:DUF501
DIPPA_10649.mRNA.1	PF00078:RVT_1,PF17917:RT_RNaseH
DIPPA_10658.mRNA.1	PF03031:NIF,PF00533:BRCT
DIPPA_10663.mRNA.1	PF13920:zf-C3HC4_3,PF13920:zf-C3HC4_3
DIPPA_10665.mRNA.1	PF13729:TraF_2,PF07941:K_channel_TID
DIPPA_10691.mRNA.1	PF02965:Met_synt_B12,PF00076:RRM_1
DIPPA_10691.mRNA.2	PF02965:Met_synt_B12,PF00076:RRM_1
DIPPA_10693.mRNA.1	PF07889:DUF1664,PF14284:PcfJ,PF07889:DUF1664,PF07889:DUF1664
DIPPA_10707.mRNA.1	PF13185:GAF_2,PF13185:GAF_2
DIPPA_10709.mRNA.1	PF16136:NLS_NINJA_AFP,PF13570:PQQ_3,PF13570:PQQ_3,PF00036:EF-hand_1
DIPPA_10718.mRNA.1	PF03478:DUF295,PF09826:Beta_propel,PF03478:DUF295,PF20606:DUF6799,PF09826:Beta_propel,PF08450:SGL,PF05110:AF-4,PF19149:DUF5831
DIPPA_10719.mRNA.1	PF13570:PQQ_3,PF09826:Beta_propel,PF08309:LVIVD,PF02225:PA,PF03478:DUF295,PF08309:LVIVD,PF03478:DUF295,PF13570:PQQ_3,PF09200:Monellin,PF02225:PA
DIPPA_10720.mRNA.1	PF03478:DUF295,PF09826:Beta_propel,PF08309:LVIVD,PF03478:DUF295,PF09826:Beta_propel,PF16537:T2SSB
DIPPA_10721.mRNA.1	PF10551:MULE,PF00039:fn1,PF00098:zf-CCHC,PF02338:OTU
DIPPA_10723.mRNA.1	PF08309:LVIVD,PF03478:DUF295,PF08309:LVIVD,PF08309:LVIVD,PF03478:DUF295
DIPPA_10729.mRNA.1	PF00467:KOW,PF17136:ribosomal_L24,PF16821:C_Hendra
DIPPA_10757.mRNA.1	PF13640:2OG-FeII_Oxy_3,PF00036:EF-hand_1,PF13202:EF-hand_5,PF00036:EF-hand_1,PF00036:EF-hand_1
DIPPA_10762.mRNA.1	PF00307:CH,PF03372:Exo_endo_phos,PF03372:Exo_endo_phos,PF01080:Presenilin
DIPPA_10763.mRNA.1	PF15679:DUF4665,PF11314:DUF3117,PF09036:Bcr-Abl_Oligo,PF05377:FlaC_arch
DIPPA_10768.mRNA.1	PF12796:Ank_2,PF13637:Ank_4,PF12796:Ank_2
DIPPA_10776.mRNA.1	PF15915:BAT,PF00454:PI3_PI4_kinase
DIPPA_10777.mRNA.1	PF01080:Presenilin,PF13842:Tnp_zf-ribbon_2
DIPPA_10781.mRNA.1	PF00078:RVT_1,PF00078:RVT_1
DIPPA_10782.mRNA.1	PF02681:DUF212,PF02681:DUF212
DIPPA_10782.mRNA.2	PF02681:DUF212,PF02681:DUF212
DIPPA_10785.mRNA.1	PF18504:Csm1_N,PF18504:Csm1_N
DIPPA_10793.mRNA.1	PF02151:UVR,PF02151:UVR,PF00397:WW
DIPPA_10806.mRNA.1	PF01102:Glycophorin_A,PF05641:Agenet,PF05641:Agenet,PF03604:DNA_RNApol_7kD
DIPPA_10811.mRNA.1	PF06724:DUF1206,PF06724:DUF1206
DIPPA_10813.mRNA.1	PF01112:Asparaginase_2,PF01112:Asparaginase_2
DIPPA_10818.mRNA.1	PF00293:NUDIX,PF18345:zf_CCCH_4,PF18345:zf_CCCH_4
DIPPA_10824.mRNA.1	PF19602:DUF6107,PF13565:HTH_32
DIPPA_10825.mRNA.1	PF12796:Ank_2,PF12796:Ank_2
DIPPA_10834.mRNA.1	PF09430:EMC7_beta-sandw,PF09430:EMC7_beta-sandw
DIPPA_10837.mRNA.1	PF07699:Ephrin_rec_like,PF07699:Ephrin_rec_like
DIPPA_10841.mRNA.1	PF21834:DUF6894,PF02037:SAP
DIPPA_10866.mRNA.1	PF04749:PLAC8,PF04749:PLAC8
DIPPA_10871.mRNA.1	PF03221:HTH_Tnp_Tc5,PF03184:DDE_1
DIPPA_10874.mRNA.1	PF16729:DUF5067,PF04508:Pox_A_type_inc,PF04508:Pox_A_type_inc,PF01465:GRIP
DIPPA_10883.mRNA.1	PF03153:TFIIA,PF03107:C1_2
DIPPA_10894.mRNA.1	PF00335:Tetraspanin,PF22673:MCP-like_PDC_1
DIPPA_10909.mRNA.1	PF09425:Jas_motif,PF20524:DUF6739
DIPPA_10912.mRNA.1	PF17820:PDZ_6,PF22592:FCaBP_EF-hand
DIPPA_10919.mRNA.1	PF09848:SLFN-g3_helicase,PF13515:FUSC_2,PF13801:Metal_resist
DIPPA_10923.mRNA.1	PF00564:PB1,PF13909:zf-H2C2_5,PF13909:zf-H2C2_5
DIPPA_10966.mRNA.1	PF05787:PhoX,PF05787:PhoX,PF05787:PhoX,PF05787:PhoX,PF05787:PhoX,PF05787:PhoX,PF05787:PhoX,PF05787:PhoX,PF05787:PhoX,PF05787:PhoX
DIPPA_10967.mRNA.1	PF00023:Ank,PF01402:RHH_1
DIPPA_10974.mRNA.1	PF01437:PSI,PF05403:Plasmodium_HRP
DIPPA_10991.mRNA.1	PF13913:zf-C2HC_2,PF19460:DUF5997
DIPPA_10994.mRNA.1	PF00078:RVT_1,PF00075:RNase_H
DIPPA_10999.mRNA.1	PF19695:DUF6195,PF19695:DUF6195
DIPPA_11002.mRNA.1	PF15228:DAP,PF02893:GRAM
DIPPA_11029.mRNA.1	PF16099:RMI1_C,PF02151:UVR,PF02151:UVR
DIPPA_11029.mRNA.2	PF16099:RMI1_C,PF09765:FANCL_d1,PF02151:UVR
DIPPA_11038.mRNA.1	PF00589:Phage_integrase,PF00589:Phage_integrase,PF18885:DUF5648
DIPPA_11044.mRNA.1	PF17803:Cadherin_4,PF17803:Cadherin_4
DIPPA_11045.mRNA.1	PF17843:MycE_N,PF04977:DivIC
DIPPA_11056.mRNA.1	PF21827:New_glue,PF21827:New_glue
DIPPA_11057.mRNA.1	PF18368:Ig_GlcNase,PF06559:DCD_N
DIPPA_11077.mRNA.1	PF00589:Phage_integrase,PF00589:Phage_integrase,PF18885:DUF5648
DIPPA_11079.mRNA.1	PF00078:RVT_1,PF13966:zf-RVT
DIPPA_11081.mRNA.1	PF16690:MMACHC,PF16690:MMACHC
DIPPA_11083.mRNA.1	PF06747:CHCH,PF19655:DUF6158
DIPPA_11084.mRNA.1	PF17217:UPA,PF00078:RVT_1,PF17919:RT_RNaseH_2
DIPPA_11089.mRNA.1	PF01571:GCV_T,PF15246:NCKAP5,PF02893:GRAM
DIPPA_11102.mRNA.1	PF21094:Nup188_SH3-like,PF21094:Nup188_SH3-like,PF21094:Nup188_SH3-like,PF21094:Nup188_SH3-like,PF21094:Nup188_SH3-like,PF21094:Nup188_SH3-like,PF21094:Nup188_SH3-like,PF21094:Nup188_SH3-like,PF21094:Nup188_SH3-like,PF21094:Nup188_SH3-like,PF21094:Nup188_SH3-like
DIPPA_11110.mRNA.1	PF01851:PC_rep,PF01851:PC_rep,PF01851:PC_rep
DIPPA_11116.mRNA.1	PF02026:RyR,PF20577:Phage_ORF5
DIPPA_11122.mRNA.1	PF00023:Ank,PF00023:Ank,PF00023:Ank
DIPPA_11128.mRNA.1	PF13719:zinc_ribbon_5,PF01485:IBR
DIPPA_11155.mRNA.1	PF13540:RCC1_2,PF13540:RCC1_2
DIPPA_11166.mRNA.1	PF11828:DUF3348,PF11828:DUF3348
DIPPA_11181.mRNA.1	PF14870:PSII_BNR,PF02012:BNR
DIPPA_11205.mRNA.1	PF01699:Na_Ca_ex,PF07219:HemY_N,PF00036:EF-hand_1,PF00036:EF-hand_1,PF01699:Na_Ca_ex
DIPPA_11209.mRNA.1	PF04202:Mfp-3,PF11359:gpUL132
DIPPA_11209.mRNA.2	PF04202:Mfp-3,PF11359:gpUL132
DIPPA_11210.mRNA.1	PF09763:Sec3_CC,PF00622:SPRY
DIPPA_11211.mRNA.1	PF01499:Herpes_UL25,PF00027:cNMP_binding,PF00027:cNMP_binding,PF00027:cNMP_binding
DIPPA_11211.mRNA.2	PF00027:cNMP_binding,PF00027:cNMP_binding
DIPPA_11219.mRNA.1	PF02183:HALZ,PF13870:DUF4201,PF18504:Csm1_N
DIPPA_11219.mRNA.2	PF19220:Crescentin,PF18504:Csm1_N
DIPPA_11219.mRNA.3	PF19220:Crescentin,PF18504:Csm1_N
DIPPA_11225.mRNA.1	PF08702:Fib_alpha,PF04513:Baculo_PEP_C
DIPPA_11238.mRNA.1	PF17454:Bee_toxin,PF18557:NepR,PF18557:NepR
DIPPA_11268.mRNA.1	PF17032:zinc_ribbon_15,PF17032:zinc_ribbon_15
DIPPA_11269.mRNA.1	PF02892:zf-BED,PF05699:Dimer_Tnp_hAT
DIPPA_11273.mRNA.2	PF06657:Cep57_MT_bd,PF14407:Frankia_peptide
DIPPA_11280.mRNA.1	PF13499:EF-hand_7,PF13499:EF-hand_7
DIPPA_11282.mRNA.1	PF08075:NOPS,PF04102:SlyX
DIPPA_11296.mRNA.1	PF15136:UPF0449,PF20667:Sec10_N,PF05791:Bacillus_HBL
DIPPA_11313.mRNA.1	PF11026:DUF2721,PF11026:DUF2721,PF11026:DUF2721
DIPPA_11326.mRNA.1	PF06407:BDV_P40,PF19314:DUF5917
DIPPA_11328.mRNA.1	PF12815:CTD,PF17917:RT_RNaseH,PF12815:CTD
DIPPA_11332.mRNA.1	PF11387:DUF2795,PF17098:Wtap
DIPPA_11350.mRNA.1	PF17820:PDZ_6,PF00246:Peptidase_M14
DIPPA_11352.mRNA.1	PF19202:DUF5874,PF19202:DUF5874
DIPPA_11355.mRNA.1	PF20637:ATG5_HBR,PF00398:RrnaAD,PF02711:Pap_E4,PF00398:RrnaAD,PF02711:Pap_E4
DIPPA_11363.mRNA.1	PF17789:MG4,PF13620:CarboxypepD_reg,PF14752:RBP_receptor,PF14752:RBP_receptor
DIPPA_11368.mRNA.1	PF12253:CAF1A,PF08926:DUF1908
DIPPA_11374.mRNA.1	PF04488:Gly_transf_sug,PF08276:PAN_2,PF08276:PAN_2,PF08276:PAN_2
DIPPA_11376.mRNA.1	PF04712:Radial_spoke,PF04712:Radial_spoke
DIPPA_11382.mRNA.1	PF12937:F-box-like,PF13621:Cupin_8,PF13621:Cupin_8
DIPPA_11404.mRNA.1	PF00787:PX,PF00011:HSP20,PF13473:Cupredoxin_1
DIPPA_11413.mRNA.1	PF16866:PHD_4,PF12862:ANAPC5,PF12862:ANAPC5
DIPPA_11415.mRNA.1	PF19111:DUF5798,PF14712:Snapin_Pallidin
DIPPA_11416.mRNA.1	PF00787:PX,PF00787:PX
DIPPA_11419.mRNA.1	PF13407:Peripla_BP_4,PF02608:Bmp,PF02932:Neur_chan_memb
DIPPA_11427.mRNA.1	PF00078:RVT_1,PF00078:RVT_1,PF21217:PaaA2
DIPPA_11438.mRNA.1	PF09755:DUF2046,PF08065:KI67R,PF21185:RecD_N
DIPPA_11439.mRNA.1	PF21822:Phage_TAC_15,PF07719:TPR_2
DIPPA_11440.mRNA.1	PF17820:PDZ_6,PF22231:Hera_RBD
DIPPA_11444.mRNA.1	PF17217:UPA,PF00078:RVT_1,PF17919:RT_RNaseH_2
DIPPA_11453.mRNA.1	PF12253:CAF1A,PF08926:DUF1908
DIPPA_11463.mRNA.1	PF16331:TolA_bind_tri,PF16532:Phage_tail_NK,PF04102:SlyX,PF04102:SlyX,PF16331:TolA_bind_tri
DIPPA_11473.mRNA.1	PF20102:DUF6492,PF20102:DUF6492
DIPPA_11484.mRNA.1	PF05577:Peptidase_S28,PF09355:Phage_Gp19
DIPPA_11489.mRNA.1	PF03752:ALF,PF09924:LPG_synthase_C
DIPPA_11491.mRNA.1	PF14685:Tricorn_PDZ,PF00595:PDZ,PF14685:Tricorn_PDZ
DIPPA_11503.mRNA.1	PF14312:FG-GAP_2,PF14312:FG-GAP_2,PF00630:Filamin,PF00630:Filamin
DIPPA_11510.mRNA.1	PF01880:Desulfoferrodox,PF01880:Desulfoferrodox,PF01880:Desulfoferrodox,PF01880:Desulfoferrodox,PF03188:Cytochrom_B561
DIPPA_11517.mRNA.1	PF09851:SHOCT,PF00622:SPRY
DIPPA_11525.mRNA.1	PF02173:pKID,PF02173:pKID
DIPPA_11526.mRNA.1	PF12796:Ank_2,PF12796:Ank_2,PF12796:Ank_2,PF13637:Ank_4,PF13857:Ank_5,PF12796:Ank_2,PF12796:Ank_2,PF12796:Ank_2,PF12796:Ank_2
DIPPA_11529.mRNA.1	PF13570:PQQ_3,PF08309:LVIVD,PF20606:DUF6799,PF13517:FG-GAP_3,PF09826:Beta_propel,PF13570:PQQ_3,PF05110:AF-4,PF19149:DUF5831
DIPPA_11532.mRNA.1	PF00643:zf-B_box,PF18545:HalOD1
DIPPA_11537.mRNA.1	PF13677:MotB_plug,PF12925:APP_E2,PF12925:APP_E2
DIPPA_11550.mRNA.1	PF00023:Ank,PF00023:Ank
DIPPA_11551.mRNA.1	PF00023:Ank,PF00023:Ank
DIPPA_11560.mRNA.1	PF00169:PH,PF00169:PH
DIPPA_11573.mRNA.1	PF15247:SLBP_RNA_bind,PF15247:SLBP_RNA_bind,PF06524:NOA36
DIPPA_11577.mRNA.1	PF00589:Phage_integrase,PF00078:RVT_1
DIPPA_11587.mRNA.1	PF13540:RCC1_2,PF00415:RCC1,PF00415:RCC1,PF13540:RCC1_2,PF00415:RCC1
DIPPA_11590.mRNA.1	PF02892:zf-BED,PF05699:Dimer_Tnp_hAT
DIPPA_11599.mRNA.1	PF00036:EF-hand_1,PF00036:EF-hand_1
DIPPA_11599.mRNA.2	PF00036:EF-hand_1,PF00036:EF-hand_1
DIPPA_11606.mRNA.1	PF13428:TPR_14,PF13428:TPR_14
DIPPA_11607.mRNA.1	PF13863:DUF4200,PF13863:DUF4200
DIPPA_11607.mRNA.2	PF01166:TSC22,PF13863:DUF4200,PF13863:DUF4200
DIPPA_11611.mRNA.1	PF13417:GST_N_3,PF02798:GST_N,PF14497:GST_C_3
DIPPA_11615.mRNA.1	PF16494:Na_Ca_ex_C,PF14016:DUF4232,PF16494:Na_Ca_ex_C,PF14016:DUF4232,PF16494:Na_Ca_ex_C,PF14016:DUF4232,PF16494:Na_Ca_ex_C
DIPPA_11627.mRNA.1	PF01936:NYN,PF06785:UPF0242,PF18345:zf_CCCH_4
DIPPA_11632.mRNA.1	PF10234:Cluap1,PF10234:Cluap1
DIPPA_11634.mRNA.1	PF00400:WD40,PF21415:SMK1_alpha_su,PF17820:PDZ_6
DIPPA_11638.mRNA.1	PF00300:His_Phos_1,PF00300:His_Phos_1
DIPPA_11639.mRNA.1	PF08614:ATG16,PF13863:DUF4200,PF13863:DUF4200
DIPPA_11641.mRNA.1	PF22216:Sas-6_C_CC,PF12700:HlyD_2
DIPPA_11651.mRNA.1	PF07306:DUF1455,PF12315:DA1-like
DIPPA_11672.mRNA.1	PF01926:MMR_HSR1,PF18853:LPD37,PF11740:KfrA_N
DIPPA_11675.mRNA.1	PF03372:Exo_endo_phos,PF03372:Exo_endo_phos
DIPPA_11676.mRNA.1	PF14703:PHM7_cyt,PF04791:LMBR1,PF01890:CbiG_C
DIPPA_11677.mRNA.1	PF16131:Torus,PF16131:Torus,PF15994:DUF4770
DIPPA_11679.mRNA.1	PF15905:HMMR_N,PF15905:HMMR_N,PF15289:RFXA_RFXANK_bdg,PF12841:YvrJ,PF05036:SPOR,PF05036:SPOR,PF15905:HMMR_N
DIPPA_11682.mRNA.1	PF00400:WD40,PF00400:WD40,PF08614:ATG16,PF08702:Fib_alpha,PF08702:Fib_alpha
DIPPA_11695.mRNA.1	PF00153:Mito_carr,PF00153:Mito_carr,PF00153:Mito_carr
DIPPA_11709.mRNA.1	PF02434:Fringe,PF04646:DUF604
DIPPA_11720.mRNA.1	PF13385:Laminin_G_3,PF05875:Ceramidase
DIPPA_11743.mRNA.1	PF20506:DUF6732,PF19460:DUF5997
DIPPA_11746.mRNA.1	PF00078:RVT_1,PF21639:ORC5_lid,PF00078:RVT_1,PF09838:DUF2065,PF21639:ORC5_lid
DIPPA_11747.mRNA.1	PF00648:Peptidase_C2,PF22488:Class_2_docking_dom,PF00078:RVT_1,PF13821:DUF4187
DIPPA_11749.mRNA.1	PF13600:DUF4140,PF13600:DUF4140
DIPPA_11749.mRNA.2	PF13600:DUF4140,PF10303:DUF2408
DIPPA_11754.mRNA.1	PF18044:zf-CCCH_4,PF14608:zf-CCCH_2,PF00096:zf-C2H2,PF00078:RVT_1
DIPPA_11772.mRNA.1	PF00078:RVT_1,PF00078:RVT_1
DIPPA_11774.mRNA.1	PF00023:Ank,PF03831:YjdM
DIPPA_11775.mRNA.1	PF08402:TOBE_2,PF08402:TOBE_2
DIPPA_11787.mRNA.1	PF06017:Myosin_TH1,PF06933:SSP160
DIPPA_11790.mRNA.1	PF03221:HTH_Tnp_Tc5,PF03184:DDE_1
DIPPA_11791.mRNA.1	PF13499:EF-hand_7,PF13499:EF-hand_7
DIPPA_11792.mRNA.1	PF21924:XRCC4_CC,PF07889:DUF1664
DIPPA_11793.mRNA.1	PF19158:DUF5840,PF19158:DUF5840,PF19158:DUF5840,PF19158:DUF5840,PF19158:DUF5840
DIPPA_11799.mRNA.1	PF03980:Nnf1,PF00622:SPRY
DIPPA_11802.mRNA.1	PF22806:M_C,PF21831:DUF6891,PF04102:SlyX
DIPPA_11803.mRNA.1	PF19869:DUF6342,PF19869:DUF6342
DIPPA_11807.mRNA.1	PF00755:Carn_acyltransf,PF00755:Carn_acyltransf
DIPPA_11832.mRNA.1	PF16866:PHD_4,PF12862:ANAPC5,PF12862:ANAPC5
DIPPA_11837.mRNA.1	PF04360:Serglycin,PF05598:DUF772,PF00078:RVT_1,PF00078:RVT_1
DIPPA_11841.mRNA.1	PF07699:Ephrin_rec_like,PF07699:Ephrin_rec_like,PF07699:Ephrin_rec_like,PF07699:Ephrin_rec_like,PF07699:Ephrin_rec_like,PF03988:DUF347
DIPPA_11844.mRNA.1	PF07699:Ephrin_rec_like,PF07699:Ephrin_rec_like,PF07699:Ephrin_rec_like,PF07699:Ephrin_rec_like,PF10066:DUF2304
DIPPA_11846.mRNA.1	PF02207:zf-UBR,PF00643:zf-B_box,PF00622:SPRY
DIPPA_11847.mRNA.1	PF00612:IQ,PF00612:IQ,PF00612:IQ,PF00612:IQ,PF00612:IQ
DIPPA_11847.mRNA.2	PF00612:IQ,PF00612:IQ
DIPPA_11847.mRNA.3	PF00612:IQ,PF00612:IQ
DIPPA_11847.mRNA.4	PF00612:IQ,PF00612:IQ
DIPPA_11855.mRNA.1	PF22923:KIF2A-like_1st,PF06266:HrpF,PF12796:Ank_2,PF13637:Ank_4
DIPPA_11877.mRNA.1	PF07364:DUF1485,PF03353:Lin-8
DIPPA_11882.mRNA.1	PF12329:TMF_DNA_bd,PF02183:HALZ,PF12104:Tcell_CD4_C
DIPPA_11892.mRNA.1	PF13499:EF-hand_7,PF13499:EF-hand_7
DIPPA_11892.mRNA.2	PF13499:EF-hand_7,PF13499:EF-hand_7
DIPPA_11898.mRNA.1	PF13920:zf-C3HC4_3,PF22992:C2CH-4th_BIRD-IDD
DIPPA_11918.mRNA.1	PF05812:Herpes_BLRF2,PF00170:bZIP_1,PF09779:Ima1_N,PF07716:bZIP_2
DIPPA_11925.mRNA.1	PF21749:DACND,PF00112:Peptidase_C1
DIPPA_11925.mRNA.2	PF21749:DACND,PF00112:Peptidase_C1
DIPPA_11928.mRNA.1	PF04627:ATP-synt_Eps,PF17919:RT_RNaseH_2
DIPPA_11931.mRNA.1	PF15904:LIP1,PF12799:LRR_4,PF12799:LRR_4,PF00307:CH
DIPPA_11950.mRNA.1	PF13041:PPR_2,PF13041:PPR_2,PF01535:PPR,PF13041:PPR_2,PF13041:PPR_2
DIPPA_11963.mRNA.1	PF00059:Lectin_C,PF02010:REJ,PF01825:GPS,PF01825:GPS
DIPPA_11969.mRNA.1	PF07045:DUF1330,PF02854:MIF4G
DIPPA_11971.mRNA.1	PF22993:EPH_SAM,PF10798:YmgB
DIPPA_11981.mRNA.1	PF19893:DUF6366,PF20882:Sos7,PF19893:DUF6366
DIPPA_11984.mRNA.1	PF10571:UPF0547,PF21639:ORC5_lid
DIPPA_11987.mRNA.1	PF00078:RVT_1,PF00078:RVT_1
DIPPA_11989.mRNA.1	PF16689:APC_N_CC,PF15725:RCDG1
DIPPA_11998.mRNA.1	PF00400:WD40,PF13570:PQQ_3,PF00400:WD40,PF13570:PQQ_3,PF00957:Synaptobrevin
DIPPA_12001.mRNA.1	PF13863:DUF4200,PF07417:Crl
DIPPA_12002.mRNA.1	PF12732:YtxH,PF20663:COG4_N
DIPPA_12011.mRNA.2	PF21403:OTU1_UBXL,PF19310:TOP_N,PF19310:TOP_N
DIPPA_12013.mRNA.1	PF00024:PAN_1,PF13385:Laminin_G_3,PF00024:PAN_1,PF00059:Lectin_C,PF13385:Laminin_G_3,PF13385:Laminin_G_3,PF13385:Laminin_G_3,PF13385:Laminin_G_3
DIPPA_12036.mRNA.1	PF06740:MAP_Futsch,PF06740:MAP_Futsch,PF06740:MAP_Futsch,PF06740:MAP_Futsch,PF06740:MAP_Futsch,PF06740:MAP_Futsch,PF06740:MAP_Futsch,PF06740:MAP_Futsch,PF06740:MAP_Futsch,PF06740:MAP_Futsch
DIPPA_12046.mRNA.1	PF06005:ZapB,PF00036:EF-hand_1
DIPPA_12064.mRNA.1	PF06740:MAP_Futsch,PF06740:MAP_Futsch,PF06740:MAP_Futsch,PF06740:MAP_Futsch,PF06740:MAP_Futsch,PF06740:MAP_Futsch,PF06740:MAP_Futsch,PF06740:MAP_Futsch,PF06740:MAP_Futsch
DIPPA_12081.mRNA.1	PF18044:zf-CCCH_4,PF04425:Bul1_N,PF14608:zf-CCCH_2
DIPPA_12081.mRNA.2	PF18044:zf-CCCH_4,PF04425:Bul1_N
DIPPA_12086.mRNA.1	PF13428:TPR_14,PF13428:TPR_14,PF11516:DUF3220
DIPPA_12087.mRNA.1	PF06740:MAP_Futsch,PF00806:PUF,PF06740:MAP_Futsch,PF00806:PUF,PF06740:MAP_Futsch,PF00806:PUF
DIPPA_12091.mRNA.1	PF13812:PPR_3,PF13812:PPR_3,PF01535:PPR
DIPPA_12094.mRNA.1	PF13913:zf-C2HC_2,PF13913:zf-C2HC_2,PF13913:zf-C2HC_2,PF13913:zf-C2HC_2,PF12773:DZR
DIPPA_12095.mRNA.1	PF19685:DUF6187,PF03153:TFIIA
DIPPA_12096.mRNA.1	PF00023:Ank,PF00036:EF-hand_1
DIPPA_12099.mRNA.1	PF02519:Auxin_inducible,PF20992:CBP66_2nd
DIPPA_12105.mRNA.1	PF06740:MAP_Futsch,PF06740:MAP_Futsch,PF06740:MAP_Futsch,PF06740:MAP_Futsch,PF06740:MAP_Futsch,PF06740:MAP_Futsch,PF06740:MAP_Futsch,PF06740:MAP_Futsch
DIPPA_12106.mRNA.1	PF00732:GMC_oxred_N,PF05199:GMC_oxred_C
DIPPA_12116.mRNA.1	PF09289:FOLN,PF09289:FOLN
DIPPA_12131.mRNA.1	PF18044:zf-CCCH_4,PF14608:zf-CCCH_2,PF00096:zf-C2H2
DIPPA_12132.mRNA.1	PF00179:UQ_con,PF03152:UFD1,PF14555:UBA_4
DIPPA_12132.mRNA.2	PF00179:UQ_con,PF03152:UFD1,PF14555:UBA_4
DIPPA_12143.mRNA.1	PF00226:DnaJ,PF22470:Histone_HNS_N
DIPPA_12143.mRNA.2	PF00226:DnaJ,PF22470:Histone_HNS_N
DIPPA_12156.mRNA.1	PF18547:HalOD2,PF18547:HalOD2
DIPPA_12160.mRNA.1	PF10883:DUF2681,PF10883:DUF2681
DIPPA_12193.mRNA.1	PF05598:DUF772,PF00078:RVT_1,PF00078:RVT_1
DIPPA_12207.mRNA.1	PF04932:Wzy_C,PF06687:SUR7
DIPPA_12216.mRNA.1	PF14316:DUF4381,PF06039:Mqo,PF09849:DUF2076
DIPPA_12219.mRNA.1	PF00225:Kinesin,PF00564:PB1
DIPPA_12221.mRNA.1	PF01442:Apolipoprotein,PF01442:Apolipoprotein
DIPPA_12229.mRNA.1	PF00078:RVT_1,PF00443:UCH
DIPPA_12232.mRNA.1	PF00153:Mito_carr,PF00153:Mito_carr,PF00153:Mito_carr
DIPPA_12236.mRNA.1	PF00053:Laminin_EGF,PF00053:Laminin_EGF,PF00053:Laminin_EGF,PF00053:Laminin_EGF,PF00053:Laminin_EGF
DIPPA_12244.mRNA.1	PF05957:DUF883,PF05957:DUF883
DIPPA_12261.mRNA.1	PF01437:PSI,PF00092:VWA,PF01508:Paramecium_SA,PF00092:VWA,PF01437:PSI,PF00092:VWA,PF00092:VWA
DIPPA_12283.mRNA.1	PF20570:DUF6779,PF00170:bZIP_1
DIPPA_12283.mRNA.2	PF20570:DUF6779,PF00170:bZIP_1
DIPPA_12286.mRNA.1	PF00078:RVT_1,PF17917:RT_RNaseH
DIPPA_12298.mRNA.1	PF21804:Transposase_29,PF11625:DUF3253,PF15458:NTR2
DIPPA_12306.mRNA.1	PF00153:Mito_carr,PF00153:Mito_carr,PF00153:Mito_carr
DIPPA_12328.mRNA.1	PF00076:RRM_1,PF00076:RRM_1
DIPPA_12329.mRNA.1	PF05335:DUF745,PF01318:Bromo_coat,PF13405:EF-hand_6,PF05377:FlaC_arch
DIPPA_12340.mRNA.1	PF02338:OTU,PF00078:RVT_1
DIPPA_12346.mRNA.1	PF00641:zf-RanBP,PF00641:zf-RanBP
DIPPA_12353.mRNA.1	PF13913:zf-C2HC_2,PF19460:DUF5997
DIPPA_12367.mRNA.1	PF05184:SapB_1,PF05184:SapB_1
DIPPA_12369.mRNA.3	PF01414:DSL,PF01833:TIG
DIPPA_12371.mRNA.1	PF00153:Mito_carr,PF00153:Mito_carr,PF00153:Mito_carr,PF00153:Mito_carr
DIPPA_12385.mRNA.1	PF00111:Fer2,PF00111:Fer2
DIPPA_12399.mRNA.1	PF15372:DUF4600,PF13245:AAA_19
DIPPA_12399.mRNA.2	PF11932:DUF3450,PF11932:DUF3450,PF13245:AAA_19
DIPPA_12407.mRNA.1	PF12072:RNase_Y_N,PF12072:RNase_Y_N,PF12072:RNase_Y_N,PF12072:RNase_Y_N,PF12072:RNase_Y_N
DIPPA_12410.mRNA.1	PF08526:PAD_N,PF08526:PAD_N,PF05579:Peptidase_S32
DIPPA_12420.mRNA.1	PF02892:zf-BED,PF05699:Dimer_Tnp_hAT
DIPPA_12422.mRNA.1	PF10278:Med19,PF03964:Chorion_2
DIPPA_12425.mRNA.1	PF00225:Kinesin,PF13094:CENP-Q,PF06005:ZapB
DIPPA_12437.mRNA.1	PF19187:HTH_PafC,PF14013:MT0933_antitox
DIPPA_12449.mRNA.1	PF20102:DUF6492,PF20102:DUF6492
DIPPA_12451.mRNA.1	PF00400:WD40,PF00400:WD40,PF00400:WD40,PF00400:WD40
DIPPA_12452.mRNA.1	PF00149:Metallophos,PF00149:Metallophos
DIPPA_12460.mRNA.1	PF00641:zf-RanBP,PF00468:Ribosomal_L34,PF00641:zf-RanBP,PF00468:Ribosomal_L34
DIPPA_12462.mRNA.1	PF02845:CUE,PF00153:Mito_carr
DIPPA_12484.mRNA.1	PF20841:NtrZ,PF06229:FRG1
DIPPA_12485.mRNA.1	PF01535:PPR,PF02556:SecB
DIPPA_12495.mRNA.1	PF00536:SAM_1,PF16596:MFMR_assoc,PF11994:DUF3489
DIPPA_12495.mRNA.2	PF00536:SAM_1,PF16596:MFMR_assoc,PF11994:DUF3489
DIPPA_12500.mRNA.1	PF00612:IQ,PF00612:IQ,PF00612:IQ,PF00612:IQ
DIPPA_12511.mRNA.1	PF12540:DUF3736,PF16201:NopRA1
DIPPA_12513.mRNA.1	PF14357:DUF4404,PF05650:DUF802
DIPPA_12530.mRNA.1	PF13543:SAM_KSR1,PF14362:DUF4407,PF16533:SOAR
DIPPA_12532.mRNA.1	PF00300:His_Phos_1,PF00300:His_Phos_1
DIPPA_12538.mRNA.1	PF10756:bPH_6,PF10466:Inhibitor_I34
DIPPA_12550.mRNA.1	PF00041:fn3,PF00041:fn3,PF00041:fn3,PF00041:fn3,PF00041:fn3,PF00041:fn3,PF00041:fn3
DIPPA_12566.mRNA.1	PF00400:WD40,PF12660:zf-TFIIIC
DIPPA_12575.mRNA.1	PF00240:ubiquitin,PF04513:Baculo_PEP_C
DIPPA_12578.mRNA.1	PF03440:APT,PF22067:Cep192_D3
DIPPA_12590.mRNA.1	PF03485:Arg_tRNA_synt_N,PF00750:tRNA-synt_1d,PF00750:tRNA-synt_1d,PF05746:DALR_1
DIPPA_12590.mRNA.2	PF03485:Arg_tRNA_synt_N,PF00750:tRNA-synt_1d,PF00750:tRNA-synt_1d,PF05746:DALR_1
DIPPA_12594.mRNA.1	PF12862:ANAPC5,PF12862:ANAPC5
DIPPA_12612.mRNA.1	PF13456:RVT_3,PF17917:RT_RNaseH
DIPPA_12616.mRNA.1	PF13385:Laminin_G_3,PF13385:Laminin_G_3
DIPPA_12617.mRNA.1	PF10198:Ada3,PF10198:Ada3
DIPPA_12627.mRNA.1	PF06565:DM10_dom,PF06565:DM10_dom,PF06565:DM10_dom,PF13405:EF-hand_6,PF13405:EF-hand_6
DIPPA_12628.mRNA.1	PF04819:DUF716,PF13229:Beta_helix,PF13229:Beta_helix
DIPPA_12640.mRNA.1	PF06734:UL97,PF16454:PI3K_P85_iSH2
DIPPA_12642.mRNA.1	PF02377:Dishevelled,PF22812:CR_prot_dom_plant
DIPPA_12659.mRNA.1	PF17295:DUF5348,PF19525:Ets1_N_flank
DIPPA_12667.mRNA.1	PF13041:PPR_2,PF13041:PPR_2
DIPPA_12672.mRNA.1	PF00078:RVT_1,PF00075:RNase_H
DIPPA_12681.mRNA.1	PF02338:OTU,PF10275:Peptidase_C65
DIPPA_12692.mRNA.1	PF08043:Xin,PF08043:Xin,PF08043:Xin,PF03372:Exo_endo_phos
DIPPA_12693.mRNA.1	PF09618:Cas_Csy4,PF11913:DUF3431,PF01239:PPTA,PF11913:DUF3431
DIPPA_12699.mRNA.1	PF07517:SecA_DEAD,PF21090:P-loop_SecA,PF21090:P-loop_SecA,PF00092:VWA
DIPPA_12701.mRNA.1	PF04706:Dickkopf_N,PF04706:Dickkopf_N,PF04706:Dickkopf_N
DIPPA_12705.mRNA.1	PF00009:GTP_EFTU,PF13925:Katanin_con80,PF22621:CurL-like_PKS_C
DIPPA_12717.mRNA.1	PF17651:Raco_middle,PF09416:UPF1_Zn_bind
DIPPA_12721.mRNA.1	PF00734:CBM_1,PF00734:CBM_1,PF12128:DUF3584
DIPPA_12728.mRNA.1	PF13992:YecR,PF00078:RVT_1,PF13992:YecR
DIPPA_12742.mRNA.1	PF14108:ABA4-like,PF08619:Nha1_C
DIPPA_12743.mRNA.1	PF05400:FliT,PF05400:FliT
DIPPA_12750.mRNA.1	PF16326:ABC_tran_CTD,PF16326:ABC_tran_CTD
DIPPA_12755.mRNA.1	PF00240:ubiquitin,PF08690:GET2
DIPPA_12755.mRNA.2	PF00240:ubiquitin,PF08690:GET2,PF00627:UBA
DIPPA_12755.mRNA.3	PF00240:ubiquitin,PF08690:GET2,PF00627:UBA
DIPPA_12757.mRNA.1	PF20513:UBact,PF20513:UBact
DIPPA_12778.mRNA.1	PF07851:TMPIT,PF02764:Diphtheria_T
DIPPA_12790.mRNA.1	PF10571:UPF0547,PF21639:ORC5_lid
DIPPA_12792.mRNA.1	PF05598:DUF772,PF00078:RVT_1,PF00078:RVT_1
DIPPA_12805.mRNA.1	PF16670:PI-PLC-C1,PF16670:PI-PLC-C1
DIPPA_12816.mRNA.1	PF00612:IQ,PF02733:Dak1,PF16917:BPL_LplA_LipB_2
DIPPA_12818.mRNA.1	PF02862:DDHD,PF00536:SAM_1,PF00397:WW
DIPPA_12824.mRNA.1	PF13125:DUF3958,PF19806:DUF6289
DIPPA_12831.mRNA.1	PF00400:WD40,PF00400:WD40,PF14655:RAB3GAP2_N,PF12341:Mcl1_mid,PF20946:Ctf4_C
DIPPA_12838.mRNA.1	PF00589:Phage_integrase,PF00078:RVT_1
DIPPA_12847.mRNA.1	PF14362:DUF4407,PF00261:Tropomyosin
DIPPA_12850.mRNA.1	PF11262:Tho2,PF12326:EOS1
DIPPA_12852.mRNA.1	PF02736:Myosin_N,PF12773:DZR,PF12773:DZR,PF12773:DZR
DIPPA_12856.mRNA.1	PF06844:DUF1244,PF06844:DUF1244
DIPPA_12858.mRNA.1	PF04119:HSP9_HSP12,PF04119:HSP9_HSP12,PF04119:HSP9_HSP12,PF04119:HSP9_HSP12,PF04119:HSP9_HSP12,PF04119:HSP9_HSP12,PF04119:HSP9_HSP12
DIPPA_12860.mRNA.1	PF12732:YtxH,PF04119:HSP9_HSP12,PF04119:HSP9_HSP12,PF04119:HSP9_HSP12,PF04119:HSP9_HSP12,PF04119:HSP9_HSP12
DIPPA_12861.mRNA.1	PF04119:HSP9_HSP12,PF04119:HSP9_HSP12
DIPPA_12863.mRNA.1	PF04119:HSP9_HSP12,PF04119:HSP9_HSP12
DIPPA_12864.mRNA.1	PF04119:HSP9_HSP12,PF04119:HSP9_HSP12,PF04119:HSP9_HSP12,PF04119:HSP9_HSP12,PF04119:HSP9_HSP12
DIPPA_12865.mRNA.1	PF04119:HSP9_HSP12,PF12732:YtxH
DIPPA_12866.mRNA.1	PF04119:HSP9_HSP12,PF12732:YtxH
DIPPA_12868.mRNA.1	PF04119:HSP9_HSP12,PF04119:HSP9_HSP12
DIPPA_12869.mRNA.1	PF15069:FAM163,PF17820:PDZ_6,PF13499:EF-hand_7
DIPPA_12870.mRNA.1	PF12732:YtxH,PF04119:HSP9_HSP12,PF04119:HSP9_HSP12,PF04119:HSP9_HSP12,PF04119:HSP9_HSP12,PF04119:HSP9_HSP12,PF04119:HSP9_HSP12,PF04119:HSP9_HSP12
DIPPA_12872.mRNA.1	PF01683:EB,PF17820:PDZ_6
DIPPA_12877.mRNA.1	PF04119:HSP9_HSP12,PF04119:HSP9_HSP12
DIPPA_12878.mRNA.1	PF04119:HSP9_HSP12,PF04119:HSP9_HSP12
DIPPA_12880.mRNA.1	PF04119:HSP9_HSP12,PF12732:YtxH
DIPPA_12892.mRNA.1	PF00589:Phage_integrase,PF00589:Phage_integrase
DIPPA_12902.mRNA.1	PF14814:UB2H,PF14814:UB2H
DIPPA_12908.mRNA.1	PF03153:TFIIA,PF13842:Tnp_zf-ribbon_2
DIPPA_12924.mRNA.1	PF17694:DUF5540,PF10274:ParcG,PF10274:ParcG
DIPPA_12938.mRNA.1	PF00335:Tetraspanin,PF00335:Tetraspanin,PF22228:CofB_beta-rpt,PF03189:Otopetrin
DIPPA_12953.mRNA.1	PF13516:LRR_6,PF06121:DUF959
DIPPA_12972.mRNA.1	PF05531:NPV_P10,PF12329:TMF_DNA_bd
DIPPA_12982.mRNA.1	PF22600:MTPAP-like_central,PF04928:PAP_central
DIPPA_12994.mRNA.1	PF02687:FtsX,PF02687:FtsX
DIPPA_12995.mRNA.1	PF09791:Oxidored-like,PF00667:FAD_binding_1,PF00175:NAD_binding_1
DIPPA_12996.mRNA.1	PF00396:Granulin,PF00396:Granulin
DIPPA_12996.mRNA.2	PF00396:Granulin,PF00396:Granulin
DIPPA_12996.mRNA.3	PF00396:Granulin,PF00396:Granulin
DIPPA_13013.mRNA.1	PF00078:RVT_1,PF17917:RT_RNaseH
DIPPA_13025.mRNA.1	PF20549:DUF6763,PF02151:UVR,PF02151:UVR,PF00153:Mito_carr,PF00153:Mito_carr,PF00153:Mito_carr
DIPPA_13031.mRNA.1	PF00293:NUDIX,PF00293:NUDIX
DIPPA_13036.mRNA.1	PF15188:CCDC-167,PF15188:CCDC-167
DIPPA_13046.mRNA.1	PF12537:GPHR_N,PF12537:GPHR_N,PF12537:GPHR_N,PF12537:GPHR_N,PF12537:GPHR_N
DIPPA_13049.mRNA.1	PF13565:HTH_32,PF02037:SAP
DIPPA_13050.mRNA.1	PF02021:UPF0102,PF02862:DDHD
DIPPA_13072.mRNA.1	PF00581:Rhodanese,PF00581:Rhodanese,PF00581:Rhodanese
DIPPA_13081.mRNA.1	PF22600:MTPAP-like_central,PF14821:Thr_synth_N,PF03828:PAP_assoc
DIPPA_13084.mRNA.1	PF00078:RVT_1,PF00078:RVT_1
DIPPA_13089.mRNA.1	PF11696:DUF3292,PF07425:Pardaxin
DIPPA_13097.mRNA.1	PF10002:DUF2243,PF15663:zf-CCCH_3
DIPPA_13106.mRNA.1	PF14313:Soyouz_module,PF05920:Homeobox_KN
DIPPA_13114.mRNA.1	PF05598:DUF772,PF00078:RVT_1,PF00078:RVT_1
DIPPA_13116.mRNA.1	PF00078:RVT_1,PF00078:RVT_1
DIPPA_13117.mRNA.1	PF00078:RVT_1,PF00078:RVT_1
DIPPA_13121.mRNA.1	PF00589:Phage_integrase,PF00589:Phage_integrase,PF18885:DUF5648
DIPPA_13122.mRNA.1	PF06320:GCN5L1,PF00573:Ribosomal_L4
DIPPA_13123.mRNA.1	PF06683:DUF1184,PF08651:DASH_Duo1
DIPPA_13132.mRNA.1	PF07498:Rho_N,PF19695:DUF6195,PF19695:DUF6195
DIPPA_13140.mRNA.1	PF02320:UCR_hinge,PF19715:DUF6210
DIPPA_13145.mRNA.1	PF06626:DUF1152,PF06626:DUF1152
DIPPA_13148.mRNA.1	PF03286:Pox_Ag35,PF10417:1-cysPrx_C,PF03286:Pox_Ag35,PF10417:1-cysPrx_C
DIPPA_13148.mRNA.2	PF10417:1-cysPrx_C,PF10417:1-cysPrx_C
DIPPA_13154.mRNA.1	PF00092:VWA,PF00092:VWA
DIPPA_13155.mRNA.1	PF03153:TFIIA,PF03153:TFIIA
DIPPA_13178.mRNA.1	PF16515:HIP1_clath_bdg,PF16515:HIP1_clath_bdg
DIPPA_13181.mRNA.1	PF18505:DUF5619,PF00346:Complex1_49kDa,PF18505:DUF5619
DIPPA_13185.mRNA.1	PF01507:PAPS_reduct,PF11221:Med21
DIPPA_13187.mRNA.1	PF00169:PH,PF00754:F5_F8_type_C,PF00754:F5_F8_type_C
DIPPA_13188.mRNA.1	PF00627:UBA,PF00569:ZZ,PF00569:ZZ,PF00632:HECT
DIPPA_13192.mRNA.1	PF21928:XLF_CC,PF05622:HOOK
DIPPA_13192.mRNA.2	PF21928:XLF_CC,PF05622:HOOK
DIPPA_13204.mRNA.1	PF20675:MPH2,PF00397:WW,PF04891:NifQ
DIPPA_13205.mRNA.1	PF18345:zf_CCCH_4,PF03121:Herpes_UL52
DIPPA_13221.mRNA.1	PF08705:Gag_p6,PF11026:DUF2721
DIPPA_13229.mRNA.1	PF12456:hSac2,PF06017:Myosin_TH1,PF22275:DUF6957,PF13180:PDZ_2,PF06017:Myosin_TH1
DIPPA_13245.mRNA.1	PF00078:RVT_1,PF17917:RT_RNaseH
DIPPA_13246.mRNA.1	PF00188:CAP,PF00188:CAP
DIPPA_13267.mRNA.1	PF05053:Menin,PF15697:DUF4666,PF15697:DUF4666,PF15697:DUF4666
DIPPA_13272.mRNA.1	PF12796:Ank_2,PF12796:Ank_2,PF12796:Ank_2,PF15905:HMMR_N
DIPPA_13285.mRNA.1	PF00076:RRM_1,PF00076:RRM_1,PF03522:SLC12,PF00076:RRM_1
DIPPA_13289.mRNA.1	PF00226:DnaJ,PF01363:FYVE
DIPPA_13294.mRNA.1	PF13589:HATPase_c_3,PF13589:HATPase_c_3,PF22899:SMCHD1_S5,PF06470:SMC_hinge
DIPPA_13295.mRNA.1	PF09531:Ndc1_Nup,PF03107:C1_2
DIPPA_13298.mRNA.1	PF14362:DUF4407,PF06818:Fez1,PF14608:zf-CCCH_2
DIPPA_13324.mRNA.1	PF00078:RVT_1,PF00078:RVT_1
DIPPA_13331.mRNA.1	PF07679:I-set,PF10708:DUF2510,PF07679:I-set,PF10708:DUF2510
DIPPA_13332.mRNA.1	PF01391:Collagen,PF03604:DNA_RNApol_7kD,PF03107:C1_2
DIPPA_13333.mRNA.1	PF08457:Sfi1,PF08457:Sfi1
DIPPA_13334.mRNA.1	PF17345:DUF5375,PF17345:DUF5375
DIPPA_13353.mRNA.1	PF02338:OTU,PF03372:Exo_endo_phos
DIPPA_13357.mRNA.1	PF00078:RVT_1,PF00078:RVT_1
DIPPA_13364.mRNA.1	PF05531:NPV_P10,PF16050:CDC73_N,PF13870:DUF4201,PF13870:DUF4201
DIPPA_13373.mRNA.1	PF21007:FBF1,PF13245:AAA_19
DIPPA_13373.mRNA.2	PF21007:FBF1,PF13245:AAA_19
DIPPA_13378.mRNA.1	PF10350:DUF2428,PF09073:BUD22
DIPPA_13380.mRNA.1	PF02338:OTU,PF03372:Exo_endo_phos
DIPPA_13388.mRNA.1	PF07200:Mod_r,PF07200:Mod_r
DIPPA_13388.mRNA.2	PF07200:Mod_r,PF07200:Mod_r
DIPPA_13388.mRNA.3	PF07200:Mod_r,PF07200:Mod_r
DIPPA_13405.mRNA.1	PF00078:RVT_1,PF00075:RNase_H
DIPPA_13406.mRNA.1	PF01547:SBP_bac_1,PF00499:Oxidored_q3
DIPPA_13413.mRNA.1	PF10473:CENP-F_leu_zip,PF10473:CENP-F_leu_zip,PF10473:CENP-F_leu_zip,PF10473:CENP-F_leu_zip,PF09006:Surfac_D-trimer,PF09006:Surfac_D-trimer,PF10473:CENP-F_leu_zip,PF10473:CENP-F_leu_zip,PF10473:CENP-F_leu_zip
DIPPA_13420.mRNA.1	PF00313:CSD,PF00313:CSD,PF00313:CSD
DIPPA_13424.mRNA.1	PF13180:PDZ_2,PF11942:Spt5_N,PF14475:Mso1_Sec1_bdg
DIPPA_13438.mRNA.1	PF07974:EGF_2,PF07974:EGF_2,PF13385:Laminin_G_3,PF05875:Ceramidase
DIPPA_13444.mRNA.1	PF11559:ADIP,PF19711:DUF6207,PF09890:DUF2117
DIPPA_13458.mRNA.1	PF00078:RVT_1,PF00078:RVT_1
DIPPA_13459.mRNA.1	PF12714:TILa,PF12714:TILa,PF12714:TILa
DIPPA_13460.mRNA.1	PF00092:VWA,PF00092:VWA,PF00092:VWA,PF00092:VWA
DIPPA_13463.mRNA.1	PF07690:MFS_1,PF15439:NYAP_N
DIPPA_13479.mRNA.1	PF17695:DUF5541,PF17695:DUF5541
DIPPA_13483.mRNA.1	PF00078:RVT_1,PF17917:RT_RNaseH
DIPPA_13485.mRNA.1	PF00397:WW,PF13405:EF-hand_6
DIPPA_13493.mRNA.1	PF09141:Talin_middle,PF12867:DinB_2
DIPPA_13498.mRNA.1	PF14555:UBA_4,PF02825:WWE,PF02809:UIM,PF02809:UIM,PF01485:IBR,PF01485:IBR,PF01485:IBR
DIPPA_13499.mRNA.1	PF11719:Drc1-Sld2,PF04799:Fzo_mitofusin,PF13907:CHD1-like_C
DIPPA_13506.mRNA.1	PF03666:NPR3,PF00169:PH,PF17910:FeoB_Cyto,PF13238:AAA_18,PF00169:PH
DIPPA_13508.mRNA.1	PF12796:Ank_2,PF13812:PPR_3,PF13812:PPR_3,PF17177:PPR_long,PF06239:ECSIT_N,PF12688:TPR_5
DIPPA_13512.mRNA.1	PF07647:SAM_2,PF02926:THUMP,PF12777:MT
DIPPA_13515.mRNA.1	PF12761:End3,PF00211:Guanylate_cyc,PF00211:Guanylate_cyc,PF00211:Guanylate_cyc
DIPPA_13520.mRNA.1	PF00042:Globin,PF00042:Globin
DIPPA_13535.mRNA.1	PF14362:DUF4407,PF06818:Fez1,PF14608:zf-CCCH_2
DIPPA_13548.mRNA.1	PF15387:DUF4611,PF04931:DNA_pol_phi,PF13249:SQHop_cyclase_N
DIPPA_13549.mRNA.1	PF05644:Miff,PF17408:MCD_N
DIPPA_13555.mRNA.1	PF18407:GNAT_like,PF18407:GNAT_like
DIPPA_13557.mRNA.1	PF14190:DUF4313,PF01547:SBP_bac_1,PF06687:SUR7,PF14190:DUF4313
DIPPA_13566.mRNA.1	PF12874:zf-met,PF13086:AAA_11,PF13087:AAA_12,PF16476:DUF5053
DIPPA_13569.mRNA.1	PF02333:Phytase,PF14608:zf-CCCH_2,PF14608:zf-CCCH_2
DIPPA_13573.mRNA.1	PF01737:Ycf9,PF01547:SBP_bac_1
DIPPA_13578.mRNA.1	PF00368:HMG-CoA_red,PF11559:ADIP
DIPPA_13581.mRNA.1	PF00069:Pkinase,PF00069:Pkinase
DIPPA_13582.mRNA.1	PF03372:Exo_endo_phos,PF20905:ExsD_C,PF00078:RVT_1
DIPPA_13596.mRNA.1	PF00628:PHD,PF00668:Condensation
DIPPA_13597.mRNA.1	PF00589:Phage_integrase,PF00078:RVT_1,PF01080:Presenilin,PF13842:Tnp_zf-ribbon_2
DIPPA_13604.mRNA.1	PF17070:Thx,PF17070:Thx
DIPPA_13616.mRNA.1	PF00078:RVT_1,PF17917:RT_RNaseH
DIPPA_13631.mRNA.1	PF10350:DUF2428,PF09073:BUD22
DIPPA_13641.mRNA.1	PF14529:Exo_endo_phos_2,PF07428:Tri3,PF06012:DUF908
DIPPA_13651.mRNA.1	PF09177:Syntaxin-6_N,PF09177:Syntaxin-6_N
DIPPA_13653.mRNA.1	PF04756:OST3_OST6,PF09716:ETRAMP,PF17383:kleA_kleC,PF04756:OST3_OST6
DIPPA_13665.mRNA.1	PF21260:Laman-like_dom,PF21260:Laman-like_dom
DIPPA_13675.mRNA.1	PF19033:Intu_longin_3,PF02736:Myosin_N
DIPPA_13680.mRNA.1	PF00612:IQ,PF00612:IQ,PF00612:IQ,PF20947:Flu_PB2_1st
DIPPA_13681.mRNA.1	PF08442:ATP-grasp_2,PF00549:Ligase_CoA
DIPPA_13684.mRNA.1	PF09826:Beta_propel,PF03478:DUF295,PF03478:DUF295,PF16252:DUF4908,PF09826:Beta_propel,PF13570:PQQ_3,PF07811:TadE
DIPPA_13687.mRNA.1	PF03472:Autoind_bind,PF16018:Anillin_N
DIPPA_13693.mRNA.1	PF07039:SGF29_Tudor,PF21549:PRDM2_PR
DIPPA_13696.mRNA.1	PF07004:SHIPPO-rpt,PF07004:SHIPPO-rpt
DIPPA_13697.mRNA.1	PF21554:CCC_C_2nd_pro,PF21554:CCC_C_2nd_pro
DIPPA_13699.mRNA.1	PF03210:Paramyx_P_V_C,PF04513:Baculo_PEP_C
DIPPA_13708.mRNA.1	PF09339:HTH_IclR,PF15258:FAM222A
DIPPA_13741.mRNA.1	PF00240:ubiquitin,PF00023:Ank
DIPPA_13743.mRNA.1	PF13565:HTH_32,PF02037:SAP
DIPPA_13745.mRNA.1	PF00075:RNase_H,PF00075:RNase_H
DIPPA_13753.mRNA.1	PF00078:RVT_1,PF15451:DUF4632,PF21393:Phage_pb10_N
DIPPA_13754.mRNA.1	PF20047:DUF6449,PF03938:OmpH,PF16535:T3SSipB,PF07464:ApoLp-III
DIPPA_13761.mRNA.1	PF00069:Pkinase,PF03153:TFIIA,PF13431:TPR_17,PF13431:TPR_17
DIPPA_13774.mRNA.1	PF17681:GCP_N_terminal,PF04130:GCP_C_terminal
DIPPA_13783.mRNA.1	PF00564:PB1,PF01847:VHL
DIPPA_13792.mRNA.1	PF13253:DUF4044,PF00211:Guanylate_cyc
DIPPA_13794.mRNA.1	PF03188:Cytochrom_B561,PF11143:DUF2919,PF08022:FAD_binding_8
DIPPA_13807.mRNA.1	PF00075:RNase_H,PF00075:RNase_H
DIPPA_13813.mRNA.1	PF00514:Arm,PF00514:Arm
DIPPA_13814.mRNA.1	PF00078:RVT_1,PF17917:RT_RNaseH
DIPPA_13820.mRNA.1	PF18898:DUF5654,PF18898:DUF5654,PF18898:DUF5654,PF18898:DUF5654
DIPPA_13839.mRNA.1	PF10241:KxDL,PF16808:PKcGMP_CC,PF16808:PKcGMP_CC,PF10241:KxDL
DIPPA_13850.mRNA.1	PF21253:Mann_GBD_bact,PF21253:Mann_GBD_bact
DIPPA_13854.mRNA.1	PF00536:SAM_1,PF13972:TetR
DIPPA_13855.mRNA.1	PF10350:DUF2428,PF09073:BUD22
DIPPA_13857.mRNA.1	PF01547:SBP_bac_1,PF06195:DUF996
DIPPA_13864.mRNA.1	PF06810:Phage_GP20,PF06810:Phage_GP20,PF20713:DUF6826,PF00069:Pkinase
DIPPA_13871.mRNA.1	PF16326:ABC_tran_CTD,PF16526:CLZ
DIPPA_13876.mRNA.1	PF12937:F-box-like,PF18907:DUF5662
DIPPA_13886.mRNA.1	PF10551:MULE,PF00039:fn1,PF00098:zf-CCHC,PF02338:OTU
DIPPA_13898.mRNA.1	PF00795:CN_hydrolase,PF02540:NAD_synthase
DIPPA_13918.mRNA.1	PF13041:PPR_2,PF13041:PPR_2,PF07309:FlaF
DIPPA_13920.mRNA.1	PF00078:RVT_1,PF17917:RT_RNaseH
DIPPA_13945.mRNA.1	PF15726:DUF4677,PF13870:DUF4201,PF14712:Snapin_Pallidin
DIPPA_13947.mRNA.1	PF01925:TauE,PF01925:TauE
DIPPA_13958.mRNA.1	PF00675:Peptidase_M16,PF05193:Peptidase_M16_C,PF16187:Peptidase_M16_M,PF22456:PqqF-like_C_4
DIPPA_13978.mRNA.1	PF00096:zf-C2H2,PF00096:zf-C2H2
DIPPA_13992.mRNA.1	PF03222:Trp_Tyr_perm,PF03222:Trp_Tyr_perm
DIPPA_13996.mRNA.1	PF03242:LEA_3a,PF03242:LEA_3a
DIPPA_13997.mRNA.1	PF21613:Pesticin_RB,PF21613:Pesticin_RB
DIPPA_13998.mRNA.1	PF10500:SR-25,PF12572:DUF3752
DIPPA_13998.mRNA.2	PF10500:SR-25,PF12572:DUF3752
DIPPA_13999.mRNA.1	PF03030:H_PPase,PF03030:H_PPase,PF03030:H_PPase
DIPPA_14010.mRNA.1	PF10350:DUF2428,PF08158:SDA1_HEAT
DIPPA_14018.mRNA.1	PF10551:MULE,PF00039:fn1,PF00098:zf-CCHC,PF02338:OTU
DIPPA_14020.mRNA.1	PF11932:DUF3450,PF13391:HNH_2
DIPPA_14023.mRNA.1	PF17070:Thx,PF17070:Thx
DIPPA_14024.mRNA.1	PF06011:TRP,PF12235:FXMRP1_C_core,PF13532:2OG-FeII_Oxy_2
DIPPA_14044.mRNA.1	PF10045:DUF2280,PF20310:HTH_Tnp_2,PF04298:Zn_peptidase_2
DIPPA_14047.mRNA.1	PF00078:RVT_1,PF00078:RVT_1
DIPPA_14074.mRNA.1	PF13880:Acetyltransf_13,PF01535:PPR,PF17177:PPR_long
DIPPA_14078.mRNA.1	PF06823:DUF1236,PF06823:DUF1236,PF06823:DUF1236
DIPPA_14095.mRNA.1	PF00076:RRM_1,PF10500:SR-25
DIPPA_14110.mRNA.1	PF00467:KOW,PF00397:WW,PF03568:Peptidase_C50
DIPPA_14112.mRNA.1	PF15050:SCIMP,PF19355:DUF5932,PF13499:EF-hand_7,PF00036:EF-hand_1
DIPPA_14119.mRNA.1	PF17820:PDZ_6,PF04615:Utp14
DIPPA_14121.mRNA.1	PF11823:Se_S_carrier,PF11823:Se_S_carrier
DIPPA_14125.mRNA.1	PF07498:Rho_N,PF19695:DUF6195,PF19695:DUF6195
DIPPA_14129.mRNA.1	PF03153:TFIIA,PF11083:Relaxase_C
DIPPA_14136.mRNA.1	PF06017:Myosin_TH1,PF03831:YjdM,PF14362:DUF4407,PF18016:SAM_3
DIPPA_14139.mRNA.1	PF09112:N-glycanase_N,PF09113:N-glycanase_C
DIPPA_14159.mRNA.1	PF15626:mono-CXXC,PF06005:ZapB
DIPPA_14166.mRNA.1	PF00075:RNase_H,PF13467:RHH_4
DIPPA_14174.mRNA.1	PF00078:RVT_1,PF17917:RT_RNaseH
DIPPA_14177.mRNA.1	PF00023:Ank,PF00023:Ank,PF00023:Ank
DIPPA_14199.mRNA.1	PF15157:IQCJ-SCHIP1,PF00656:Peptidase_C14
DIPPA_14202.mRNA.1	PF10551:MULE,PF04434:SWIM,PF02338:OTU,PF08601:PAP1
DIPPA_14204.mRNA.1	PF13913:zf-C2HC_2,PF19460:DUF5997
DIPPA_14206.mRNA.2	PF08495:FIST,PF20909:SpGH101_helical,PF10157:BORCS6,PF05402:PqqD
DIPPA_14210.mRNA.2	PF11004:Kdo_hydroxy,PF11004:Kdo_hydroxy
DIPPA_14210.mRNA.3	PF02493:MORN,PF02493:MORN,PF11004:Kdo_hydroxy
DIPPA_14212.mRNA.1	PF13639:zf-RING_2,PF03961:FapA
DIPPA_14217.mRNA.1	PF04102:SlyX,PF09727:CortBP2,PF08614:ATG16
DIPPA_14238.mRNA.1	PF07639:YTV,PF07639:YTV,PF07639:YTV,PF07639:YTV,PF07639:YTV,PF07639:YTV,PF07639:YTV,PF07639:YTV
DIPPA_14239.mRNA.1	PF13913:zf-C2HC_2,PF19460:DUF5997
DIPPA_14245.mRNA.1	PF00069:Pkinase,PF20524:DUF6739
DIPPA_14247.mRNA.1	PF09664:DUF2399,PF09664:DUF2399
DIPPA_14251.mRNA.1	PF00075:RNase_H,PF07205:DUF1413
DIPPA_14255.mRNA.1	PF13445:zf-RING_UBOX,PF00641:zf-RanBP
DIPPA_14258.mRNA.1	PF15205:PLAC9,PF02854:MIF4G
DIPPA_14263.mRNA.1	PF03153:TFIIA,PF07767:Nop53
DIPPA_14273.mRNA.1	PF00130:C1_1,PF00130:C1_1
DIPPA_14277.mRNA.1	PF00078:RVT_1,PF00078:RVT_1
DIPPA_14281.mRNA.1	PF01424:R3H,PF00076:RRM_1,PF00076:RRM_1
DIPPA_14285.mRNA.1	PF09192:Act-Frag_cataly,PF10250:O-FucT
DIPPA_14287.mRNA.1	PF16697:Yop-YscD_cpl,PF14413:Thg1C
DIPPA_14292.mRNA.1	PF00612:IQ,PF00612:IQ,PF00612:IQ
DIPPA_14304.mRNA.1	PF15397:DUF4618,PF15397:DUF4618
DIPPA_14311.mRNA.1	PF07889:DUF1664,PF13863:DUF4200,PF07889:DUF1664,PF07889:DUF1664,PF09105:SelB-wing_1
DIPPA_14311.mRNA.2	PF07889:DUF1664,PF13863:DUF4200,PF07889:DUF1664,PF07889:DUF1664,PF09105:SelB-wing_1
DIPPA_14328.mRNA.1	PF00160:Pro_isomerase,PF00160:Pro_isomerase
DIPPA_14330.mRNA.1	PF00787:PX,PF00787:PX,PF00787:PX,PF00787:PX
DIPPA_14341.mRNA.1	PF12128:DUF3584,PF10428:SOG2
DIPPA_14341.mRNA.2	PF12128:DUF3584,PF10428:SOG2
DIPPA_14343.mRNA.1	PF02469:Fasciclin,PF02469:Fasciclin,PF02469:Fasciclin
DIPPA_14362.mRNA.1	PF00078:RVT_1,PF15451:DUF4632
DIPPA_14369.mRNA.1	PF09765:FANCL_d1,PF08853:DUF1823,PF11382:MctB
DIPPA_14370.mRNA.1	PF00781:DAGK_cat,PF08349:DUF1722
DIPPA_14370.mRNA.2	PF00781:DAGK_cat,PF08349:DUF1722
DIPPA_14376.mRNA.1	PF07539:UTP20_N,PF07539:UTP20_N
DIPPA_14377.mRNA.1	PF10354:BMT5-like,PF12440:MAGE_N,PF12440:MAGE_N,PF12440:MAGE_N,PF12440:MAGE_N,PF12440:MAGE_N
DIPPA_14383.mRNA.1	PF09884:DUF2111,PF09884:DUF2111,PF08613:Cyclin
DIPPA_14385.mRNA.1	PF01880:Desulfoferrodox,PF01880:Desulfoferrodox
DIPPA_14395.mRNA.1	PF03020:LEM,PF02151:UVR,PF02151:UVR
DIPPA_14411.mRNA.1	PF13424:TPR_12,PF09537:DUF2383
DIPPA_14415.mRNA.1	PF20667:Sec10_N,PF20667:Sec10_N,PF21928:XLF_CC
DIPPA_14418.mRNA.1	PF14439:Bd3614-deam,PF03153:TFIIA
DIPPA_14418.mRNA.2	PF14439:Bd3614-deam,PF03153:TFIIA
DIPPA_14420.mRNA.1	PF05375:Pacifastin_I,PF05375:Pacifastin_I,PF05375:Pacifastin_I
DIPPA_14425.mRNA.1	PF12253:CAF1A,PF08926:DUF1908
DIPPA_14428.mRNA.1	PF17820:PDZ_6,PF00076:RRM_1,PF06741:LsmAD,PF06741:LsmAD,PF06741:LsmAD,PF00076:RRM_1
DIPPA_14436.mRNA.1	PF19128:DUF5811,PF19128:DUF5811,PF10948:DUF2635
DIPPA_14451.mRNA.1	PF16526:CLZ,PF16526:CLZ,PF16526:CLZ
DIPPA_14463.mRNA.1	PF17819:Tex55,PF17819:Tex55
DIPPA_14465.mRNA.1	PF00078:RVT_1,PF15451:DUF4632
DIPPA_14473.mRNA.1	PF22791:DUF7011,PF22791:DUF7011
DIPPA_14484.mRNA.1	PF06825:HSBP1,PF13190:PDGLE
DIPPA_14496.mRNA.1	PF00042:Globin,PF00042:Globin
DIPPA_14501.mRNA.1	PF13248:zf-ribbon_3,PF13248:zf-ribbon_3
DIPPA_14502.mRNA.1	PF00023:Ank,PF00023:Ank,PF13499:EF-hand_7
DIPPA_14519.mRNA.1	PF00612:IQ,PF00612:IQ,PF00612:IQ,PF00612:IQ,PF00612:IQ
DIPPA_14524.mRNA.1	PF00130:C1_1,PF20917:AsnRS_N
DIPPA_14534.mRNA.1	PF12894:ANAPC4_WD40,PF03478:DUF295,PF13360:PQQ_2,PF21268:Helic-prim_T7_N
DIPPA_14537.mRNA.1	PF14200:RicinB_lectin_2,PF14200:RicinB_lectin_2,PF14200:RicinB_lectin_2
DIPPA_14538.mRNA.1	PF10507:TMEM65,PF01590:GAF
DIPPA_14539.mRNA.1	PF00078:RVT_1,PF00078:RVT_1
DIPPA_14543.mRNA.1	PF06839:zf-GRF,PF00176:SNF2-rel_dom,PF00271:Helicase_C
DIPPA_14566.mRNA.1	PF08137:DVL,PF14475:Mso1_Sec1_bdg
DIPPA_14572.mRNA.1	PF01529:DHHC,PF01529:DHHC
DIPPA_14584.mRNA.1	PF10350:DUF2428,PF09073:BUD22
DIPPA_14585.mRNA.1	PF07544:Med9,PF15663:zf-CCCH_3
DIPPA_14604.mRNA.1	PF00075:RNase_H,PF00075:RNase_H
DIPPA_14611.mRNA.1	PF13424:TPR_12,PF07719:TPR_2,PF00612:IQ,PF00612:IQ,PF00612:IQ,PF00612:IQ,PF00612:IQ,PF00612:IQ,PF00612:IQ,PF00612:IQ
DIPPA_14630.mRNA.1	PF03153:TFIIA,PF13254:DUF4045,PF03153:TFIIA
DIPPA_14635.mRNA.1	PF04182:B-block_TFIIIC,PF14251:DUF4346,PF12840:HTH_20,PF00865:Osteopontin
DIPPA_14637.mRNA.1	PF00892:EamA,PF00892:EamA,PF00892:EamA
DIPPA_14638.mRNA.1	PF00240:ubiquitin,PF13637:Ank_4
DIPPA_14643.mRNA.1	PF00240:ubiquitin,PF00023:Ank
DIPPA_14656.mRNA.1	PF16646:AXIN1_TNKS_BD,PF16646:AXIN1_TNKS_BD
DIPPA_14660.mRNA.1	PF19407:DUF5979,PF19407:DUF5979
DIPPA_14666.mRNA.1	PF00078:RVT_1,PF13456:RVT_3
DIPPA_14668.mRNA.1	PF05323:Pox_A21,PF05323:Pox_A21
DIPPA_14673.mRNA.1	PF19252:HIND,PF19252:HIND,PF19252:HIND,PF19252:HIND,PF19252:HIND
DIPPA_14694.mRNA.1	PF07992:Pyr_redox_2,PF07992:Pyr_redox_2
DIPPA_14695.mRNA.1	PF17820:PDZ_6,PF00642:zf-CCCH,PF00096:zf-C2H2
DIPPA_14695.mRNA.2	PF17820:PDZ_6,PF00642:zf-CCCH,PF00096:zf-C2H2
DIPPA_14697.mRNA.1	PF02822:Antistasin,PF02822:Antistasin
DIPPA_14712.mRNA.1	PF00078:RVT_1,PF00078:RVT_1
DIPPA_14715.mRNA.1	PF00024:PAN_1,PF03407:Nucleotid_trans,PF20881:G1_gp67_C
DIPPA_14716.mRNA.1	PF12808:Mto2_bdg,PF12808:Mto2_bdg
DIPPA_14727.mRNA.1	PF12871:PRP38_assoc,PF00036:EF-hand_1
DIPPA_14734.mRNA.1	PF00261:Tropomyosin,PF00261:Tropomyosin
DIPPA_14743.mRNA.1	PF19893:DUF6366,PF20882:Sos7,PF19893:DUF6366
DIPPA_14750.mRNA.1	PF03399:SAC3_GANP,PF00397:WW
DIPPA_14756.mRNA.1	PF18806:Importin_rep_3,PF18806:Importin_rep_3,PF18806:Importin_rep_3
DIPPA_14758.mRNA.1	PF04145:Ctr,PF04145:Ctr,PF22855:DNM3A_N
DIPPA_14765.mRNA.1	PF12329:TMF_DNA_bd,PF02183:HALZ,PF12104:Tcell_CD4_C
DIPPA_14769.mRNA.1	PF05060:MGAT2,PF07859:Abhydrolase_3
DIPPA_14774.mRNA.1	PF00295:Glyco_hydro_28,PF13229:Beta_helix
DIPPA_14775.mRNA.1	PF14362:DUF4407,PF09080:K-cyclin_vir_C
DIPPA_14835.mRNA.1	PF00169:PH,PF14362:DUF4407
DIPPA_14837.mRNA.1	PF10002:DUF2243,PF15663:zf-CCCH_3
DIPPA_14838.mRNA.1	PF09486:HrpB7,PF16808:PKcGMP_CC
DIPPA_14855.mRNA.1	PF01363:FYVE,PF10056:DUF2293,PF10056:DUF2293
DIPPA_14862.mRNA.1	PF02906:Fe_hyd_lg_C,PF02906:Fe_hyd_lg_C
DIPPA_14868.mRNA.1	PF10428:SOG2,PF13041:PPR_2,PF13041:PPR_2,PF13041:PPR_2
DIPPA_14870.mRNA.1	PF00642:zf-CCCH,PF09630:DUF2024,PF06194:Phage_Orf51
DIPPA_14877.mRNA.1	PF02214:BTB_2,PF14392:zf-CCHC_4
DIPPA_14889.mRNA.1	PF22291:DUF6964,PF05013:FGase,PF05013:FGase
DIPPA_14890.mRNA.1	PF01817:CM_2,PF13812:PPR_3
DIPPA_14893.mRNA.1	PF17820:PDZ_6,PF16088:BORCS7,PF18041:MapZ_EC1,PF07028:DUF1319
DIPPA_14905.mRNA.1	PF00561:Abhydrolase_1,PF00561:Abhydrolase_1
DIPPA_14913.mRNA.1	PF12999:PRKCSH-like,PF02892:zf-BED,PF04937:DUF659,PF00831:Ribosomal_L29,PF05699:Dimer_Tnp_hAT
DIPPA_14922.mRNA.1	PF06470:SMC_hinge,PF14703:PHM7_cyt
DIPPA_14923.mRNA.1	PF09664:DUF2399,PF16366:CEBP_ZZ
DIPPA_14933.mRNA.1	PF06017:Myosin_TH1,PF16808:PKcGMP_CC,PF16808:PKcGMP_CC,PF03091:CutA1,PF16808:PKcGMP_CC
DIPPA_14936.mRNA.1	PF10500:SR-25,PF00176:SNF2-rel_dom
DIPPA_14939.mRNA.1	PF18913:FBPase_C,PF18913:FBPase_C,PF18913:FBPase_C
DIPPA_14943.mRNA.1	PF22120:T6SS_Tse3_N,PF22120:T6SS_Tse3_N,PF22120:T6SS_Tse3_N,PF22120:T6SS_Tse3_N
DIPPA_14946.mRNA.1	PF04503:SSDP,PF11875:DnaJ-like_C11_C,PF11875:DnaJ-like_C11_C,PF02983:Pro_Al_protease,PF11875:DnaJ-like_C11_C,PF11875:DnaJ-like_C11_C,PF00627:UBA
DIPPA_14960.mRNA.1	PF13516:LRR_6,PF13004:BACON
DIPPA_14961.mRNA.1	PF07691:PA14,PF07691:PA14,PF07691:PA14,PF07691:PA14
DIPPA_14961.mRNA.2	PF07691:PA14,PF07691:PA14,PF07691:PA14,PF07691:PA14
DIPPA_14961.mRNA.3	PF07691:PA14,PF07691:PA14,PF07691:PA14,PF07691:PA14
DIPPA_14964.mRNA.1	PF22592:FCaBP_EF-hand,PF04664:OGFr_N
DIPPA_14969.mRNA.1	PF19731:DUF6222,PF06397:Desulfoferrod_N,PF02338:OTU,PF13894:zf-C2H2_4
DIPPA_14973.mRNA.1	PF02176:zf-TRAF,PF02176:zf-TRAF,PF17820:PDZ_6
DIPPA_14976.mRNA.1	PF11448:DUF3005,PF21263:Acyl-CoA-dh_C,PF21263:Acyl-CoA-dh_C,PF14348:DUF4400
DIPPA_14984.mRNA.1	PF04039:MnhB,PF04039:MnhB,PF03203:MerC
DIPPA_14986.mRNA.1	PF04428:Choline_kin_N,PF08956:DUF1869
DIPPA_14994.mRNA.1	PF12072:RNase_Y_N,PF09278:MerR-DNA-bind,PF09278:MerR-DNA-bind
DIPPA_14996.mRNA.1	PF00400:WD40,PF12341:Mcl1_mid,PF08337:Plexin_cytopl
DIPPA_14999.mRNA.1	PF11358:DUF3158,PF11358:DUF3158
DIPPA_15012.mRNA.1	PF21266:RRP4_S1,PF06701:MIB_HERC2
DIPPA_15022.mRNA.1	PF15330:SIT,PF18115:Tudor_3
DIPPA_15025.mRNA.1	PF12796:Ank_2,PF12796:Ank_2,PF12796:Ank_2
DIPPA_15036.mRNA.1	PF13499:EF-hand_7,PF00520:Ion_trans,PF00027:cNMP_binding,PF18876:AFF4_CHD
DIPPA_15044.mRNA.1	PF13540:RCC1_2,PF13540:RCC1_2,PF13540:RCC1_2,PF13540:RCC1_2,PF00415:RCC1,PF13540:RCC1_2,PF13540:RCC1_2
DIPPA_15051.mRNA.1	PF00078:RVT_1,PF17917:RT_RNaseH
DIPPA_15055.mRNA.1	PF12072:RNase_Y_N,PF09278:MerR-DNA-bind,PF09278:MerR-DNA-bind,PF22628:zf-CCCH_10
DIPPA_15056.mRNA.1	PF03351:DOMON,PF03351:DOMON,PF03351:DOMON,PF03351:DOMON
DIPPA_15058.mRNA.1	PF03351:DOMON,PF03351:DOMON,PF03351:DOMON,PF03351:DOMON
DIPPA_15085.mRNA.1	PF08647:BRE1,PF06021:Gly_acyl_tr_N
DIPPA_15085.mRNA.2	PF08647:BRE1,PF06021:Gly_acyl_tr_N
DIPPA_15092.mRNA.1	PF00635:Motile_Sperm,PF14153:Spore_coat_CotO
DIPPA_15093.mRNA.1	PF09119:SicP-binding,PF21196:PcrA_UvrD_tudor
DIPPA_15109.mRNA.1	PF16499:Melibiase_2,PF16499:Melibiase_2,PF16499:Melibiase_2,PF17801:Melibiase_C
DIPPA_15111.mRNA.1	PF00808:CBFD_NFYB_HMF,PF00125:Histone
DIPPA_15116.mRNA.1	PF13714:PEP_mutase,PF02456:Adeno_IVa2
DIPPA_15128.mRNA.1	PF01080:Presenilin,PF13842:Tnp_zf-ribbon_2
DIPPA_15134.mRNA.1	PF13302:Acetyltransf_3,PF13302:Acetyltransf_3
DIPPA_15147.mRNA.1	PF18044:zf-CCCH_4,PF22628:zf-CCCH_10,PF00096:zf-C2H2
DIPPA_15153.mRNA.1	PF15984:Collagen_mid,PF22944:DGKD_4H,PF05397:Med15_fungi
DIPPA_15173.mRNA.1	PF00612:IQ,PF00612:IQ
DIPPA_15196.mRNA.1	PF04977:DivIC,PF06074:DUF935,PF06074:DUF935
DIPPA_15226.mRNA.1	PF00038:Filament,PF13851:GAS
DIPPA_15230.mRNA.1	PF04563:RNA_pol_Rpb2_1,PF04565:RNA_pol_Rpb2_3,PF04566:RNA_pol_Rpb2_4,PF04567:RNA_pol_Rpb2_5,PF00562:RNA_pol_Rpb2_6,PF04560:RNA_pol_Rpb2_7
DIPPA_15239.mRNA.1	PF18044:zf-CCCH_4,PF14608:zf-CCCH_2,PF03153:TFIIA
DIPPA_15253.mRNA.1	PF06698:DUF1192,PF07439:DUF1515,PF10500:SR-25,PF10500:SR-25,PF10500:SR-25,PF10500:SR-25,PF10500:SR-25,PF10500:SR-25,PF10500:SR-25,PF06701:MIB_HERC2
DIPPA_15314.mRNA.1	PF10224:DUF2205,PF01519:DUF16,PF05859:Mis12
DIPPA_15332.mRNA.1	PF12329:TMF_DNA_bd,PF02090:SPAM
DIPPA_15346.mRNA.1	PF00505:HMG_box,PF00505:HMG_box
DIPPA_15352.mRNA.1	PF00078:RVT_1,PF00443:UCH
DIPPA_15359.mRNA.1	PF12796:Ank_2,PF00023:Ank,PF12796:Ank_2,PF00023:Ank,PF12796:Ank_2,PF00023:Ank,PF00023:Ank
DIPPA_15361.mRNA.1	PF21007:FBF1,PF12938:M_domain,PF12938:M_domain,PF12938:M_domain,PF12938:M_domain
DIPPA_15363.mRNA.1	PF13606:Ank_3,PF00023:Ank
DIPPA_15368.mRNA.2	PF06743:FAST_1,PF06743:FAST_1
DIPPA_15386.mRNA.1	PF08663:HalX,PF05849:L-fibroin,PF00918:Gastrin
DIPPA_15387.mRNA.1	PF12796:Ank_2,PF12796:Ank_2
DIPPA_15388.mRNA.1	PF18281:BILBO1_N,PF18281:BILBO1_N
DIPPA_15404.mRNA.1	PF07309:FlaF,PF07309:FlaF,PF04732:Filament_head,PF14477:Mso1_C,PF14477:Mso1_C
DIPPA_15409.mRNA.1	PF03924:CHASE,PF03924:CHASE
DIPPA_15411.mRNA.1	PF16004:EFTUD2,PF16619:SUIM_assoc
DIPPA_15412.mRNA.1	PF13202:EF-hand_5,PF19010:DUF5739,PF19010:DUF5739
DIPPA_15413.mRNA.1	PF17917:RT_RNaseH,PF17917:RT_RNaseH
DIPPA_15422.mRNA.1	PF00093:VWC,PF00093:VWC
DIPPA_15430.mRNA.1	PF13499:EF-hand_7,PF00036:EF-hand_1,PF13499:EF-hand_7
DIPPA_15435.mRNA.1	PF00612:IQ,PF00612:IQ
DIPPA_15437.mRNA.1	PF18495:VbhA,PF18495:VbhA,PF18495:VbhA
DIPPA_15481.mRNA.1	PF00583:Acetyltransf_1,PF00583:Acetyltransf_1
DIPPA_15484.mRNA.1	PF13385:Laminin_G_3,PF13385:Laminin_G_3,PF13385:Laminin_G_3
DIPPA_15491.mRNA.1	PF17917:RT_RNaseH,PF02892:zf-BED
DIPPA_15504.mRNA.1	PF12573:OxoDH_E1alpha_N,PF12573:OxoDH_E1alpha_N
DIPPA_15506.mRNA.1	PF00642:zf-CCCH,PF00642:zf-CCCH
DIPPA_15509.mRNA.1	PF21936:Pcf11_C,PF17991:Thioredoxin_10,PF21936:Pcf11_C,PF07204:Orthoreo_P10
DIPPA_15511.mRNA.1	PF00078:RVT_1,PF00443:UCH
DIPPA_15519.mRNA.1	PF18898:DUF5654,PF18898:DUF5654,PF18898:DUF5654,PF18898:DUF5654
DIPPA_15524.mRNA.1	PF10551:MULE,PF04434:SWIM,PF02338:OTU,PF08601:PAP1
DIPPA_15530.mRNA.1	PF13180:PDZ_2,PF13499:EF-hand_7,PF13499:EF-hand_7,PF13405:EF-hand_6
DIPPA_15545.mRNA.1	PF10409:PTEN_C2,PF02181:FH2
DIPPA_15546.mRNA.1	PF05375:Pacifastin_I,PF09289:FOLN,PF09289:FOLN,PF05375:Pacifastin_I,PF09289:FOLN,PF09289:FOLN,PF05375:Pacifastin_I,PF09289:FOLN,PF05375:Pacifastin_I,PF09289:FOLN,PF05375:Pacifastin_I,PF09289:FOLN
DIPPA_15550.mRNA.1	PF05375:Pacifastin_I,PF09289:FOLN,PF09289:FOLN,PF05375:Pacifastin_I
DIPPA_15554.mRNA.1	PF11596:DUF3246,PF13671:AAA_33
DIPPA_15556.mRNA.1	PF00078:RVT_1,PF17919:RT_RNaseH_2
DIPPA_15570.mRNA.1	PF10473:CENP-F_leu_zip,PF10473:CENP-F_leu_zip,PF16326:ABC_tran_CTD
DIPPA_15579.mRNA.1	PF06784:UPF0240,PF08239:SH3_3
DIPPA_15580.mRNA.2	PF20487:DUF6726,PF20487:DUF6726
DIPPA_15583.mRNA.1	PF12937:F-box-like,PF00400:WD40,PF00400:WD40
DIPPA_15585.mRNA.1	PF08515:TGF_beta_GS,PF00589:Phage_integrase
DIPPA_15598.mRNA.1	PF02889:Sec63,PF21157:DksA_N,PF04977:DivIC
DIPPA_15608.mRNA.1	PF15682:Mustang,PF07344:Amastin
DIPPA_15611.mRNA.1	PF13670:PepSY_2,PF17784:Sulfotransfer_4
DIPPA_15614.mRNA.1	PF00078:RVT_1,PF15481:CPG4,PF00075:RNase_H
DIPPA_15619.mRNA.1	PF13305:TetR_C_33,PF11262:Tho2
DIPPA_15628.mRNA.1	PF05035:DGOK,PF01129:ART,PF22586:ANCHR-like_BBOX,PF22586:ANCHR-like_BBOX,PF22586:ANCHR-like_BBOX
DIPPA_15629.mRNA.1	PF22586:ANCHR-like_BBOX,PF22586:ANCHR-like_BBOX,PF22586:ANCHR-like_BBOX,PF00397:WW
DIPPA_15630.mRNA.1	PF11577:NEMO,PF08720:Hema_stalk,PF02187:GAS2
DIPPA_15636.mRNA.1	PF00589:Phage_integrase,PF00589:Phage_integrase
DIPPA_15643.mRNA.1	PF15451:DUF4632,PF19460:DUF5997
DIPPA_15664.mRNA.1	PF20637:ATG5_HBR,PF00398:RrnaAD,PF02711:Pap_E4,PF00398:RrnaAD,PF02711:Pap_E4
DIPPA_15675.mRNA.1	PF00078:RVT_1,PF00443:UCH
DIPPA_15676.mRNA.1	PF05773:RWD,PF17978:zf-RING_14
DIPPA_15679.mRNA.1	PF01814:Hemerythrin,PF14626:RNase_Zc3h12a_2
DIPPA_15690.mRNA.1	PF22324:HTH_91,PF02229:PC4,PF02229:PC4
DIPPA_15696.mRNA.1	PF04119:HSP9_HSP12,PF04119:HSP9_HSP12
DIPPA_15707.mRNA.1	PF16025:CaM_bind,PF13935:Ead_Ea22
DIPPA_15712.mRNA.1	PF16619:SUIM_assoc,PF16619:SUIM_assoc
DIPPA_15733.mRNA.1	PF07364:DUF1485,PF03353:Lin-8
DIPPA_15740.mRNA.1	PF12951:PATR,PF12951:PATR,PF15979:Glyco_hydro_115,PF19190:BACON_2,PF17829:GH115_C,PF13620:CarboxypepD_reg
DIPPA_15743.mRNA.1	PF00024:PAN_1,PF13385:Laminin_G_3,PF00024:PAN_1,PF00024:PAN_1,PF13385:Laminin_G_3,PF00024:PAN_1,PF13385:Laminin_G_3,PF00024:PAN_1,PF13385:Laminin_G_3,PF00024:PAN_1,PF13385:Laminin_G_3
DIPPA_15747.mRNA.1	PF03153:TFIIA,PF13842:Tnp_zf-ribbon_2
DIPPA_15749.mRNA.1	PF12951:PATR,PF12951:PATR,PF15979:Glyco_hydro_115,PF19190:BACON_2,PF17829:GH115_C,PF13620:CarboxypepD_reg
DIPPA_15760.mRNA.1	PF00036:EF-hand_1,PF10591:SPARC_Ca_bdg,PF00036:EF-hand_1
DIPPA_15760.mRNA.2	PF00036:EF-hand_1,PF10591:SPARC_Ca_bdg,PF00036:EF-hand_1
DIPPA_15767.mRNA.1	PF00023:Ank,PF00023:Ank
DIPPA_15771.mRNA.1	PF16678:HOIP-UBA,PF03755:YicC-like_N
DIPPA_15772.mRNA.1	PF02825:WWE,PF21558:Pept_S41_N_bact
DIPPA_15775.mRNA.1	PF21047:Maestro_HEAT,PF13456:RVT_3
DIPPA_15782.mRNA.1	PF00564:PB1,PF01847:VHL
DIPPA_15787.mRNA.1	PF14362:DUF4407,PF06818:Fez1,PF14608:zf-CCCH_2
DIPPA_15788.mRNA.1	PF13418:Kelch_4,PF01344:Kelch_1
DIPPA_15795.mRNA.1	PF05812:Herpes_BLRF2,PF21463:Cry1Ac_dom-VII
DIPPA_15798.mRNA.1	PF11992:TgpA_N,PF11992:TgpA_N
DIPPA_15802.mRNA.1	PF02959:Tax,PF07699:Ephrin_rec_like,PF02959:Tax,PF07699:Ephrin_rec_like,PF07699:Ephrin_rec_like,PF07699:Ephrin_rec_like,PF12877:KIAA1549
DIPPA_15809.mRNA.1	PF04256:DUF434,PF04256:DUF434
DIPPA_15813.mRNA.1	PF07992:Pyr_redox_2,PF07992:Pyr_redox_2,PF07992:Pyr_redox_2
DIPPA_15830.mRNA.1	PF00078:RVT_1,PF00078:RVT_1
DIPPA_15836.mRNA.1	PF03153:TFIIA,PF13842:Tnp_zf-ribbon_2
DIPPA_15853.mRNA.1	PF01129:ART,PF12796:Ank_2,PF01129:ART
DIPPA_15854.mRNA.1	PF04954:SIP,PF13499:EF-hand_7
DIPPA_15866.mRNA.1	PF15492:Nbas_N,PF00092:VWA,PF00092:VWA,PF00092:VWA,PF00092:VWA
DIPPA_15868.mRNA.1	PF01678:DAP_epimerase,PF01678:DAP_epimerase,PF02820:MBT
DIPPA_15868.mRNA.2	PF01678:DAP_epimerase,PF01678:DAP_epimerase,PF02820:MBT
DIPPA_15868.mRNA.3	PF01678:DAP_epimerase,PF01678:DAP_epimerase,PF02820:MBT
DIPPA_15868.mRNA.4	PF01678:DAP_epimerase,PF01678:DAP_epimerase,PF02820:MBT
DIPPA_15875.mRNA.1	PF13416:SBP_bac_8,PF13416:SBP_bac_8,PF00892:EamA,PF17534:DUF5453
DIPPA_15891.mRNA.1	PF01547:SBP_bac_1,PF06195:DUF996,PF11239:DUF3040,PF10874:DUF2746
DIPPA_15891.mRNA.2	PF06195:DUF996,PF11239:DUF3040,PF10874:DUF2746
DIPPA_15914.mRNA.1	PF03472:Autoind_bind,PF16018:Anillin_N
DIPPA_15916.mRNA.1	PF01166:TSC22,PF00642:zf-CCCH,PF00642:zf-CCCH
DIPPA_15940.mRNA.1	PF03226:Yippee-Mis18,PF03226:Yippee-Mis18
DIPPA_15946.mRNA.1	PF00646:F-box,PF17820:PDZ_6,PF17820:PDZ_6
DIPPA_15951.mRNA.1	PF03372:Exo_endo_phos,PF00078:RVT_1,PF00078:RVT_1
DIPPA_15952.mRNA.1	PF17102:Stealth_CR3,PF13974:YebO
DIPPA_15962.mRNA.1	PF08309:LVIVD,PF21309:C5_CUB,PF08309:LVIVD,PF08309:LVIVD,PF08309:LVIVD,PF05281:Secretogranin_V
DIPPA_15968.mRNA.1	PF08309:LVIVD,PF08309:LVIVD,PF08309:LVIVD,PF08309:LVIVD,PF08309:LVIVD
DIPPA_15978.mRNA.1	PF02439:Adeno_E3_CR2,PF13639:zf-RING_2,PF13639:zf-RING_2
DIPPA_15982.mRNA.1	PF01593:Amino_oxidase,PF01593:Amino_oxidase
DIPPA_15983.mRNA.1	PF08309:LVIVD,PF08309:LVIVD,PF08309:LVIVD,PF08309:LVIVD,PF08309:LVIVD
DIPPA_15984.mRNA.1	PF22571:LiaI-LiaF-TM_PspC,PF22571:LiaI-LiaF-TM_PspC
DIPPA_15986.mRNA.1	PF08309:LVIVD,PF08309:LVIVD,PF08309:LVIVD,PF08309:LVIVD,PF08309:LVIVD
DIPPA_15992.mRNA.1	PF15619:Lebercilin,PF15619:Lebercilin,PF09036:Bcr-Abl_Oligo,PF07875:Coat_F
DIPPA_15993.mRNA.1	PF02310:B12-binding,PF02872:5_nucleotid_C
DIPPA_16003.mRNA.1	PF05485:THAP,PF13870:DUF4201
DIPPA_16004.mRNA.1	PF08309:LVIVD,PF08309:LVIVD,PF08309:LVIVD,PF08309:LVIVD,PF08309:LVIVD
DIPPA_16006.mRNA.1	PF17820:PDZ_6,PF22282:CydS
DIPPA_16015.mRNA.1	PF17829:GH115_C,PF17829:GH115_C
DIPPA_16021.mRNA.1	PF17719:DUF5564,PF17562:Styelin
DIPPA_16047.mRNA.1	PF02493:MORN,PF04968:CHORD
DIPPA_16051.mRNA.1	PF00583:Acetyltransf_1,PF13637:Ank_4,PF21646:ACTMAP-like_C
DIPPA_16054.mRNA.1	PF10446:DUF2457,PF04500:FLYWCH,PF00872:Transposase_mut,PF15341:SLX9
DIPPA_16058.mRNA.1	PF10444:Nbl1_Borealin_N,PF09753:Use1
DIPPA_16073.mRNA.1	PF13428:TPR_14,PF13428:TPR_14
DIPPA_16086.mRNA.1	PF01706:FliG_C,PF17946:RecC_C,PF11090:Phage_T7_Gp13
DIPPA_16117.mRNA.1	PF15145:DUF4577,PF00335:Tetraspanin,PF00211:Guanylate_cyc
DIPPA_16136.mRNA.1	PF00130:C1_1,PF20917:AsnRS_N
DIPPA_16140.mRNA.1	PF19904:DUF6377,PF19904:DUF6377,PF00211:Guanylate_cyc
DIPPA_16150.mRNA.1	PF00076:RRM_1,PF00642:zf-CCCH,PF00076:RRM_1
DIPPA_16156.mRNA.1	PF17240:DUF5313,PF02368:Big_2,PF01642:MM_CoA_mutase
DIPPA_16165.mRNA.1	PF17741:DUF5578,PF13380:CoA_binding_2
DIPPA_16175.mRNA.1	PF15276:PP1_bind,PF15276:PP1_bind,PF10351:FMP27-BLTP2_C
DIPPA_16179.mRNA.1	PF00027:cNMP_binding,PF00027:cNMP_binding
DIPPA_16187.mRNA.1	PF00078:RVT_1,PF00078:RVT_1
DIPPA_16194.mRNA.1	PF06818:Fez1,PF06818:Fez1,PF06818:Fez1,PF06818:Fez1,PF06818:Fez1
DIPPA_16199.mRNA.1	PF00078:RVT_1,PF17917:RT_RNaseH
DIPPA_16214.mRNA.1	PF02892:zf-BED,PF05699:Dimer_Tnp_hAT
DIPPA_16230.mRNA.1	PF00092:VWA,PF00092:VWA,PF07974:EGF_2
DIPPA_16256.mRNA.1	PF18407:GNAT_like,PF14447:Prok-RING_4
DIPPA_16263.mRNA.1	PF00078:RVT_1,PF00078:RVT_1
DIPPA_16287.mRNA.1	PF05458:Siva,PF11343:DUF3145
DIPPA_16294.mRNA.1	PF04626:DEC-1_C,PF14712:Snapin_Pallidin,PF14712:Snapin_Pallidin
DIPPA_16298.mRNA.1	PF18139:LSDAT_euk,PF14015:DUF4231,PF18181:SLATT_1
DIPPA_16306.mRNA.1	PF12906:RINGv,PF12387:Peptidase_C74
DIPPA_16314.mRNA.1	PF13405:EF-hand_6,PF13405:EF-hand_6,PF13405:EF-hand_6,PF13405:EF-hand_6
DIPPA_16318.mRNA.1	PF01166:TSC22,PF10158:LOH1CR12,PF10158:LOH1CR12
DIPPA_16322.mRNA.1	PF13851:GAS,PF00612:IQ,PF00612:IQ
DIPPA_16331.mRNA.1	PF03833:PolC_DP2,PF15826:PUMA
DIPPA_16340.mRNA.1	PF18857:LPD38,PF18857:LPD38,PF18857:LPD38
DIPPA_16366.mRNA.1	PF05859:Mis12,PF05859:Mis12
DIPPA_16366.mRNA.2	PF05859:Mis12,PF05859:Mis12
DIPPA_16366.mRNA.3	PF05859:Mis12,PF05859:Mis12
DIPPA_16366.mRNA.4	PF05859:Mis12,PF05859:Mis12
DIPPA_16370.mRNA.1	PF10500:SR-25,PF00076:RRM_1
DIPPA_16378.mRNA.2	PF22782:Sde2_C,PF00569:ZZ
DIPPA_16380.mRNA.1	PF18504:Csm1_N,PF18504:Csm1_N
DIPPA_16383.mRNA.1	PF07581:Glug,PF07581:Glug
DIPPA_16391.mRNA.1	PF19592:DUF6097,PF19745:FUT8_N_cat
DIPPA_16399.mRNA.1	PF11593:Med3,PF16740:SKA2,PF00169:PH
DIPPA_16399.mRNA.2	PF11593:Med3,PF16740:SKA2
DIPPA_16407.mRNA.1	PF00075:RNase_H,PF00075:RNase_H
DIPPA_16409.mRNA.1	PF10350:DUF2428,PF09073:BUD22
DIPPA_16412.mRNA.1	PF16216:GxGYxYP_N,PF20958:GxGYxYP_N_3rd,PF14323:GxGYxYP_C
DIPPA_16414.mRNA.1	PF16216:GxGYxYP_N,PF20958:GxGYxYP_N_3rd,PF14323:GxGYxYP_C
DIPPA_16415.mRNA.1	PF07690:MFS_1,PF07690:MFS_1
DIPPA_16428.mRNA.1	PF07498:Rho_N,PF19695:DUF6195,PF19695:DUF6195
DIPPA_16429.mRNA.1	PF12125:Beta-TrCP_D,PF12125:Beta-TrCP_D
DIPPA_16435.mRNA.1	PF14587:Glyco_hydr_30_2,PF17189:Glyco_hydro_30C,PF14200:RicinB_lectin_2
DIPPA_16436.mRNA.1	PF01535:PPR,PF01535:PPR,PF01535:PPR,PF13041:PPR_2
DIPPA_16436.mRNA.2	PF01535:PPR,PF01535:PPR,PF01535:PPR,PF13041:PPR_2
DIPPA_16436.mRNA.3	PF01535:PPR,PF01535:PPR,PF01535:PPR,PF13041:PPR_2
DIPPA_16444.mRNA.1	PF02271:UCR_14kD,PF02271:UCR_14kD
DIPPA_16452.mRNA.1	PF13516:LRR_6,PF19779:DUF6264
DIPPA_16456.mRNA.1	PF02271:UCR_14kD,PF02271:UCR_14kD
DIPPA_16463.mRNA.1	PF02183:HALZ,PF02183:HALZ,PF17820:PDZ_6
DIPPA_16475.mRNA.1	PF06818:Fez1,PF06785:UPF0242,PF06818:Fez1,PF07716:bZIP_2,PF01465:GRIP
DIPPA_16489.mRNA.1	PF15396:FAM60A,PF06947:DUF1290
DIPPA_16495.mRNA.1	PF00787:PX,PF04880:NUDE_C,PF00787:PX
DIPPA_16497.mRNA.2	PF22631:PLCB1-4-like_EFh,PF05298:Bombinin
DIPPA_16497.mRNA.3	PF22631:PLCB1-4-like_EFh,PF05298:Bombinin
DIPPA_16503.mRNA.1	PF07989:Cnn_1N,PF07558:Shugoshin_N,PF07558:Shugoshin_N
DIPPA_16503.mRNA.2	PF07558:Shugoshin_N,PF07558:Shugoshin_N
DIPPA_16505.mRNA.1	PF10351:FMP27-BLTP2_C,PF11226:DUF3022
DIPPA_16509.mRNA.1	PF05023:Phytochelatin,PF05023:Phytochelatin,PF05023:Phytochelatin,PF05023:Phytochelatin
DIPPA_16509.mRNA.2	PF05023:Phytochelatin,PF05023:Phytochelatin,PF05023:Phytochelatin,PF05023:Phytochelatin
DIPPA_16517.mRNA.1	PF00169:PH,PF06005:ZapB,PF00038:Filament
DIPPA_16521.mRNA.1	PF05598:DUF772,PF00078:RVT_1,PF00078:RVT_1
DIPPA_16522.mRNA.1	PF00078:RVT_1,PF00078:RVT_1
DIPPA_16530.mRNA.1	PF02893:GRAM,PF22586:ANCHR-like_BBOX,PF22586:ANCHR-like_BBOX
DIPPA_16535.mRNA.1	PF14608:zf-CCCH_2,PF14608:zf-CCCH_2
DIPPA_16553.mRNA.1	PF00191:Annexin,PF00191:Annexin
DIPPA_16568.mRNA.1	PF00641:zf-RanBP,PF17820:PDZ_6
DIPPA_16591.mRNA.1	PF11719:Drc1-Sld2,PF11719:Drc1-Sld2,PF11719:Drc1-Sld2,PF11719:Drc1-Sld2,PF11719:Drc1-Sld2
DIPPA_16597.mRNA.1	PF07741:BRF1,PF07741:BRF1
DIPPA_16603.mRNA.1	PF07691:PA14,PF07691:PA14,PF07691:PA14,PF07691:PA14,PF16586:DUF5060,PF12904:Collagen_bind_2
DIPPA_16604.mRNA.1	PF02493:MORN,PF02493:MORN,PF02493:MORN,PF18104:Tudor_2
DIPPA_16611.mRNA.1	PF09544:DUF2381,PF09544:DUF2381,PF09544:DUF2381
DIPPA_16618.mRNA.1	PF13913:zf-C2HC_2,PF15742:DUF4686
DIPPA_16624.mRNA.1	PF17917:RT_RNaseH,PF18897:Gp3-like,PF09568:RE_MjaI
DIPPA_16629.mRNA.1	PF04837:MbeB_N,PF08702:Fib_alpha,PF07889:DUF1664,PF08702:Fib_alpha,PF07889:DUF1664
DIPPA_16629.mRNA.2	PF04837:MbeB_N,PF04837:MbeB_N,PF08702:Fib_alpha,PF08702:Fib_alpha
DIPPA_16632.mRNA.1	PF00118:Cpn60_TCP1,PF00118:Cpn60_TCP1
DIPPA_16635.mRNA.1	PF00589:Phage_integrase,PF00078:RVT_1
DIPPA_16636.mRNA.1	PF13812:PPR_3,PF13812:PPR_3,PF13812:PPR_3,PF01535:PPR
DIPPA_16637.mRNA.1	PF21019:Spectrin_3,PF21019:Spectrin_3
DIPPA_16639.mRNA.1	PF05598:DUF772,PF00078:RVT_1,PF00078:RVT_1
DIPPA_16652.mRNA.1	PF02737:3HCDH_N,PF11965:DUF3479,PF00725:3HCDH
DIPPA_16657.mRNA.1	PF00854:PTR2,PF00854:PTR2
DIPPA_16661.mRNA.1	PF20492:ERM_helical,PF20492:ERM_helical,PF20492:ERM_helical,PF01895:PhoU
DIPPA_16664.mRNA.1	PF22488:Class_2_docking_dom,PF00078:RVT_1,PF00443:UCH
DIPPA_16667.mRNA.1	PF00078:RVT_1,PF17919:RT_RNaseH_2
DIPPA_16672.mRNA.1	PF20102:DUF6492,PF20102:DUF6492
DIPPA_16702.mRNA.1	PF10886:DUF2685,PF04568:IATP
DIPPA_16708.mRNA.1	PF10551:MULE,PF04434:SWIM,PF13696:zf-CCHC_2,PF01080:Presenilin
DIPPA_16720.mRNA.1	PF00078:RVT_1,PF17917:RT_RNaseH
DIPPA_16724.mRNA.1	PF00023:Ank,PF00023:Ank
DIPPA_16739.mRNA.1	PF00023:Ank,PF00023:Ank
DIPPA_16740.mRNA.1	PF06864:PAP_PilO,PF08239:SH3_3
DIPPA_16769.mRNA.1	PF15387:DUF4611,PF04931:DNA_pol_phi,PF13249:SQHop_cyclase_N
DIPPA_16773.mRNA.1	PF00149:Metallophos,PF00149:Metallophos
DIPPA_16781.mRNA.1	PF08429:PLU-1,PF04977:DivIC
DIPPA_16783.mRNA.1	PF09729:Gti1_Pac2,PF01080:Presenilin
DIPPA_16830.mRNA.1	PF07974:EGF_2,PF04616:Glyco_hydro_43,PF04616:Glyco_hydro_43
DIPPA_16836.mRNA.1	PF21040:CEP104-like_TOG,PF06122:TraH,PF04233:Phage_Mu_F
DIPPA_16838.mRNA.1	PF06085:Rz1,PF06085:Rz1,PF06085:Rz1
DIPPA_16847.mRNA.1	PF02885:Glycos_trans_3N,PF03705:CheR_N,PF00589:Phage_integrase
DIPPA_16850.mRNA.1	PF02151:UVR,PF02151:UVR
DIPPA_16855.mRNA.1	PF00078:RVT_1,PF00078:RVT_1
DIPPA_16858.mRNA.1	PF17675:APG6_N,PF04111:APG6
DIPPA_16858.mRNA.2	PF17675:APG6_N,PF04111:APG6
DIPPA_16875.mRNA.1	PF07974:EGF_2,PF22111:MtrC-MtrF_N
DIPPA_16898.mRNA.1	PF08594:UPF0300,PF08594:UPF0300
DIPPA_16903.mRNA.1	PF20102:DUF6492,PF20102:DUF6492
DIPPA_16912.mRNA.1	PF01145:Band_7,PF17795:Vault_3,PF01145:Band_7
DIPPA_16912.mRNA.2	PF01145:Band_7,PF17795:Vault_3,PF01145:Band_7
DIPPA_16919.mRNA.1	PF15161:Neuropep_like,PF01508:Paramecium_SA
DIPPA_16923.mRNA.1	PF00008:EGF,PF13385:Laminin_G_3
DIPPA_16926.mRNA.1	PF13180:PDZ_2,PF13180:PDZ_2
DIPPA_16932.mRNA.1	PF15161:Neuropep_like,PF01508:Paramecium_SA
DIPPA_16935.mRNA.1	PF00435:Spectrin,PF20733:LRIM1_dimer
DIPPA_16935.mRNA.2	PF13863:DUF4200,PF13863:DUF4200
DIPPA_16938.mRNA.1	PF00646:F-box,PF22999:LTN1_E3_ligase_6th
DIPPA_16942.mRNA.1	PF00153:Mito_carr,PF07678:TED_complement,PF00153:Mito_carr
DIPPA_16945.mRNA.1	PF15161:Neuropep_like,PF01508:Paramecium_SA
DIPPA_16946.mRNA.1	PF17177:PPR_long,PF01535:PPR,PF01535:PPR
DIPPA_16947.mRNA.1	PF15161:Neuropep_like,PF01508:Paramecium_SA
DIPPA_16977.mRNA.1	PF05102:Holin_BlyA,PF18565:Glyco_hydro2_C5,PF18770:Arm_vescicular
DIPPA_16980.mRNA.1	PF04346:EutH,PF04346:EutH,PF04346:EutH,PF04346:EutH,PF04346:EutH,PF04346:EutH
DIPPA_16982.mRNA.1	PF19589:DUF6095,PF19589:DUF6095,PF19589:DUF6095,PF18565:Glyco_hydro2_C5
DIPPA_16989.mRNA.1	PF18565:Glyco_hydro2_C5,PF11364:DUF3165
DIPPA_16995.mRNA.1	PF00589:Phage_integrase,PF00078:RVT_1
DIPPA_17002.mRNA.1	PF16034:JAKMIP_CC3,PF02892:zf-BED,PF05911:FPP
DIPPA_17014.mRNA.1	PF00240:ubiquitin,PF12796:Ank_2,PF18346:SH3_15,PF00240:ubiquitin
DIPPA_17015.mRNA.1	PF03472:Autoind_bind,PF16018:Anillin_N
DIPPA_17025.mRNA.1	PF22137:T6SS_Tle1-like_C,PF22137:T6SS_Tle1-like_C
DIPPA_17032.mRNA.1	PF18044:zf-CCCH_4,PF14608:zf-CCCH_2,PF08844:DUF1815
DIPPA_17033.mRNA.1	PF00188:CAP,PF22486:MATH_2,PF00188:CAP,PF13165:SCIFF,PF00188:CAP,PF13165:SCIFF
DIPPA_17037.mRNA.1	PF13518:HTH_28,PF13518:HTH_28
DIPPA_17041.mRNA.1	PF04592:SelP_N,PF04592:SelP_N
DIPPA_17041.mRNA.2	PF04592:SelP_N,PF04592:SelP_N
DIPPA_17047.mRNA.1	PF13499:EF-hand_7,PF01129:ART
DIPPA_17047.mRNA.2	PF13499:EF-hand_7,PF01129:ART
DIPPA_17048.mRNA.1	PF13570:PQQ_3,PF13639:zf-RING_2,PF07816:DUF1645
DIPPA_17058.mRNA.1	PF14073:Cep57_CLD,PF11932:DUF3450,PF08614:ATG16
DIPPA_17060.mRNA.1	PF00753:Lactamase_B,PF00989:PAS,PF00989:PAS
DIPPA_17065.mRNA.1	PF14559:TPR_19,PF14559:TPR_19
DIPPA_17068.mRNA.1	PF00364:Biotin_lipoyl,PF00198:2-oxoacid_dh
DIPPA_17073.mRNA.1	PF01080:Presenilin,PF13842:Tnp_zf-ribbon_2
DIPPA_17075.mRNA.1	PF14570:zf-RING_4,PF00076:RRM_1
DIPPA_17077.mRNA.1	PF00036:EF-hand_1,PF00036:EF-hand_1
DIPPA_17079.mRNA.1	PF13639:zf-RING_2,PF18346:SH3_15,PF18346:SH3_15,PF00641:zf-RanBP
DIPPA_17082.mRNA.1	PF00520:Ion_trans,PF22575:Vir1p,PF00520:Ion_trans,PF00520:Ion_trans,PF00520:Ion_trans,PF16905:GPHH,PF00612:IQ
DIPPA_17088.mRNA.1	PF00063:Myosin_head,PF08332:CaMKII_AD
DIPPA_17089.mRNA.1	PF08614:ATG16,PF13180:PDZ_2
DIPPA_17091.mRNA.1	PF00170:bZIP_1,PF00170:bZIP_1,PF12709:Fungal_TACC
DIPPA_17091.mRNA.2	PF00170:bZIP_1,PF00170:bZIP_1,PF12709:Fungal_TACC
DIPPA_17091.mRNA.3	PF00170:bZIP_1,PF00170:bZIP_1
DIPPA_17095.mRNA.1	PF00036:EF-hand_1,PF00036:EF-hand_1,PF00036:EF-hand_1,PF00036:EF-hand_1
DIPPA_17097.mRNA.1	PF12146:Hydrolase_4,PF12146:Hydrolase_4
DIPPA_17100.mRNA.1	PF16580:Astro_capsid_p2,PF03031:NIF
DIPPA_17107.mRNA.1	PF01490:Aa_trans,PF01490:Aa_trans
DIPPA_17116.mRNA.1	PF01594:AI-2E_transport,PF01594:AI-2E_transport
DIPPA_17117.mRNA.1	PF13481:AAA_25,PF05011:DBR1,PF07631:PSD4
DIPPA_17118.mRNA.1	PF21132:MFD_D3,PF08239:SH3_3
DIPPA_17119.mRNA.1	PF16556:IL17R_fnIII_D1,PF13385:Laminin_G_3,PF02210:Laminin_G_2,PF02210:Laminin_G_2,PF13385:Laminin_G_3
DIPPA_17120.mRNA.1	PF00270:DEAD,PF00271:Helicase_C,PF02889:Sec63,PF04388:Hamartin
DIPPA_17121.mRNA.1	PF00069:Pkinase,PF00069:Pkinase
DIPPA_17122.mRNA.1	PF12171:zf-C2H2_jaz,PF08895:DUF1840,PF14282:FlxA,PF18504:Csm1_N
DIPPA_17124.mRNA.1	PF13516:LRR_6,PF13516:LRR_6,PF13516:LRR_6,PF13516:LRR_6,PF13516:LRR_6,PF13516:LRR_6,PF13516:LRR_6,PF13516:LRR_6,PF13516:LRR_6,PF13516:LRR_6,PF13516:LRR_6,PF13516:LRR_6,PF13516:LRR_6,PF13516:LRR_6,PF13516:LRR_6,PF13516:LRR_6,PF13516:LRR_6,PF13516:LRR_6,PF13516:LRR_6,PF13516:LRR_6,PF13516:LRR_6,PF13516:LRR_6,PF13516:LRR_6,PF13516:LRR_6
DIPPA_17129.mRNA.2	PF00397:WW,PF00397:WW
DIPPA_17133.mRNA.1	PF21474:DNApolII_N,PF10865:DUF2703,PF00024:PAN_1,PF04901:RAMP
DIPPA_17135.mRNA.1	PF00400:WD40,PF00400:WD40,PF00400:WD40,PF00400:WD40,PF00400:WD40,PF00400:WD40,PF00400:WD40
DIPPA_17138.mRNA.1	PF13499:EF-hand_7,PF01129:ART,PF05377:FlaC_arch,PF17820:PDZ_6
DIPPA_17145.mRNA.1	PF01411:tRNA-synt_2c,PF07973:tRNA_SAD
DIPPA_17153.mRNA.1	PF00498:FHA,PF00191:Annexin,PF01885:PTS_2-RNA
DIPPA_17158.mRNA.1	PF06017:Myosin_TH1,PF06017:Myosin_TH1
DIPPA_17160.mRNA.1	PF00024:PAN_1,PF00008:EGF
DIPPA_17161.mRNA.1	PF00642:zf-CCCH,PF12090:Spt20_SEP,PF14575:EphA2_TM
DIPPA_17171.mRNA.1	PF12253:CAF1A,PF08926:DUF1908
DIPPA_17178.mRNA.1	PF15717:PCM1_C,PF12725:DUF3810
DIPPA_17202.mRNA.1	PF00078:RVT_1,PF00078:RVT_1
DIPPA_17204.mRNA.1	PF00078:RVT_1,PF00078:RVT_1
DIPPA_17205.mRNA.1	PF18319:PriA_CRR,PF11338:DUF3140
DIPPA_17219.mRNA.1	PF13456:RVT_3,PF23020:PEX14-like_2nd
DIPPA_17240.mRNA.1	PF01254:TP2,PF15254:CCDC14
DIPPA_17242.mRNA.1	PF18715:Phage_spike,PF18715:Phage_spike
DIPPA_17253.mRNA.1	PF13374:TPR_10,PF13374:TPR_10,PF13374:TPR_10,PF13374:TPR_10,PF00533:BRCT,PF05091:eIF-3_zeta
DIPPA_17257.mRNA.1	PF19745:FUT8_N_cat,PF19745:FUT8_N_cat,PF03295:Pox_TAA1
DIPPA_17258.mRNA.1	PF15654:Tox-WTIP,PF13456:RVT_3
DIPPA_17270.mRNA.1	PF13516:LRR_6,PF13516:LRR_6,PF13516:LRR_6,PF13516:LRR_6,PF13516:LRR_6,PF13516:LRR_6,PF13516:LRR_6,PF13516:LRR_6,PF08597:eIF3_subunit
DIPPA_17270.mRNA.2	PF13516:LRR_6,PF13516:LRR_6,PF13516:LRR_6,PF13516:LRR_6,PF13516:LRR_6,PF13516:LRR_6,PF13516:LRR_6,PF13516:LRR_6,PF08597:eIF3_subunit
DIPPA_17275.mRNA.1	PF20454:GpA_nuclease,PF20137:DUF6527,PF20454:GpA_nuclease
DIPPA_17276.mRNA.1	PF04023:FeoA,PF02419:PsbL
DIPPA_17288.mRNA.1	PF05598:DUF772,PF00078:RVT_1
DIPPA_17289.mRNA.1	PF08051:Ery_res_leader1,PF00335:Tetraspanin,PF16013:DUF4781
DIPPA_17289.mRNA.2	PF08051:Ery_res_leader1,PF03451:HELP,PF16013:DUF4781
DIPPA_17300.mRNA.1	PF06252:GemA,PF06252:GemA
DIPPA_17321.mRNA.1	PF07409:GP46,PF07409:GP46
DIPPA_17325.mRNA.1	PF16571:FBP_C,PF02037:SAP
DIPPA_17335.mRNA.1	PF00642:zf-CCCH,PF00642:zf-CCCH
DIPPA_17338.mRNA.1	PF21936:Pcf11_C,PF17991:Thioredoxin_10,PF21936:Pcf11_C,PF07204:Orthoreo_P10
DIPPA_17355.mRNA.1	PF01381:HTH_3,PF20809:MINT_MID
DIPPA_17373.mRNA.1	PF00029:Connexin,PF16118:DUF4834,PF09451:ATG27
DIPPA_17382.mRNA.1	PF22488:Class_2_docking_dom,PF00078:RVT_1,PF13821:DUF4187,PF00443:UCH
DIPPA_17398.mRNA.1	PF19695:DUF6195,PF19695:DUF6195
DIPPA_17412.mRNA.1	PF03918:CcmH,PF13639:zf-RING_2
DIPPA_17432.mRNA.1	PF04513:Baculo_PEP_C,PF16751:RsdA_SigD_bd,PF07400:IL11
DIPPA_17435.mRNA.1	PF18044:zf-CCCH_4,PF06305:LapA_dom,PF00078:RVT_1,PF18044:zf-CCCH_4,PF06305:LapA_dom
DIPPA_17444.mRNA.1	PF12937:F-box-like,PF04755:PAP_fibrillin
DIPPA_17446.mRNA.1	PF22038:PRC2_EED_ins,PF11719:Drc1-Sld2,PF11719:Drc1-Sld2,PF11719:Drc1-Sld2,PF11719:Drc1-Sld2,PF11719:Drc1-Sld2
DIPPA_17452.mRNA.1	PF13469:Sulfotransfer_3,PF05887:Trypan_PARP,PF13469:Sulfotransfer_3
DIPPA_17467.mRNA.1	PF00092:VWA,PF00092:VWA
DIPPA_17474.mRNA.1	PF04218:CENP-B_N,PF20681:DUF6818,PF22812:CR_prot_dom_plant,PF20681:DUF6818
DIPPA_17480.mRNA.1	PF20681:DUF6818,PF00570:HRDC,PF20681:DUF6818,PF22812:CR_prot_dom_plant,PF20681:DUF6818,PF00570:HRDC,PF20681:DUF6818,PF20681:DUF6818,PF20681:DUF6818,PF20681:DUF6818,PF22812:CR_prot_dom_plant
DIPPA_17483.mRNA.1	PF09142:TruB_C,PF09142:TruB_C,PF02197:RIIa
DIPPA_17484.mRNA.1	PF15510:CENP-W,PF15510:CENP-W,PF15510:CENP-W
DIPPA_17487.mRNA.1	PF13432:TPR_16,PF00226:DnaJ
DIPPA_17487.mRNA.3	PF13432:TPR_16,PF00226:DnaJ
DIPPA_17490.mRNA.1	PF03153:TFIIA,PF10351:FMP27-BLTP2_C,PF14999:Shadoo
DIPPA_17496.mRNA.2	PF00536:SAM_1,PF13499:EF-hand_7,PF01544:CorA
DIPPA_17498.mRNA.1	PF00041:fn3,PF00041:fn3,PF00041:fn3,PF00041:fn3,PF00041:fn3,PF00041:fn3,PF00041:fn3,PF00041:fn3,PF00041:fn3,PF00041:fn3,PF00041:fn3,PF00041:fn3,PF00041:fn3,PF00041:fn3,PF00041:fn3,PF00041:fn3,PF00041:fn3,PF00041:fn3
DIPPA_17500.mRNA.1	PF00400:WD40,PF00400:WD40,PF00400:WD40
DIPPA_17506.mRNA.1	PF00856:SET,PF09297:zf-NADH-PPase
DIPPA_17508.mRNA.1	PF08309:LVIVD,PF08309:LVIVD,PF09826:Beta_propel,PF08309:LVIVD,PF13517:FG-GAP_3,PF09826:Beta_propel
DIPPA_17510.mRNA.1	PF15739:TSNAXIP1_N,PF12325:TMF_TATA_bd
DIPPA_17511.mRNA.1	PF00884:Sulfatase,PF00884:Sulfatase,PF00884:Sulfatase
DIPPA_17514.mRNA.1	PF21784:Bflower,PF12464:Mac,PF00168:C2
DIPPA_17526.mRNA.1	PF03915:AIP3,PF02662:FlpD
DIPPA_17527.mRNA.1	PF00397:WW,PF18345:zf_CCCH_4,PF11347:CRR42-like,PF22137:T6SS_Tle1-like_C
DIPPA_17544.mRNA.1	PF11083:Relaxase_C,PF13374:TPR_10,PF01753:zf-MYND
DIPPA_17574.mRNA.1	PF17267:DUF5333,PF17267:DUF5333
DIPPA_17618.mRNA.1	PF00514:Arm,PF00514:Arm
DIPPA_17626.mRNA.1	PF08263:LRRNT_2,PF13855:LRR_8,PF13855:LRR_8,PF00560:LRR_1,PF00560:LRR_1,PF00560:LRR_1,PF00560:LRR_1,PF13855:LRR_8,PF00560:LRR_1,PF00560:LRR_1,PF00560:LRR_1
DIPPA_17627.mRNA.1	PF06005:ZapB,PF00462:Glutaredoxin,PF01152:Bac_globin
DIPPA_17635.mRNA.2	PF06398:Pex24p,PF14319:Zn_Tnp_IS91
DIPPA_17636.mRNA.1	PF01753:zf-MYND,PF02129:Peptidase_S15
DIPPA_17639.mRNA.1	PF21700:DL-JAG_EGF-like,PF22045:CmlS_C
DIPPA_17639.mRNA.2	PF21700:DL-JAG_EGF-like,PF22045:CmlS_C
DIPPA_17647.mRNA.1	PF00642:zf-CCCH,PF15842:DUF4718
DIPPA_17662.mRNA.1	PF01519:DUF16,PF01519:DUF16
DIPPA_17662.mRNA.2	PF01519:DUF16,PF01519:DUF16
DIPPA_17665.mRNA.1	PF20966:MASE6,PF07690:MFS_1
DIPPA_17671.mRNA.1	PF18281:BILBO1_N,PF13499:EF-hand_7
DIPPA_17673.mRNA.1	PF14077:WD40_alt,PF14389:Lzipper-MIP1
DIPPA_17675.mRNA.1	PF18281:BILBO1_N,PF13499:EF-hand_7,PF01603:B56
DIPPA_17684.mRNA.1	PF17917:RT_RNaseH,PF14471:DUF4428,PF05699:Dimer_Tnp_hAT
DIPPA_17688.mRNA.1	PF04627:ATP-synt_Eps,PF17919:RT_RNaseH_2
DIPPA_17697.mRNA.1	PF13923:zf-C3HC4_2,PF00595:PDZ
DIPPA_17703.mRNA.1	PF22735:NNH3,PF00134:Cyclin_N,PF02984:Cyclin_C
DIPPA_17714.mRNA.1	PF12767:SAGA-Tad1,PF12796:Ank_2,PF12796:Ank_2
DIPPA_17724.mRNA.1	PF04502:Saf4_Yju2,PF00169:PH
DIPPA_17725.mRNA.1	PF13812:PPR_3,PF13812:PPR_3,PF03489:SapB_2,PF07201:HrpJ
DIPPA_17729.mRNA.1	PF04724:Glyco_transf_17,PF04724:Glyco_transf_17,PF04724:Glyco_transf_17
DIPPA_17737.mRNA.4	PF13922:PHD_3,PF13922:PHD_3,PF13922:PHD_3,PF13922:PHD_3
DIPPA_17745.mRNA.1	PF09487:HrpB2,PF09487:HrpB2,PF09487:HrpB2,PF09487:HrpB2,PF16590:ESP
DIPPA_17746.mRNA.1	PF12799:LRR_4,PF13516:LRR_6
DIPPA_17755.mRNA.1	PF01068:DNA_ligase_A_M,PF04679:DNA_ligase_A_C,PF03153:TFIIA,PF00533:BRCT,PF16759:LIG3_BRCT
DIPPA_17759.mRNA.1	PF21167:DUF6851,PF22778:VCPO_2nd
DIPPA_17765.mRNA.1	PF06103:DUF948,PF05929:Phage_GPO,PF05823:Gp-FAR-1,PF16963:PelD_GGDEF,PF16963:PelD_GGDEF
DIPPA_17769.mRNA.1	PF02686:GatC,PF14570:zf-RING_4
DIPPA_17775.mRNA.1	PF04513:Baculo_PEP_C,PF20164:GspA_SrpA_N,PF16578:IL17R_fnIII_D2
DIPPA_17785.mRNA.1	PF00642:zf-CCCH,PF00642:zf-CCCH,PF00642:zf-CCCH
DIPPA_17785.mRNA.2	PF00642:zf-CCCH,PF00642:zf-CCCH,PF00642:zf-CCCH
DIPPA_17785.mRNA.3	PF00642:zf-CCCH,PF00642:zf-CCCH,PF00642:zf-CCCH
DIPPA_17797.mRNA.1	PF04969:CS,PF02724:CDC45
DIPPA_17802.mRNA.1	PF00078:RVT_1,PF17917:RT_RNaseH
DIPPA_17816.mRNA.1	PF00168:C2,PF00787:PX
DIPPA_17830.mRNA.1	PF13770:DUF4169,PF12773:DZR
DIPPA_17834.mRNA.1	PF14687:DUF4460,PF08672:ANAPC2
DIPPA_17839.mRNA.1	PF00397:WW,PF12773:DZR
DIPPA_17839.mRNA.2	PF00397:WW,PF12773:DZR
DIPPA_17855.mRNA.1	PF03861:ANTAR,PF17917:RT_RNaseH,PF03861:ANTAR
DIPPA_17860.mRNA.1	PF10174:Cast,PF01519:DUF16
DIPPA_17869.mRNA.1	PF04102:SlyX,PF04102:SlyX
DIPPA_17877.mRNA.1	PF02037:SAP,PF00078:RVT_1,PF05598:DUF772
DIPPA_17879.mRNA.1	PF15205:PLAC9,PF02854:MIF4G
DIPPA_17881.mRNA.1	PF09284:RhgB_N,PF14686:fn3_3,PF14683:CBM-like
DIPPA_17892.mRNA.1	PF08702:Fib_alpha,PF16275:SF1-HH,PF16275:SF1-HH
DIPPA_17901.mRNA.1	PF19220:Crescentin,PF19220:Crescentin,PF22270:MlrA_helical,PF10205:KLRAQ,PF19220:Crescentin,PF15726:DUF4677,PF15233:SYCE1,PF11932:DUF3450
DIPPA_17901.mRNA.2	PF19220:Crescentin,PF19220:Crescentin,PF22270:MlrA_helical,PF10205:KLRAQ,PF19220:Crescentin,PF15726:DUF4677,PF15233:SYCE1,PF11932:DUF3450
DIPPA_17907.mRNA.1	PF06156:YabA,PF06156:YabA
DIPPA_17915.mRNA.1	PF00397:WW,PF00397:WW
DIPPA_17919.mRNA.1	PF05743:UEV,PF09454:Vps23_core
DIPPA_17930.mRNA.1	PF12171:zf-C2H2_jaz,PF16101:PRIMA1
DIPPA_17933.mRNA.1	PF07213:DAP10,PF04564:U-box
DIPPA_17957.mRNA.1	PF05787:PhoX,PF05787:PhoX,PF05787:PhoX,PF05787:PhoX,PF05787:PhoX,PF05787:PhoX,PF05787:PhoX,PF05787:PhoX,PF05787:PhoX,PF05787:PhoX
DIPPA_17960.mRNA.1	PF18913:FBPase_C,PF18913:FBPase_C,PF18913:FBPase_C
DIPPA_17976.mRNA.1	PF00076:RRM_1,PF12329:TMF_DNA_bd
DIPPA_17981.mRNA.1	PF00085:Thioredoxin,PF13848:Thioredoxin_6,PF00085:Thioredoxin
DIPPA_17992.mRNA.1	PF11051:Mannosyl_trans3,PF11051:Mannosyl_trans3
DIPPA_17993.mRNA.1	PF15918:DUF4744,PF13456:RVT_3,PF05918:API5
DIPPA_17994.mRNA.1	PF10294:Methyltransf_16,PF10294:Methyltransf_16
DIPPA_17995.mRNA.1	PF00544:Pectate_lyase_4,PF00544:Pectate_lyase_4,PF00544:Pectate_lyase_4,PF00544:Pectate_lyase_4,PF00544:Pectate_lyase_4,PF00544:Pectate_lyase_4,PF00544:Pectate_lyase_4,PF00544:Pectate_lyase_4,PF00544:Pectate_lyase_4,PF00544:Pectate_lyase_4,PF17870:Insulin_TMD
DIPPA_17996.mRNA.1	PF20990:DUF2207_C,PF10274:ParcG
DIPPA_18000.mRNA.1	PF10974:DUF2804_N,PF22866:DUF2804_C
DIPPA_18008.mRNA.1	PF20990:DUF2207_C,PF20990:DUF2207_C
DIPPA_18009.mRNA.1	PF03176:MMPL,PF03176:MMPL
DIPPA_18014.mRNA.1	PF00240:ubiquitin,PF22552:TY-Chap3,PF00240:ubiquitin
DIPPA_18024.mRNA.1	PF01198:Ribosomal_L31e,PF13699:DUF4157,PF00589:Phage_integrase
DIPPA_18032.mRNA.1	PF20297:MSSS,PF11268:DUF3071
DIPPA_18044.mRNA.1	PF03153:TFIIA,PF00040:fn2,PF11051:Mannosyl_trans3,PF11051:Mannosyl_trans3
DIPPA_18044.mRNA.2	PF03153:TFIIA,PF00040:fn2,PF11051:Mannosyl_trans3,PF11051:Mannosyl_trans3
DIPPA_18045.mRNA.1	PF20823:Cmr2_Zn-bd,PF00882:Zn_dep_PLPC
DIPPA_18053.mRNA.1	PF08690:GET2,PF19187:HTH_PafC
DIPPA_18076.mRNA.1	PF09849:DUF2076,PF02297:COX6B
DIPPA_18085.mRNA.1	PF17098:Wtap,PF04508:Pox_A_type_inc
DIPPA_18089.mRNA.1	PF12862:ANAPC5,PF12862:ANAPC5
DIPPA_18090.mRNA.1	PF00038:Filament,PF04912:Dynamitin
DIPPA_18091.mRNA.1	PF02752:Arrestin_C,PF02752:Arrestin_C
DIPPA_18095.mRNA.1	PF21587:AP5B1_N,PF14407:Frankia_peptide
DIPPA_18126.mRNA.1	PF16131:Torus,PF18345:zf_CCCH_4
DIPPA_18128.mRNA.1	PF16770:RTT107_BRCT_5,PF16589:BRCT_2
DIPPA_18133.mRNA.1	PF19472:DUF6009,PF08134:cIII,PF08134:cIII
DIPPA_18134.mRNA.1	PF00078:RVT_1,PF17919:RT_RNaseH_2
DIPPA_18141.mRNA.1	PF13332:Fil_haemagg_2,PF13332:Fil_haemagg_2,PF13332:Fil_haemagg_2
DIPPA_18142.mRNA.1	PF02403:Seryl_tRNA_N,PF02403:Seryl_tRNA_N
DIPPA_18144.mRNA.1	PF02403:Seryl_tRNA_N,PF02403:Seryl_tRNA_N
DIPPA_18149.mRNA.1	PF04521:Viral_P18,PF00460:Flg_bb_rod
DIPPA_18165.mRNA.1	PF03666:NPR3,PF22600:MTPAP-like_central
DIPPA_18174.mRNA.1	PF04232:SpoVS,PF04232:SpoVS
DIPPA_18190.mRNA.1	PF10079:BshC,PF10079:BshC,PF09769:ApoO
DIPPA_18192.mRNA.1	PF16606:zf-C2H2_assoc,PF16606:zf-C2H2_assoc
DIPPA_18198.mRNA.1	PF00682:HMGL-like,PF22617:HCS_D2,PF04455:Saccharop_dh_N
DIPPA_18206.mRNA.1	PF14777:BBIP10,PF21639:ORC5_lid,PF14777:BBIP10,PF21639:ORC5_lid
DIPPA_18210.mRNA.1	PF02151:UVR,PF02151:UVR
DIPPA_18221.mRNA.1	PF22257:GPR128_N,PF00024:PAN_1,PF15780:ASH
DIPPA_18231.mRNA.1	PF00651:BTB,PF21626:TetR-C_39,PF18058:SbsC_C
DIPPA_18238.mRNA.1	PF00240:ubiquitin,PF00240:ubiquitin,PF00240:ubiquitin
DIPPA_18241.mRNA.1	PF16131:Torus,PF16131:Torus
DIPPA_18253.mRNA.1	PF12120:Arr-ms,PF12120:Arr-ms
DIPPA_18254.mRNA.1	PF13385:Laminin_G_3,PF13385:Laminin_G_3,PF13385:Laminin_G_3,PF00754:F5_F8_type_C,PF13385:Laminin_G_3,PF07974:EGF_2,PF07974:EGF_2
DIPPA_18265.mRNA.1	PF00078:RVT_1,PF05598:DUF772
DIPPA_18270.mRNA.1	PF15227:zf-C3HC4_4,PF22586:ANCHR-like_BBOX,PF12496:BNIP2
DIPPA_18276.mRNA.1	PF00078:RVT_1,PF13966:zf-RVT
DIPPA_18289.mRNA.1	PF00069:Pkinase,PF00069:Pkinase,PF00169:PH
DIPPA_18299.mRNA.1	PF22191:IBR_1,PF01428:zf-AN1
DIPPA_18300.mRNA.1	PF02136:NTF2,PF00076:RRM_1
DIPPA_18302.mRNA.1	PF05598:DUF772,PF00078:RVT_1,PF00078:RVT_1
DIPPA_18320.mRNA.1	PF06156:YabA,PF04822:Takusan,PF06156:YabA
DIPPA_18323.mRNA.1	PF05598:DUF772,PF00078:RVT_1,PF09838:DUF2065,PF07763:FEZ,PF10571:UPF0547,PF21639:ORC5_lid,PF00078:RVT_1,PF07763:FEZ,PF10571:UPF0547,PF21639:ORC5_lid
DIPPA_18329.mRNA.1	PF10571:UPF0547,PF21639:ORC5_lid
DIPPA_18332.mRNA.1	PF05598:DUF772,PF00078:RVT_1,PF00078:RVT_1
DIPPA_18336.mRNA.1	PF10571:UPF0547,PF21639:ORC5_lid
DIPPA_18340.mRNA.1	PF09773:Meckelin,PF09773:Meckelin
DIPPA_18346.mRNA.1	PF18081:FANC_SAP,PF18081:FANC_SAP
DIPPA_18354.mRNA.1	PF00078:RVT_1,PF17917:RT_RNaseH
DIPPA_18357.mRNA.1	PF00589:Phage_integrase,PF00589:Phage_integrase
DIPPA_18363.mRNA.1	PF00589:Phage_integrase,PF00589:Phage_integrase,PF18885:DUF5648
DIPPA_18364.mRNA.1	PF17217:UPA,PF00078:RVT_1,PF17919:RT_RNaseH_2
DIPPA_18367.mRNA.1	PF00641:zf-RanBP,PF22297:PccH
DIPPA_18368.mRNA.1	PF05598:DUF772,PF00078:RVT_1,PF00078:RVT_1
DIPPA_18376.mRNA.1	PF13830:DUF4192,PF01544:CorA
DIPPA_18384.mRNA.1	PF00589:Phage_integrase,PF00589:Phage_integrase
DIPPA_18387.mRNA.1	PF09409:PUB,PF09409:PUB
DIPPA_18394.mRNA.1	PF00096:zf-C2H2,PF02023:SCAN
DIPPA_18395.mRNA.1	PF16057:DUF4800,PF19786:DUF6270
DIPPA_18397.mRNA.1	PF17917:RT_RNaseH,PF14775:NYD-SP28_assoc,PF13445:zf-RING_UBOX
DIPPA_18397.mRNA.2	PF17917:RT_RNaseH,PF13445:zf-RING_UBOX
DIPPA_18407.mRNA.1	PF18044:zf-CCCH_4,PF14608:zf-CCCH_2,PF00096:zf-C2H2
DIPPA_18416.mRNA.1	PF16131:Torus,PF16131:Torus
DIPPA_18424.mRNA.1	PF00400:WD40,PF13570:PQQ_3,PF00400:WD40,PF00400:WD40
DIPPA_18429.mRNA.1	PF18800:Atthog,PF01284:MARVEL
DIPPA_18450.mRNA.1	PF12675:DUF3795,PF08104:Antimicrobial_9
DIPPA_18452.mRNA.1	PF13519:VWA_2,PF00630:Filamin,PF07974:EGF_2,PF07974:EGF_2,PF07974:EGF_2,PF07974:EGF_2,PF07974:EGF_2,PF07974:EGF_2,PF07974:EGF_2,PF07974:EGF_2,PF07974:EGF_2,PF07974:EGF_2,PF07974:EGF_2,PF07974:EGF_2,PF07974:EGF_2,PF07974:EGF_2,PF07974:EGF_2,PF07974:EGF_2,PF07974:EGF_2,PF07974:EGF_2,PF07974:EGF_2,PF07974:EGF_2,PF07974:EGF_2,PF07974:EGF_2,PF07974:EGF_2,PF07974:EGF_2,PF07974:EGF_2,PF07974:EGF_2,PF07974:EGF_2,PF07974:EGF_2,PF13385:Laminin_G_3
DIPPA_18474.mRNA.1	PF00176:SNF2-rel_dom,PF00271:Helicase_C
DIPPA_18478.mRNA.1	PF02362:B3,PF02362:B3,PF04219:DUF413,PF16259:DUF4913
DIPPA_18478.mRNA.2	PF02362:B3,PF02362:B3,PF04219:DUF413
DIPPA_18485.mRNA.1	PF00075:RNase_H,PF07205:DUF1413
DIPPA_18488.mRNA.1	PF00173:Cyt-b5,PF14243:R2K_3,PF03286:Pox_Ag35,PF00397:WW,PF00397:WW
DIPPA_18490.mRNA.1	PF05642:Sporozoite_P67,PF11165:DUF2949,PF05642:Sporozoite_P67
DIPPA_18494.mRNA.1	PF00589:Phage_integrase,PF00589:Phage_integrase
DIPPA_18499.mRNA.1	PF11985:Phage_Mu_Gp27,PF11985:Phage_Mu_Gp27
DIPPA_18504.mRNA.1	PF09073:BUD22,PF00872:Transposase_mut,PF15341:SLX9,PF04434:SWIM
DIPPA_18514.mRNA.1	PF07321:YscO,PF04136:COG3_N
DIPPA_18521.mRNA.1	PF13424:TPR_12,PF13374:TPR_10,PF13374:TPR_10,PF17820:PDZ_6
DIPPA_18522.mRNA.1	PF00512:HisKA,PF00512:HisKA,PF07213:DAP10
DIPPA_18529.mRNA.1	PF14316:DUF4381,PF08580:KAR9
DIPPA_18529.mRNA.2	PF01124:MAPEG,PF12159:DUF3593,PF01124:MAPEG
DIPPA_18530.mRNA.1	PF00278:Orn_DAP_Arg_deC,PF00278:Orn_DAP_Arg_deC
DIPPA_18531.mRNA.1	PF00612:IQ,PF00612:IQ,PF00612:IQ,PF00612:IQ,PF00612:IQ,PF00612:IQ,PF00612:IQ,PF00612:IQ,PF00612:IQ,PF00612:IQ,PF00612:IQ,PF00612:IQ,PF00612:IQ,PF00612:IQ,PF00612:IQ,PF00612:IQ,PF00612:IQ,PF00612:IQ
DIPPA_18532.mRNA.1	PF18473:Urease_linker,PF18473:Urease_linker
DIPPA_18533.mRNA.1	PF14295:PAN_4,PF07944:Beta-AFase-like_GH127_cat,PF20736:Glyco_hydro127M
DIPPA_18536.mRNA.1	PF11026:DUF2721,PF11026:DUF2721,PF11026:DUF2721
DIPPA_18537.mRNA.1	PF07204:Orthoreo_P10,PF18115:Tudor_3
DIPPA_18537.mRNA.2	PF07204:Orthoreo_P10,PF18115:Tudor_3
DIPPA_18539.mRNA.1	PF07004:SHIPPO-rpt,PF07004:SHIPPO-rpt,PF07004:SHIPPO-rpt,PF07004:SHIPPO-rpt,PF07004:SHIPPO-rpt,PF07004:SHIPPO-rpt,PF07004:SHIPPO-rpt
DIPPA_18541.mRNA.1	PF03961:FapA,PF13180:PDZ_2
DIPPA_18552.mRNA.1	PF00024:PAN_1,PF20736:Glyco_hydro127M
DIPPA_18555.mRNA.1	PF00075:RNase_H,PF00075:RNase_H
DIPPA_18562.mRNA.1	PF00225:Kinesin,PF18602:Rap1a
DIPPA_18563.mRNA.1	PF01925:TauE,PF01925:TauE
DIPPA_18564.mRNA.1	PF00078:RVT_1,PF03472:Autoind_bind
DIPPA_18568.mRNA.1	PF00400:WD40,PF00400:WD40,PF17820:PDZ_6,PF00261:Tropomyosin,PF07303:Occludin_ELL
DIPPA_18568.mRNA.2	PF00400:WD40,PF00400:WD40,PF17820:PDZ_6,PF07889:DUF1664,PF09712:PHA_synth_III_E
DIPPA_18576.mRNA.1	PF12647:RNHCP,PF12796:Ank_2,PF12796:Ank_2,PF11338:DUF3140,PF15619:Lebercilin
DIPPA_18597.mRNA.1	PF17388:GP24_25,PF01168:Ala_racemase_N
DIPPA_18607.mRNA.1	PF01255:Prenyltransf,PF01255:Prenyltransf
DIPPA_18614.mRNA.1	PF12247:MKT1_N,PF12247:MKT1_N
DIPPA_18630.mRNA.1	PF20222:DUF6581,PF00700:Flagellin_C
DIPPA_18632.mRNA.1	PF18248:RalF_SCD,PF17925:TetR_C_20,PF12584:TRAPPC10
DIPPA_18637.mRNA.1	PF17675:APG6_N,PF17675:APG6_N
DIPPA_18644.mRNA.1	PF02737:3HCDH_N,PF00725:3HCDH
DIPPA_18654.mRNA.1	PF00075:RNase_H,PF00075:RNase_H
DIPPA_18658.mRNA.1	PF00023:Ank,PF00023:Ank
DIPPA_18659.mRNA.1	PF17820:PDZ_6,PF17820:PDZ_6,PF17820:PDZ_6,PF17820:PDZ_6,PF17820:PDZ_6,PF17820:PDZ_6,PF17820:PDZ_6,PF17820:PDZ_6
DIPPA_18662.mRNA.1	PF04102:SlyX,PF04102:SlyX
DIPPA_18675.mRNA.1	PF19769:CPxCG_zf,PF18345:zf_CCCH_4
DIPPA_18701.mRNA.1	PF22798:DUF5817_CT,PF13428:TPR_14
DIPPA_18703.mRNA.1	PF00628:PHD,PF00668:Condensation
DIPPA_18732.mRNA.1	PF11548:Receptor_IA-2,PF00616:RasGAP,PF01442:Apolipoprotein
DIPPA_18758.mRNA.1	PF20725:DUF6832,PF17177:PPR_long
DIPPA_18761.mRNA.1	PF14448:Nuc_N,PF18121:TFA2_Winged_2
DIPPA_18763.mRNA.1	PF00225:Kinesin,PF13385:Laminin_G_3,PF13385:Laminin_G_3,PF00612:IQ,PF22294:DUF6966
DIPPA_18766.mRNA.1	PF04502:Saf4_Yju2,PF09770:PAT1
DIPPA_18776.mRNA.1	PF09334:tRNA-synt_1g,PF00133:tRNA-synt_1,PF08264:Anticodon_1
DIPPA_18779.mRNA.1	PF17820:PDZ_6,PF17820:PDZ_6,PF17820:PDZ_6
DIPPA_18780.mRNA.1	PF00787:PX,PF00787:PX,PF17820:PDZ_6,PF17820:PDZ_6,PF17820:PDZ_6
DIPPA_18781.mRNA.1	PF05739:SNARE,PF05739:SNARE,PF18031:UCH_C
DIPPA_18787.mRNA.1	PF13516:LRR_6,PF13516:LRR_6
DIPPA_18796.mRNA.1	PF22707:S1CSD-TOTE-2,PF07497:Rho_RNA_bind,PF07497:Rho_RNA_bind
DIPPA_18807.mRNA.1	PF08757:CotH,PF13229:Beta_helix
DIPPA_18819.mRNA.1	PF00078:RVT_1,PF17917:RT_RNaseH
DIPPA_18823.mRNA.1	PF11559:ADIP,PF11559:ADIP
DIPPA_18842.mRNA.1	PF05205:COMPASS-Shg1,PF18616:CdiI_3,PF00078:RVT_1
DIPPA_18845.mRNA.1	PF00092:VWA,PF00092:VWA,PF00092:VWA,PF00092:VWA
DIPPA_18866.mRNA.1	PF14561:TPR_20,PF14561:TPR_20,PF14561:TPR_20
DIPPA_18878.mRNA.1	PF06818:Fez1,PF06818:Fez1,PF06818:Fez1,PF14915:CCDC144C,PF06818:Fez1,PF06818:Fez1
DIPPA_18890.mRNA.1	PF13445:zf-RING_UBOX,PF02190:LON_substr_bdg
DIPPA_18890.mRNA.2	PF13445:zf-RING_UBOX,PF02190:LON_substr_bdg
DIPPA_18902.mRNA.1	PF00240:ubiquitin,PF00240:ubiquitin,PF00240:ubiquitin
DIPPA_18904.mRNA.2	PF00515:TPR_1,PF00515:TPR_1,PF00515:TPR_1,PF00515:TPR_1
DIPPA_18910.mRNA.1	PF21652:YDR124W_N,PF07719:TPR_2,PF22476:Ago_N_3
DIPPA_18916.mRNA.1	PF00069:Pkinase,PF21748:UPF0150
DIPPA_18919.mRNA.1	PF00313:CSD,PF15688:NRIP1_repr_2
DIPPA_18921.mRNA.1	PF00313:CSD,PF16366:CEBP_ZZ
DIPPA_18925.mRNA.1	PF13913:zf-C2HC_2,PF19460:DUF5997
DIPPA_18944.mRNA.1	PF11721:Malectin,PF03422:CBM_6,PF11721:Malectin
DIPPA_18947.mRNA.1	PF06283:ThuA,PF22352:K319L-like_PKD,PF11721:Malectin,PF11721:Malectin,PF03422:CBM_6,PF11721:Malectin
DIPPA_18948.mRNA.1	PF16516:CC2-LZ,PF16516:CC2-LZ,PF16516:CC2-LZ
DIPPA_18954.mRNA.1	PF00226:DnaJ,PF22019:GlgB_N
DIPPA_18958.mRNA.1	PF08614:ATG16,PF07889:DUF1664,PF02682:CT_C_D,PF06818:Fez1,PF08614:ATG16,PF08614:ATG16
DIPPA_18965.mRNA.1	PF00041:fn3,PF00041:fn3,PF00041:fn3,PF00041:fn3,PF00041:fn3,PF00041:fn3
DIPPA_18972.mRNA.1	PF04277:OAD_gamma,PF04277:OAD_gamma
DIPPA_18987.mRNA.1	PF14448:Nuc_N,PF17917:RT_RNaseH,PF14448:Nuc_N,PF17917:RT_RNaseH,PF04102:SlyX
DIPPA_18994.mRNA.1	PF02892:zf-BED,PF05699:Dimer_Tnp_hAT
DIPPA_19001.mRNA.1	PF00078:RVT_1,PF00075:RNase_H
DIPPA_19015.mRNA.1	PF05483:SCP-1,PF02338:OTU,PF14265:DUF4355,PF08496:Peptidase_S49_N
DIPPA_19028.mRNA.1	PF09747:CCD97-like_C,PF19056:WD40_2
DIPPA_19043.mRNA.1	PF00076:RRM_1,PF13865:FoP_duplication
DIPPA_19046.mRNA.1	PF19893:DUF6366,PF20882:Sos7,PF19893:DUF6366
DIPPA_19060.mRNA.1	PF14500:MMS19_N,PF09969:DUF2203
DIPPA_19076.mRNA.1	PF15025:DUF4524_N,PF04899:MbeD_MobD,PF17098:Wtap,PF01519:DUF16
DIPPA_19076.mRNA.2	PF15025:DUF4524_N,PF04899:MbeD_MobD,PF17098:Wtap,PF01519:DUF16
DIPPA_19090.mRNA.1	PF09664:DUF2399,PF18407:GNAT_like
DIPPA_19094.mRNA.1	PF09664:DUF2399,PF16366:CEBP_ZZ
DIPPA_19115.mRNA.1	PF18044:zf-CCCH_4,PF14608:zf-CCCH_2,PF02338:OTU
DIPPA_19132.mRNA.1	PF15974:Cadherin_tail,PF01166:TSC22
DIPPA_19145.mRNA.1	PF22949:HRI2_3H,PF16559:GIT_CC,PF02183:HALZ,PF02183:HALZ
DIPPA_19145.mRNA.2	PF22949:HRI2_3H,PF16559:GIT_CC,PF02183:HALZ,PF00038:Filament,PF00038:Filament
DIPPA_19151.mRNA.1	PF00530:SRCR,PF05721:PhyH,PF05721:PhyH
DIPPA_19155.mRNA.1	PF12033:DUF3519,PF09409:PUB
DIPPA_19164.mRNA.1	PF10583:Involucrin_N,PF10583:Involucrin_N,PF00240:ubiquitin
DIPPA_19166.mRNA.1	PF00059:Lectin_C,PF03153:TFIIA
DIPPA_19167.mRNA.1	PF03984:DUF346,PF03984:DUF346
DIPPA_19172.mRNA.1	PF10571:UPF0547,PF21639:ORC5_lid
DIPPA_19180.mRNA.1	PF00589:Phage_integrase,PF00078:RVT_1
DIPPA_19183.mRNA.1	PF04277:OAD_gamma,PF14851:FAM176
DIPPA_19184.mRNA.1	PF00150:Cellulase,PF01341:Glyco_hydro_6
DIPPA_19185.mRNA.1	PF21092:SSRP1_C,PF04004:Leo1,PF21092:SSRP1_C
DIPPA_19188.mRNA.1	PF13041:PPR_2,PF13812:PPR_3,PF13041:PPR_2
DIPPA_19192.mRNA.1	PF18175:HU-CCDC81_bac_2,PF19510:DUF6044,PF15897:DUF4741
DIPPA_19194.mRNA.1	PF03153:TFIIA,PF00098:zf-CCHC,PF07172:GRP
DIPPA_19232.mRNA.1	PF03467:Smg4_UPF3,PF03467:Smg4_UPF3
DIPPA_19250.mRNA.1	PF13516:LRR_6,PF13516:LRR_6,PF12931:Sec16_C,PF13424:TPR_12,PF12770:CHAT
DIPPA_19252.mRNA.1	PF13696:zf-CCHC_2,PF00098:zf-CCHC
DIPPA_19269.mRNA.1	PF05743:UEV,PF12325:TMF_TATA_bd
DIPPA_19273.mRNA.1	PF14698:ASL_C2,PF13467:RHH_4
DIPPA_19280.mRNA.1	PF15739:TSNAXIP1_N,PF05911:FPP
DIPPA_19284.mRNA.1	PF13456:RVT_3,PF23020:PEX14-like_2nd
DIPPA_19291.mRNA.1	PF22488:Class_2_docking_dom,PF00591:Glycos_transf_3,PF00078:RVT_1
DIPPA_19303.mRNA.1	PF07319:DnaI_N,PF22341:GSPE_N1E
DIPPA_19312.mRNA.1	PF22586:ANCHR-like_BBOX,PF08630:Dfp1_Him1_M
DIPPA_19335.mRNA.1	PF08484:Methyltransf_14,PF00630:Filamin,PF13180:PDZ_2
DIPPA_19358.mRNA.1	PF10046:BLOC1_2,PF15932:DUF4748
DIPPA_19359.mRNA.1	PF13516:LRR_6,PF13516:LRR_6,PF11239:DUF3040
DIPPA_19361.mRNA.1	PF16101:PRIMA1,PF07741:BRF1
DIPPA_19363.mRNA.1	PF00856:SET,PF01753:zf-MYND,PF00856:SET
DIPPA_19363.mRNA.2	PF00856:SET,PF01753:zf-MYND,PF00856:SET
DIPPA_19363.mRNA.3	PF00856:SET,PF01753:zf-MYND,PF00856:SET
DIPPA_19365.mRNA.1	PF17820:PDZ_6,PF18920:DUF5671,PF02109:DAD
DIPPA_19382.mRNA.1	PF09323:DUF1980,PF03303:WTF,PF12606:RELT
DIPPA_19400.mRNA.1	PF00313:CSD,PF00313:CSD
DIPPA_19416.mRNA.1	PF00589:Phage_integrase,PF21917:NMB0537_N,PF00078:RVT_1
DIPPA_19420.mRNA.1	PF10986:DUF2796,PF06156:YabA
DIPPA_19428.mRNA.1	PF05598:DUF772,PF00078:RVT_1,PF00078:RVT_1
DIPPA_19464.mRNA.1	PF07851:TMPIT,PF00435:Spectrin
DIPPA_19465.mRNA.1	PF11857:DUF3377,PF12796:Ank_2
DIPPA_19476.mRNA.1	PF12894:ANAPC4_WD40,PF18571:VWA_3_C
DIPPA_19479.mRNA.1	PF04502:Saf4_Yju2,PF04502:Saf4_Yju2
DIPPA_19489.mRNA.1	PF21760:SecD_1st,PF00400:WD40,PF00400:WD40
DIPPA_19495.mRNA.1	PF06005:ZapB,PF06005:ZapB,PF06005:ZapB,PF18455:GBR2_CC
DIPPA_19495.mRNA.2	PF06005:ZapB,PF06005:ZapB,PF06005:ZapB,PF18455:GBR2_CC
DIPPA_19496.mRNA.1	PF03097:BRO1,PF13768:VWA_3,PF04773:FecR
DIPPA_19518.mRNA.1	PF14698:ASL_C2,PF13467:RHH_4
DIPPA_19523.mRNA.1	PF14608:zf-CCCH_2,PF14608:zf-CCCH_2
DIPPA_19525.mRNA.1	PF01794:Ferric_reduct,PF08030:NAD_binding_6
DIPPA_19562.mRNA.1	PF13499:EF-hand_7,PF13499:EF-hand_7,PF06337:DUSP,PF00443:UCH
DIPPA_19572.mRNA.1	PF01535:PPR,PF02556:SecB
DIPPA_19595.mRNA.1	PF14885:GHL15,PF14885:GHL15
DIPPA_19597.mRNA.1	PF02892:zf-BED,PF05699:Dimer_Tnp_hAT
DIPPA_19606.mRNA.1	PF00075:RNase_H,PF00075:RNase_H
DIPPA_19609.mRNA.1	PF15979:Glyco_hydro_115,PF17829:GH115_C
DIPPA_19619.mRNA.1	PF00092:VWA,PF00092:VWA,PF00092:VWA,PF07974:EGF_2
DIPPA_19628.mRNA.1	PF16808:PKcGMP_CC,PF06005:ZapB
DIPPA_19628.mRNA.2	PF16808:PKcGMP_CC,PF06005:ZapB
DIPPA_19637.mRNA.1	PF14362:DUF4407,PF06818:Fez1
DIPPA_19648.mRNA.1	PF21905:Zf-Nsp1alpha,PF04048:Sec8_N,PF03961:FapA,PF01505:Vault
DIPPA_19669.mRNA.1	PF02892:zf-BED,PF05699:Dimer_Tnp_hAT
DIPPA_19683.mRNA.1	PF09826:Beta_propel,PF09826:Beta_propel
DIPPA_19684.mRNA.1	PF17112:Tom6,PF08309:LVIVD,PF09826:Beta_propel,PF08309:LVIVD,PF19193:Tectonin,PF08309:LVIVD,PF13517:FG-GAP_3,PF09826:Beta_propel,PF08309:LVIVD,PF09826:Beta_propel
DIPPA_19685.mRNA.1	PF09826:Beta_propel,PF20606:DUF6799,PF09826:Beta_propel
DIPPA_19686.mRNA.1	PF09826:Beta_propel,PF09826:Beta_propel,PF22058:X25_BaPul_like,PF08309:LVIVD,PF08309:LVIVD
DIPPA_19687.mRNA.1	PF08309:LVIVD,PF08309:LVIVD,PF21544:PorZ_N_b_propeller,PF03478:DUF295
DIPPA_19688.mRNA.1	PF09826:Beta_propel,PF03478:DUF295,PF20606:DUF6799,PF09826:Beta_propel,PF08450:SGL
DIPPA_19689.mRNA.1	PF09826:Beta_propel,PF08309:LVIVD,PF09826:Beta_propel,PF08309:LVIVD
DIPPA_19691.mRNA.1	PF13913:zf-C2HC_2,PF19460:DUF5997,PF00078:RVT_1
DIPPA_19695.mRNA.1	PF00078:RVT_1,PF00075:RNase_H
DIPPA_19699.mRNA.1	PF14153:Spore_coat_CotO,PF13894:zf-C2H2_4,PF03604:DNA_RNApol_7kD
DIPPA_19721.mRNA.1	PF10473:CENP-F_leu_zip,PF00226:DnaJ
DIPPA_19728.mRNA.1	PF04728:LPP,PF20227:DUF6586
DIPPA_19748.mRNA.1	PF13815:Dzip-like_N,PF10479:BLTP1_C,PF21039:CEP104_ZnF
DIPPA_19754.mRNA.1	PF12457:TIP_N,PF18547:HalOD2
DIPPA_19774.mRNA.1	PF12587:DUF3761,PF16018:Anillin_N
DIPPA_19778.mRNA.1	PF03472:Autoind_bind,PF16018:Anillin_N
DIPPA_19780.mRNA.1	PF16860:CX9C,PF16860:CX9C
DIPPA_19782.mRNA.1	PF00612:IQ,PF00612:IQ,PF00612:IQ,PF00612:IQ,PF00612:IQ,PF00612:IQ
DIPPA_19785.mRNA.1	PF04102:SlyX,PF02050:FliJ
DIPPA_19786.mRNA.1	PF13639:zf-RING_2,PF13639:zf-RING_2
DIPPA_19793.mRNA.1	PF01936:NYN,PF00397:WW
DIPPA_19795.mRNA.1	PF00078:RVT_1,PF13456:RVT_3
DIPPA_19798.mRNA.1	PF07562:NCD3G,PF07562:NCD3G
DIPPA_19803.mRNA.1	PF00004:AAA,PF07228:SpoIIE
DIPPA_19827.mRNA.1	PF00589:Phage_integrase,PF00078:RVT_1
DIPPA_19842.mRNA.1	PF06017:Myosin_TH1,PF17820:PDZ_6
DIPPA_19850.mRNA.1	PF00612:IQ,PF00612:IQ,PF00397:WW
DIPPA_19858.mRNA.1	PF03912:Psb28,PF10339:Vel1p,PF13498:DUF4122
DIPPA_19864.mRNA.1	PF16999:V-ATPase_G_2,PF16999:V-ATPase_G_2
DIPPA_19867.mRNA.1	PF14362:DUF4407,PF06818:Fez1,PF14608:zf-CCCH_2
DIPPA_19871.mRNA.1	PF17674:HHH_9,PF00575:S1
DIPPA_19881.mRNA.1	PF00400:WD40,PF00400:WD40,PF00400:WD40,PF00400:WD40,PF00400:WD40
DIPPA_19885.mRNA.1	PF04443:LuxE,PF00612:IQ,PF00612:IQ
DIPPA_19894.mRNA.1	PF13639:zf-RING_2,PF20335:DUF6630
DIPPA_19900.mRNA.1	PF21189:PHA02142,PF09414:RNA_ligase
DIPPA_19904.mRNA.1	PF17205:PSI_integrin,PF13886:DUF4203,PF05501:DUF755,PF22987:KDM3B_Tudor
DIPPA_19934.mRNA.1	PF07234:Babuvirus_MP,PF04995:CcmD
DIPPA_19936.mRNA.1	PF00076:RRM_1,PF04019:DUF359,PF20694:TRADD-like_N
DIPPA_19952.mRNA.1	PF00078:RVT_1,PF17919:RT_RNaseH_2
DIPPA_19958.mRNA.1	PF16227:DUF4886,PF16227:DUF4886,PF16227:DUF4886
DIPPA_19969.mRNA.1	PF13540:RCC1_2,PF13540:RCC1_2,PF13540:RCC1_2,PF13540:RCC1_2,PF13540:RCC1_2,PF13540:RCC1_2,PF06645:SPC12
DIPPA_19970.mRNA.1	PF00566:RabGAP-TBC,PF05957:DUF883,PF08990:Docking,PF00566:RabGAP-TBC
DIPPA_19984.mRNA.1	PF18504:Csm1_N,PF18504:Csm1_N
DIPPA_19987.mRNA.1	PF15994:DUF4770,PF13499:EF-hand_7,PF15644:Gln_amidase,PF07889:DUF1664
DIPPA_19992.mRNA.1	PF16227:DUF4886,PF16227:DUF4886,PF16227:DUF4886
DIPPA_20001.mRNA.1	PF06017:Myosin_TH1,PF15960:DUF4763
DIPPA_20011.mRNA.1	PF00253:Ribosomal_S14,PF17919:RT_RNaseH_2
DIPPA_20034.mRNA.1	PF21743:PTM_DIR17_Tudor,PF00557:Peptidase_M24
DIPPA_20037.mRNA.1	PF03747:ADP_ribosyl_GH,PF22120:T6SS_Tse3_N
DIPPA_20044.mRNA.1	PF00872:Transposase_mut,PF04434:SWIM,PF13696:zf-CCHC_2,PF01080:Presenilin
DIPPA_20049.mRNA.1	PF00024:PAN_1,PF00024:PAN_1,PF00024:PAN_1,PF00024:PAN_1,PF00024:PAN_1,PF00024:PAN_1,PF00024:PAN_1,PF00024:PAN_1,PF00024:PAN_1,PF06305:LapA_dom
DIPPA_20050.mRNA.1	PF00024:PAN_1,PF00024:PAN_1,PF00024:PAN_1,PF00024:PAN_1,PF00024:PAN_1,PF00024:PAN_1,PF00024:PAN_1
DIPPA_20059.mRNA.1	PF02183:HALZ,PF00169:PH,PF17675:APG6_N
DIPPA_20061.mRNA.1	PF17820:PDZ_6,PF17820:PDZ_6,PF00641:zf-RanBP,PF15855:DUF4726
DIPPA_20062.mRNA.1	PF14650:FAM75,PF00397:WW,PF00397:WW,PF00397:WW,PF18115:Tudor_3
DIPPA_20063.mRNA.1	PF04513:Baculo_PEP_C,PF04513:Baculo_PEP_C,PF04513:Baculo_PEP_C
DIPPA_20069.mRNA.1	PF15761:IMUP,PF00595:PDZ,PF10500:SR-25,PF13696:zf-CCHC_2,PF13696:zf-CCHC_2,PF13696:zf-CCHC_2,PF10500:SR-25
DIPPA_20071.mRNA.1	PF03407:Nucleotid_trans,PF14295:PAN_4,PF03407:Nucleotid_trans
DIPPA_20073.mRNA.2	PF16808:PKcGMP_CC,PF00397:WW
DIPPA_20076.mRNA.1	PF11457:DUF3021,PF06305:LapA_dom
DIPPA_20095.mRNA.1	PF10473:CENP-F_leu_zip,PF22216:Sas-6_C_CC,PF06426:SATase_N,PF00170:bZIP_1
DIPPA_20098.mRNA.1	PF00168:C2,PF00168:C2,PF22932:Ubiq_DUF_assoc,PF01344:Kelch_1,PF13854:Kelch_5,PF13854:Kelch_5,PF13415:Kelch_3,PF13415:Kelch_3,PF13415:Kelch_3
DIPPA_20116.mRNA.1	PF07719:TPR_2,PF00515:TPR_1,PF00515:TPR_1,PF09184:PPP4R2,PF13405:EF-hand_6
DIPPA_20118.mRNA.1	PF00078:RVT_1,PF17917:RT_RNaseH
DIPPA_20129.mRNA.1	PF00934:PE,PF00934:PE
DIPPA_20138.mRNA.1	PF19235:DUF5888,PF19235:DUF5888,PF19235:DUF5888
DIPPA_20142.mRNA.1	PF00641:zf-RanBP,PF13639:zf-RING_2,PF13405:EF-hand_6
DIPPA_20158.mRNA.1	PF11493:TSP9,PF11493:TSP9
DIPPA_20160.mRNA.1	PF12796:Ank_2,PF12796:Ank_2
DIPPA_20169.mRNA.1	PF06212:GRIM-19,PF00397:WW,PF00397:WW
DIPPA_20169.mRNA.2	PF06212:GRIM-19,PF00397:WW,PF00397:WW
DIPPA_20171.mRNA.1	PF00076:RRM_1,PF12300:RhlB,PF00397:WW
DIPPA_20179.mRNA.1	PF17078:SHE3,PF15456:Uds1
DIPPA_20185.mRNA.1	PF22595:CFAP107,PF22595:CFAP107
DIPPA_20186.mRNA.1	PF04102:SlyX,PF04102:SlyX
DIPPA_20197.mRNA.1	PF13913:zf-C2HC_2,PF00078:RVT_1
DIPPA_20198.mRNA.1	PF10267:Tmemb_cc2,PF14608:zf-CCCH_2
DIPPA_20218.mRNA.1	PF00078:RVT_1,PF00078:RVT_1
DIPPA_20224.mRNA.1	PF16860:CX9C,PF05254:UPF0203
DIPPA_20228.mRNA.1	PF00722:Glyco_hydro_16,PF02018:CBM_4_9
DIPPA_20228.mRNA.2	PF00722:Glyco_hydro_16,PF12417:DUF3669,PF02018:CBM_4_9
DIPPA_20232.mRNA.1	PF10500:SR-25,PF01129:ART,PF22836:TEX13B_C
DIPPA_20234.mRNA.1	PF04010:DUF357,PF04010:DUF357
DIPPA_20235.mRNA.1	PF06698:DUF1192,PF06698:DUF1192
DIPPA_20250.mRNA.1	PF04822:Takusan,PF00754:F5_F8_type_C,PF07583:PSCyt2,PF19725:RPC5_C,PF08165:FerA
DIPPA_20252.mRNA.1	PF04102:SlyX,PF16740:SKA2,PF06778:Chlor_dismutase,PF16740:SKA2
DIPPA_20258.mRNA.1	PF19111:DUF5798,PF19904:DUF6377
DIPPA_20263.mRNA.1	PF21231:GH141_M,PF13229:Beta_helix
DIPPA_20266.mRNA.1	PF19130:DUF5813,PF13495:Phage_int_SAM_4
DIPPA_20274.mRNA.1	PF20713:DUF6826,PF00069:Pkinase
DIPPA_20283.mRNA.1	PF10571:UPF0547,PF21639:ORC5_lid,PF21639:ORC5_lid
DIPPA_20287.mRNA.1	PF00536:SAM_1,PF05859:Mis12,PF15908:HMMR_C
DIPPA_20296.mRNA.1	PF12799:LRR_4,PF17551:DUF5463
DIPPA_20307.mRNA.1	PF10571:UPF0547,PF21639:ORC5_lid
DIPPA_20329.mRNA.1	PF06406:StbA_N,PF06406:StbA_N
DIPPA_20336.mRNA.1	PF00144:Beta-lactamase,PF00144:Beta-lactamase,PF00024:PAN_1,PF00024:PAN_1,PF00024:PAN_1,PF00024:PAN_1
DIPPA_20345.mRNA.1	PF00536:SAM_1,PF03028:Dynein_heavy
DIPPA_20349.mRNA.1	PF19899:DUF6372,PF19899:DUF6372,PF11913:DUF3431,PF11913:DUF3431
DIPPA_20349.mRNA.2	PF19899:DUF6372,PF19899:DUF6372,PF11913:DUF3431,PF11913:DUF3431
DIPPA_20349.mRNA.3	PF19899:DUF6372,PF19899:DUF6372,PF11913:DUF3431,PF11913:DUF3431
DIPPA_20353.mRNA.1	PF11913:DUF3431,PF11913:DUF3431,PF11913:DUF3431
DIPPA_20354.mRNA.1	PF13417:GST_N_3,PF00043:GST_C,PF13417:GST_N_3,PF00043:GST_C,PF13417:GST_N_3,PF00043:GST_C,PF13417:GST_N_3,PF00043:GST_C,PF13417:GST_N_3,PF00043:GST_C
DIPPA_20363.mRNA.1	PF20560:MotA_N,PF17917:RT_RNaseH
DIPPA_20369.mRNA.1	PF19788:DUF6272,PF02456:Adeno_IVa2
DIPPA_20370.mRNA.1	PF08702:Fib_alpha,PF04011:LemA
DIPPA_20374.mRNA.1	PF08309:LVIVD,PF08309:LVIVD,PF08309:LVIVD,PF08309:LVIVD
DIPPA_20376.mRNA.1	PF00038:Filament,PF16808:PKcGMP_CC
DIPPA_20378.mRNA.1	PF03159:XRN_N,PF03159:XRN_N,PF17871:AAA_lid_9
DIPPA_20380.mRNA.1	PF10029:DUF2271,PF10029:DUF2271,PF04340:DUF484
DIPPA_20386.mRNA.1	PF09006:Surfac_D-trimer,PF00589:Phage_integrase
DIPPA_20400.mRNA.1	PF15109:TMEM125,PF00689:Cation_ATPase_C,PF15109:TMEM125
DIPPA_20409.mRNA.1	PF13570:PQQ_3,PF13570:PQQ_3,PF09925:DUF2157
DIPPA_20416.mRNA.1	PF10186:ATG14,PF08647:BRE1
DIPPA_20426.mRNA.1	PF04774:HABP4_PAI-RBP1,PF09770:PAT1
DIPPA_20430.mRNA.1	PF19337:BAMBI_C,PF17820:PDZ_6,PF17820:PDZ_6
DIPPA_20435.mRNA.1	PF00560:LRR_1,PF00389:2-Hacid_dh,PF20669:Exo70_N
DIPPA_20444.mRNA.1	PF19187:HTH_PafC,PF14013:MT0933_antitox
DIPPA_20449.mRNA.1	PF22600:MTPAP-like_central,PF03828:PAP_assoc,PF03153:TFIIA,PF04468:PSP1
DIPPA_20453.mRNA.1	PF05373:Pro_3_hydrox_C,PF05373:Pro_3_hydrox_C,PF01129:ART
DIPPA_20456.mRNA.1	PF10358:NT-C2,PF00282:Pyridoxal_deC,PF08496:Peptidase_S49_N
DIPPA_20462.mRNA.1	PF13851:GAS,PF13851:GAS
DIPPA_20475.mRNA.1	PF01753:zf-MYND,PF03000:NPH3
DIPPA_20480.mRNA.1	PF01437:PSI,PF01437:PSI
DIPPA_20480.mRNA.2	PF01437:PSI,PF01437:PSI
DIPPA_20484.mRNA.1	PF13041:PPR_2,PF13041:PPR_2,PF13041:PPR_2
DIPPA_20489.mRNA.1	PF00642:zf-CCCH,PF00658:PABP
DIPPA_20490.mRNA.1	PF00612:IQ,PF03427:CBM_19,PF00612:IQ
DIPPA_20492.mRNA.1	PF14182:YgaB,PF20489:Birna_RdRp_C
DIPPA_20502.mRNA.1	PF13456:RVT_3,PF02456:Adeno_IVa2
DIPPA_20503.mRNA.1	PF22277:EncFtn-like,PF02545:Maf,PF00787:PX
DIPPA_20512.mRNA.1	PF06528:Phage_P2_GpE,PF14222:MOR2-PAG1_N
DIPPA_20513.mRNA.3	PF07004:SHIPPO-rpt,PF07004:SHIPPO-rpt,PF07004:SHIPPO-rpt,PF07004:SHIPPO-rpt
DIPPA_20522.mRNA.1	PF06698:DUF1192,PF07058:MAP70,PF07058:MAP70
DIPPA_20523.mRNA.1	PF01535:PPR,PF01535:PPR
DIPPA_20530.mRNA.1	PF01442:Apolipoprotein,PF18033:SpuA_C,PF12729:4HB_MCP_1
DIPPA_20530.mRNA.2	PF01442:Apolipoprotein,PF18033:SpuA_C,PF12729:4HB_MCP_1
DIPPA_20530.mRNA.3	PF01442:Apolipoprotein,PF18033:SpuA_C
DIPPA_20534.mRNA.1	PF08613:Cyclin,PF17820:PDZ_6
DIPPA_20554.mRNA.1	PF20033:DUF6438,PF00092:VWA,PF00092:VWA,PF00092:VWA,PF00092:VWA,PF00092:VWA,PF07974:EGF_2
DIPPA_20557.mRNA.1	PF13519:VWA_2,PF13519:VWA_2
DIPPA_20560.mRNA.1	PF20033:DUF6438,PF00092:VWA,PF00092:VWA,PF00092:VWA,PF00092:VWA,PF00092:VWA
DIPPA_20561.mRNA.1	PF13456:RVT_3,PF23020:PEX14-like_2nd
DIPPA_20564.mRNA.2	PF03351:DOMON,PF03351:DOMON,PF03351:DOMON,PF03351:DOMON,PF03351:DOMON,PF03351:DOMON,PF03351:DOMON,PF03351:DOMON,PF03351:DOMON,PF03351:DOMON,PF03351:DOMON,PF03351:DOMON,PF03351:DOMON,PF03351:DOMON,PF03351:DOMON,PF03351:DOMON,PF03351:DOMON,PF03351:DOMON,PF01794:Ferric_reduct,PF08022:FAD_binding_8,PF08030:NAD_binding_6
DIPPA_20568.mRNA.1	PF12773:DZR,PF12773:DZR,PF00498:FHA
DIPPA_20574.mRNA.1	PF03351:DOMON,PF03351:DOMON,PF03351:DOMON
DIPPA_20577.mRNA.1	PF18158:AidB_N,PF02770:Acyl-CoA_dh_M,PF00441:Acyl-CoA_dh_1,PF00441:Acyl-CoA_dh_1
DIPPA_20583.mRNA.1	PF09851:SHOCT,PF14812:PBP1_TM,PF20426:NBCH_WD40
DIPPA_20585.mRNA.1	PF04931:DNA_pol_phi,PF04931:DNA_pol_phi,PF04931:DNA_pol_phi
DIPPA_20586.mRNA.1	PF18325:Fas_alpha_ACP,PF08495:FIST
DIPPA_20602.mRNA.1	PF06476:DUF1090,PF06476:DUF1090
DIPPA_20610.mRNA.1	PF13801:Metal_resist,PF13456:RVT_3
DIPPA_20613.mRNA.1	PF02136:NTF2,PF00076:RRM_1
DIPPA_20615.mRNA.1	PF10294:Methyltransf_16,PF10294:Methyltransf_16
DIPPA_20638.mRNA.1	PF08448:PAS_4,PF08448:PAS_4
DIPPA_20640.mRNA.1	PF11913:DUF3431,PF01239:PPTA,PF11913:DUF3431
DIPPA_20653.mRNA.1	PF06156:YabA,PF06156:YabA,PF07851:TMPIT
DIPPA_20654.mRNA.1	PF14362:DUF4407,PF14357:DUF4404,PF14608:zf-CCCH_2
DIPPA_20663.mRNA.2	PF13863:DUF4200,PF13863:DUF4200
DIPPA_20672.mRNA.1	PF02847:MA3,PF14230:DUF4333,PF09297:zf-NADH-PPase
DIPPA_20673.mRNA.1	PF00270:DEAD,PF00271:Helicase_C,PF21010:HA2_C,PF07717:OB_NTP_bind
DIPPA_20676.mRNA.1	PF00300:His_Phos_1,PF00300:His_Phos_1
DIPPA_20682.mRNA.1	PF00078:RVT_1,PF14777:BBIP10,PF00078:RVT_1,PF14777:BBIP10
DIPPA_20688.mRNA.1	PF00078:RVT_1,PF00078:RVT_1
DIPPA_20694.mRNA.1	PF13565:HTH_32,PF02037:SAP
DIPPA_20702.mRNA.1	PF03105:SPX,PF03105:SPX
DIPPA_20704.mRNA.1	PF04828:GFA,PF05191:ADK_lid
DIPPA_20711.mRNA.1	PF20639:Rrn6_K-rich,PF13920:zf-C3HC4_3
DIPPA_20716.mRNA.1	PF06785:UPF0242,PF16421:E2F_CC-MB,PF02343:TRA-1_regulated,PF06156:YabA,PF16421:E2F_CC-MB
DIPPA_20735.mRNA.1	PF18439:zf_UBZ,PF02389:Cornifin,PF02389:Cornifin
DIPPA_20738.mRNA.1	PF14106:DUF4279,PF16594:ATP-synt_Z,PF13992:YecR,PF14106:DUF4279,PF16594:ATP-synt_Z,PF13992:YecR
DIPPA_20740.mRNA.1	PF10551:MULE,PF00039:fn1,PF00098:zf-CCHC,PF02338:OTU
DIPPA_20741.mRNA.1	PF03221:HTH_Tnp_Tc5,PF03184:DDE_1
DIPPA_20758.mRNA.1	PF00075:RNase_H,PF00075:RNase_H
DIPPA_20761.mRNA.1	PF11748:DUF3306,PF15775:DUF4703
DIPPA_20766.mRNA.1	PF15387:DUF4611,PF04931:DNA_pol_phi,PF13249:SQHop_cyclase_N
DIPPA_20769.mRNA.1	PF02234:CDI,PF02234:CDI
DIPPA_20773.mRNA.2	PF10604:Polyketide_cyc2,PF06156:YabA,PF17743:DUF5580
DIPPA_20779.mRNA.1	PF14529:Exo_endo_phos_2,PF00078:RVT_1,PF00075:RNase_H
DIPPA_20781.mRNA.1	PF07364:DUF1485,PF03353:Lin-8
DIPPA_20794.mRNA.1	PF07498:Rho_N,PF19695:DUF6195,PF19695:DUF6195
DIPPA_20810.mRNA.1	PF05568:ASFV_J13L,PF11956:KCNQC3-Ank-G_bd
DIPPA_20819.mRNA.1	PF00397:WW,PF00379:Chitin_bind_4,PF09485:CRISPR_Cse2
DIPPA_20820.mRNA.2	PF19890:DUF6363,PF19890:DUF6363,PF19890:DUF6363
DIPPA_20860.mRNA.1	PF00313:CSD,PF00313:CSD,PF00313:CSD
DIPPA_20866.mRNA.1	PF00313:CSD,PF00313:CSD,PF00313:CSD
DIPPA_20868.mRNA.1	PF00313:CSD,PF00313:CSD
DIPPA_20880.mRNA.1	PF00313:CSD,PF00313:CSD
DIPPA_20885.mRNA.1	PF00313:CSD,PF00313:CSD
DIPPA_20886.mRNA.1	PF22544:HYDIN_VesB_CFA65-like_Ig,PF22544:HYDIN_VesB_CFA65-like_Ig,PF22544:HYDIN_VesB_CFA65-like_Ig,PF22544:HYDIN_VesB_CFA65-like_Ig
DIPPA_20887.mRNA.1	PF11837:INV_N,PF08999:SP_C-Propep
DIPPA_20888.mRNA.1	PF00313:CSD,PF00313:CSD,PF00313:CSD
DIPPA_20903.mRNA.1	PF09826:Beta_propel,PF08309:LVIVD,PF08309:LVIVD,PF08309:LVIVD,PF08309:LVIVD,PF09826:Beta_propel,PF08309:LVIVD,PF09826:Beta_propel,PF08309:LVIVD,PF09826:Beta_propel,PF08309:LVIVD,PF09826:Beta_propel,PF08309:LVIVD
DIPPA_20926.mRNA.1	PF02466:Tim17,PF09594:GT87
DIPPA_20934.mRNA.1	PF02012:BNR,PF02012:BNR,PF02012:BNR
DIPPA_20936.mRNA.1	PF03614:Flag1_repress,PF12510:Smoothelin
DIPPA_20939.mRNA.1	PF13565:HTH_32,PF02037:SAP
DIPPA_20956.mRNA.1	PF00582:Usp,PF00582:Usp
DIPPA_20958.mRNA.1	PF03448:MgtE_N,PF00582:Usp,PF00582:Usp,PF00582:Usp
DIPPA_20958.mRNA.2	PF03448:MgtE_N,PF00582:Usp,PF00582:Usp,PF00582:Usp
DIPPA_20965.mRNA.1	PF00023:Ank,PF08134:cIII
DIPPA_20991.mRNA.1	PF19584:MCAfunc,PF00755:Carn_acyltransf,PF00755:Carn_acyltransf
DIPPA_20995.mRNA.1	PF21795:JAG1-like_EGF2,PF21795:JAG1-like_EGF2
DIPPA_21012.mRNA.1	PF01547:SBP_bac_1,PF05251:Ost5
DIPPA_21013.mRNA.1	PF01547:SBP_bac_1,PF06195:DUF996,PF09685:DUF4870
DIPPA_21013.mRNA.2	PF01547:SBP_bac_1,PF06195:DUF996,PF09685:DUF4870
DIPPA_21029.mRNA.1	PF13385:Laminin_G_3,PF19528:DUF6056,PF11862:DUF3382
DIPPA_21045.mRNA.1	PF02037:SAP,PF09494:Slx4
DIPPA_21046.mRNA.1	PF13385:Laminin_G_3,PF13385:Laminin_G_3
DIPPA_21049.mRNA.1	PF05728:UPF0227,PF00561:Abhydrolase_1
DIPPA_21068.mRNA.1	PF04102:SlyX,PF06005:ZapB
DIPPA_21076.mRNA.1	PF10571:UPF0547,PF21639:ORC5_lid
DIPPA_21083.mRNA.1	PF13405:EF-hand_6,PF00191:Annexin,PF06074:DUF935
DIPPA_21089.mRNA.1	PF00642:zf-CCCH,PF18044:zf-CCCH_4
DIPPA_21091.mRNA.1	PF21817:CapR,PF03153:TFIIA
DIPPA_21095.mRNA.1	PF00078:RVT_1,PF17919:RT_RNaseH_2
DIPPA_21109.mRNA.1	PF04889:Cwf_Cwc_15,PF17820:PDZ_6
DIPPA_21110.mRNA.1	PF15905:HMMR_N,PF19233:DUF5886,PF19233:DUF5886,PF17788:HypF_C,PF15905:HMMR_N,PF15905:HMMR_N
DIPPA_21120.mRNA.1	PF12799:LRR_4,PF19047:HOOK_N,PF12329:TMF_DNA_bd
DIPPA_21121.mRNA.1	PF04508:Pox_A_type_inc,PF04508:Pox_A_type_inc
DIPPA_21127.mRNA.1	PF14726:RTTN_N,PF09030:Creb_binding
DIPPA_21142.mRNA.1	PF00078:RVT_1,PF17919:RT_RNaseH_2
DIPPA_21161.mRNA.1	PF13041:PPR_2,PF13041:PPR_2,PF01535:PPR,PF13041:PPR_2,PF13041:PPR_2,PF17177:PPR_long,PF13812:PPR_3
DIPPA_21184.mRNA.1	PF16326:ABC_tran_CTD,PF01541:GIY-YIG
DIPPA_21195.mRNA.1	PF00024:PAN_1,PF00024:PAN_1,PF00024:PAN_1,PF11914:DUF3432,PF11174:DUF2970
DIPPA_21198.mRNA.1	PF00627:UBA,PF00627:UBA
DIPPA_21208.mRNA.1	PF00651:BTB,PF09789:CC149
DIPPA_21231.mRNA.1	PF16128:DUF4840,PF16128:DUF4840
DIPPA_21242.mRNA.1	PF04212:MIT,PF06017:Myosin_TH1
DIPPA_21248.mRNA.1	PF08309:LVIVD,PF08309:LVIVD,PF08309:LVIVD,PF08309:LVIVD,PF08309:LVIVD
DIPPA_21250.mRNA.1	PF16172:DOCK_N,PF01363:FYVE
DIPPA_21253.mRNA.1	PF08309:LVIVD,PF21309:C5_CUB,PF08309:LVIVD,PF08309:LVIVD,PF08309:LVIVD,PF05281:Secretogranin_V
DIPPA_21262.mRNA.1	PF00078:RVT_1,PF00078:RVT_1
DIPPA_21268.mRNA.1	PF00078:RVT_1,PF15451:DUF4632
DIPPA_21270.mRNA.1	PF09945:DUF2177,PF13215:DUF4023,PF00211:Guanylate_cyc
DIPPA_21287.mRNA.1	PF00078:RVT_1,PF00078:RVT_1
DIPPA_21288.mRNA.1	PF20570:DUF6779,PF16331:TolA_bind_tri,PF20570:DUF6779
DIPPA_21297.mRNA.1	PF22191:IBR_1,PF22191:IBR_1
DIPPA_21308.mRNA.1	PF01442:Apolipoprotein,PF01442:Apolipoprotein,PF01017:STAT_alpha,PF01442:Apolipoprotein
DIPPA_21319.mRNA.1	PF14938:SNAP,PF14938:SNAP
DIPPA_21329.mRNA.1	PF02230:Abhydrolase_2,PF12146:Hydrolase_4
DIPPA_21334.mRNA.1	PF00078:RVT_1,PF17917:RT_RNaseH
DIPPA_21341.mRNA.1	PF14221:DUF4330,PF05764:YL1
DIPPA_21344.mRNA.1	PF01535:PPR,PF13041:PPR_2,PF17177:PPR_long,PF14559:TPR_19,PF17177:PPR_long,PF05800:GvpO
DIPPA_21351.mRNA.1	PF07974:EGF_2,PF07974:EGF_2,PF01833:TIG,PF01833:TIG,PF06011:TRP,PF00036:EF-hand_1
DIPPA_21359.mRNA.1	PF13868:TPH,PF13868:TPH
DIPPA_21363.mRNA.1	PF01712:dNK,PF12937:F-box-like
DIPPA_21364.mRNA.1	PF15892:BNR_4,PF20800:Xp10_P7
DIPPA_21386.mRNA.1	PF01724:DUF29,PF11069:CFAP298
DIPPA_21387.mRNA.1	PF14040:DNase_NucA_NucB,PF22253:DUF6948,PF14040:DNase_NucA_NucB,PF22253:DUF6948
DIPPA_21391.mRNA.1	PF00076:RRM_1,PF00076:RRM_1,PF00076:RRM_1
DIPPA_21404.mRNA.1	PF13913:zf-C2HC_2,PF19460:DUF5997
DIPPA_21405.mRNA.1	PF04513:Baculo_PEP_C,PF02050:FliJ
DIPPA_21421.mRNA.1	PF05622:HOOK,PF05622:HOOK
DIPPA_21424.mRNA.1	PF09770:PAT1,PF01753:zf-MYND
DIPPA_21429.mRNA.1	PF12773:DZR,PF00533:BRCT,PF00533:BRCT
DIPPA_21430.mRNA.1	PF08309:LVIVD,PF08309:LVIVD,PF06011:TRP
DIPPA_21430.mRNA.2	PF08309:LVIVD,PF08309:LVIVD,PF06011:TRP
DIPPA_21430.mRNA.3	PF08309:LVIVD,PF08309:LVIVD,PF06011:TRP
DIPPA_21432.mRNA.1	PF00313:CSD,PF00313:CSD
DIPPA_21435.mRNA.1	PF21944:Hemotin,PF03153:TFIIA
DIPPA_21445.mRNA.1	PF00036:EF-hand_1,PF00036:EF-hand_1,PF00036:EF-hand_1
DIPPA_21450.mRNA.1	PF00130:C1_1,PF20917:AsnRS_N
DIPPA_21452.mRNA.1	PF00289:Biotin_carb_N,PF02786:CPSase_L_D2,PF02785:Biotin_carb_C,PF21385:ACCA_BT,PF00364:Biotin_lipoyl,PF08326:ACC_central,PF01039:Carboxyl_trans
DIPPA_21462.mRNA.1	PF07602:DUF1565,PF21231:GH141_M,PF05048:NosD,PF05048:NosD
DIPPA_21466.mRNA.1	PF02736:Myosin_N,PF12773:DZR,PF12773:DZR,PF12773:DZR
DIPPA_21490.mRNA.1	PF07993:NAD_binding_4,PF01370:Epimerase,PF03015:Sterile
DIPPA_21505.mRNA.1	PF13432:TPR_16,PF00856:SET,PF15549:PGC7_Stella
DIPPA_21506.mRNA.1	PF05598:DUF772,PF00078:RVT_1,PF00078:RVT_1
DIPPA_21517.mRNA.1	PF04048:Sec8_N,PF14197:Cep57_CLD_2,PF14197:Cep57_CLD_2,PF04048:Sec8_N
DIPPA_21527.mRNA.1	PF19460:DUF5997,PF00078:RVT_1
DIPPA_21528.mRNA.1	PF10915:DUF2709,PF10915:DUF2709
DIPPA_21538.mRNA.1	PF19893:DUF6366,PF20882:Sos7,PF19893:DUF6366
DIPPA_21543.mRNA.1	PF01564:Spermine_synth,PF03098:An_peroxidase
DIPPA_21558.mRNA.1	PF00514:Arm,PF00514:Arm,PF00514:Arm
DIPPA_21589.mRNA.1	PF01694:Rhomboid,PF08592:Anthrone_oxy
DIPPA_21589.mRNA.2	PF01694:Rhomboid,PF08592:Anthrone_oxy
DIPPA_21589.mRNA.3	PF01694:Rhomboid,PF08592:Anthrone_oxy
DIPPA_21593.mRNA.1	PF00642:zf-CCCH,PF00642:zf-CCCH
DIPPA_21601.mRNA.1	PF05598:DUF772,PF00078:RVT_1,PF00078:RVT_1
DIPPA_21606.mRNA.1	PF12937:F-box-like,PF13806:Rieske_2,PF04732:Filament_head
DIPPA_21607.mRNA.1	PF01805:Surp,PF01805:Surp
DIPPA_21607.mRNA.2	PF01805:Surp,PF01805:Surp
DIPPA_21607.mRNA.3	PF01805:Surp,PF01805:Surp
DIPPA_21612.mRNA.1	PF00173:Cyt-b5,PF00174:Oxidored_molyb,PF03404:Mo-co_dimer
DIPPA_21624.mRNA.1	PF05018:CFA20_dom,PF10500:SR-25,PF12767:SAGA-Tad1
DIPPA_21631.mRNA.1	PF02993:MCPVI,PF00169:PH
DIPPA_21636.mRNA.1	PF01061:ABC2_membrane,PF01061:ABC2_membrane
DIPPA_21639.mRNA.1	PF00313:CSD,PF05887:Trypan_PARP
DIPPA_21642.mRNA.1	PF14634:zf-RING_5,PF15227:zf-C3HC4_4,PF22289:DmmA-like_C
DIPPA_21642.mRNA.2	PF14634:zf-RING_5,PF15227:zf-C3HC4_4,PF09082:DUF1922,PF21344:LysW-like_globular
DIPPA_21644.mRNA.1	PF09731:Mitofilin,PF13385:Laminin_G_3
DIPPA_21645.mRNA.1	PF19257:BURAN,PF14443:DBC1,PF07133:Merozoite_SPAM
DIPPA_21652.mRNA.1	PF04886:PT,PF04886:PT
DIPPA_21652.mRNA.2	PF04886:PT,PF04886:PT
DIPPA_21652.mRNA.4	PF04886:PT,PF04886:PT
DIPPA_21653.mRNA.1	PF08513:LisH,PF05022:SRP40_C
DIPPA_21671.mRNA.1	PF13913:zf-C2HC_2,PF19460:DUF5997
DIPPA_21673.mRNA.1	PF07058:MAP70,PF00076:RRM_1,PF00076:RRM_1,PF07058:MAP70
DIPPA_21674.mRNA.1	PF12796:Ank_2,PF12796:Ank_2,PF12796:Ank_2,PF12796:Ank_2,PF03035:RNA_capsid
DIPPA_21687.mRNA.1	PF15247:SLBP_RNA_bind,PF15247:SLBP_RNA_bind
DIPPA_21689.mRNA.1	PF00554:RHD_DNA_bind,PF00554:RHD_DNA_bind
DIPPA_21698.mRNA.1	PF17820:PDZ_6,PF12301:CD99L2
DIPPA_21708.mRNA.1	PF14636:FNIP_N,PF14637:FNIP_M,PF14637:FNIP_M,PF11555:Inhibitor_Mig-6,PF14638:FNIP_C
DIPPA_21715.mRNA.1	PF00130:C1_1,PF20917:AsnRS_N
DIPPA_21731.mRNA.1	PF00044:Gp_dh_N,PF02800:Gp_dh_C
DIPPA_21736.mRNA.1	PF04880:NUDE_C,PF01591:6PF2K,PF00300:His_Phos_1
DIPPA_21750.mRNA.1	PF07544:Med9,PF15663:zf-CCCH_3
DIPPA_21751.mRNA.1	PF06017:Myosin_TH1,PF18595:Nuf2_DHR10-like
DIPPA_21753.mRNA.1	PF03477:ATP-cone,PF14735:HAUS4
DIPPA_21755.mRNA.1	PF13418:Kelch_4,PF13418:Kelch_4,PF13418:Kelch_4,PF13418:Kelch_4,PF08337:Plexin_cytopl,PF11711:Tim54
DIPPA_21757.mRNA.1	PF13456:RVT_3,PF00589:Phage_integrase
DIPPA_21761.mRNA.1	PF13505:OMP_b-brl,PF03549:Tir_receptor_M,PF03549:Tir_receptor_M,PF03549:Tir_receptor_M
DIPPA_21764.mRNA.1	PF02037:SAP,PF04354:ZipA_C,PF10046:BLOC1_2,PF10046:BLOC1_2
DIPPA_21778.mRNA.1	PF12531:DUF3731,PF11705:RNA_pol_3_Rpc31
DIPPA_21785.mRNA.1	PF15801:zf-C6H2,PF00653:BIR,PF11976:Rad60-SLD,PF11976:Rad60-SLD,PF11976:Rad60-SLD,PF11976:Rad60-SLD,PF11976:Rad60-SLD,PF14404:Strep_pep
DIPPA_21795.mRNA.1	PF13385:Laminin_G_3,PF19744:DUF6232,PF19744:DUF6232
DIPPA_21796.mRNA.1	PF00076:RRM_1,PF07793:DUF1631
DIPPA_21796.mRNA.2	PF00076:RRM_1,PF01636:APH
DIPPA_21798.mRNA.1	PF03446:NAD_binding_2,PF21761:RedAm-like_C
DIPPA_21812.mRNA.1	PF00612:IQ,PF00612:IQ,PF00612:IQ
DIPPA_21812.mRNA.2	PF00612:IQ,PF00612:IQ,PF00612:IQ,PF15419:LNP1
DIPPA_21821.mRNA.1	PF17917:RT_RNaseH,PF13974:YebO
DIPPA_21833.mRNA.1	PF01284:MARVEL,PF07806:Nod_GRP
DIPPA_21844.mRNA.1	PF00145:DNA_methylase,PF00176:SNF2-rel_dom,PF00271:Helicase_C
DIPPA_21856.mRNA.1	PF08614:ATG16,PF08614:ATG16,PF08614:ATG16,PF08614:ATG16
DIPPA_21857.mRNA.1	PF21720:MIOS_WD40,PF21719:MIOS_a-sol,PF21719:MIOS_a-sol,PF17034:zinc_ribbon_16
DIPPA_21857.mRNA.2	PF20796:PDDEXK_13,PF17034:zinc_ribbon_16
DIPPA_21860.mRNA.1	PF08653:DASH_Dam1,PF08653:DASH_Dam1
DIPPA_21860.mRNA.2	PF08653:DASH_Dam1,PF08653:DASH_Dam1,PF06705:SF-assemblin
DIPPA_21866.mRNA.1	PF16282:SANT_DAMP1_like,PF05859:Mis12
DIPPA_21869.mRNA.1	PF01412:ArfGap,PF00641:zf-RanBP
DIPPA_21880.mRNA.1	PF07498:Rho_N,PF19695:DUF6195,PF19695:DUF6195
DIPPA_21887.mRNA.1	PF08911:NUP50,PF00638:Ran_BP1
DIPPA_21893.mRNA.1	PF00071:Ras,PF00071:Ras
DIPPA_21893.mRNA.2	PF00071:Ras,PF00071:Ras
DIPPA_21910.mRNA.1	PF14200:RicinB_lectin_2,PF14200:RicinB_lectin_2,PF14200:RicinB_lectin_2,PF14200:RicinB_lectin_2,PF14200:RicinB_lectin_2
DIPPA_21911.mRNA.1	PF14200:RicinB_lectin_2,PF14200:RicinB_lectin_2,PF14200:RicinB_lectin_2,PF14200:RicinB_lectin_2,PF14200:RicinB_lectin_2,PF14200:RicinB_lectin_2
DIPPA_21917.mRNA.1	PF16418:CNOT1_HEAT,PF20087:DUF6479
DIPPA_21918.mRNA.1	PF22992:C2CH-4th_BIRD-IDD,PF22992:C2CH-4th_BIRD-IDD,PF22992:C2CH-4th_BIRD-IDD,PF22992:C2CH-4th_BIRD-IDD,PF22992:C2CH-4th_BIRD-IDD
DIPPA_21923.mRNA.1	PF10358:NT-C2,PF04048:Sec8_N,PF15639:Tox-MPTase3,PF01843:DIL
DIPPA_21935.mRNA.1	PF00078:RVT_1,PF13532:2OG-FeII_Oxy_2,PF02338:OTU,PF00078:RVT_1
DIPPA_21939.mRNA.1	PF22207:MCM3_WHD,PF22207:MCM3_WHD
DIPPA_21969.mRNA.1	PF00078:RVT_1,PF15451:DUF4632
DIPPA_21970.mRNA.1	PF00589:Phage_integrase,PF00078:RVT_1
DIPPA_21984.mRNA.1	PF00078:RVT_1,PF00078:RVT_1
DIPPA_21991.mRNA.1	PF00076:RRM_1,PF00076:RRM_1,PF00076:RRM_1
DIPPA_21994.mRNA.1	PF15387:DUF4611,PF04931:DNA_pol_phi,PF13249:SQHop_cyclase_N
DIPPA_22011.mRNA.1	PF19134:DUF5817,PF19134:DUF5817
DIPPA_22029.mRNA.1	PF04991:LicD,PF04991:LicD
DIPPA_22034.mRNA.1	PF13270:CCDC28,PF13270:CCDC28
DIPPA_22045.mRNA.1	PF02874:ATP-synt_ab_N,PF00006:ATP-synt_ab,PF22919:ATP-synt_VA_C
DIPPA_22072.mRNA.1	PF00071:Ras,PF16455:UBD
DIPPA_22079.mRNA.1	PF06305:LapA_dom,PF17820:PDZ_6
DIPPA_22082.mRNA.1	PF11932:DUF3450,PF11932:DUF3450,PF11932:DUF3450,PF11932:DUF3450,PF11932:DUF3450
DIPPA_22088.mRNA.1	PF21149:FAS_pseudo-KR,PF00355:Rieske,PF21149:FAS_pseudo-KR
DIPPA_22091.mRNA.1	PF02183:HALZ,PF09036:Bcr-Abl_Oligo,PF11180:DUF2968,PF09006:Surfac_D-trimer
DIPPA_22093.mRNA.1	PF00040:fn2,PF00040:fn2,PF00040:fn2,PF00040:fn2,PF00040:fn2,PF00040:fn2,PF00040:fn2,PF00040:fn2
DIPPA_22104.mRNA.1	PF03351:DOMON,PF03351:DOMON,PF03351:DOMON,PF03351:DOMON,PF03351:DOMON
DIPPA_22108.mRNA.1	PF05184:SapB_1,PF14986:DUF4514
DIPPA_22111.mRNA.1	PF13854:Kelch_5,PF13854:Kelch_5,PF13854:Kelch_5,PF13854:Kelch_5,PF19251:DUF5899
DIPPA_22122.mRNA.1	PF02183:HALZ,PF11559:ADIP
DIPPA_22124.mRNA.1	PF00076:RRM_1,PF13893:RRM_5
DIPPA_22125.mRNA.1	PF05615:THOC7,PF04547:Anoctamin,PF07810:TMC,PF05615:THOC7
DIPPA_22127.mRNA.1	PF03597:FixS,PF03351:DOMON,PF03351:DOMON,PF17870:Insulin_TMD
DIPPA_22136.mRNA.1	PF03097:BRO1,PF13949:ALIX_LYPXL_bnd
DIPPA_22139.mRNA.1	PF12796:Ank_2,PF12796:Ank_2,PF12796:Ank_2,PF12796:Ank_2,PF00023:Ank,PF12796:Ank_2,PF00023:Ank,PF12796:Ank_2,PF12796:Ank_2,PF00023:Ank,PF12796:Ank_2,PF12796:Ank_2,PF00023:Ank,PF00023:Ank,PF12796:Ank_2
DIPPA_22142.mRNA.1	PF00486:Trans_reg_C,PF05859:Mis12,PF19579:FtsL_2
DIPPA_22147.mRNA.1	PF00078:RVT_1,PF00078:RVT_1,PF00078:RVT_1,PF00078:RVT_1
DIPPA_22150.mRNA.1	PF01344:Kelch_1,PF01344:Kelch_1,PF13854:Kelch_5,PF15839:TEX29,PF00069:Pkinase
DIPPA_22156.mRNA.1	PF03472:Autoind_bind,PF16018:Anillin_N
DIPPA_22159.mRNA.1	PF00211:Guanylate_cyc,PF00211:Guanylate_cyc
DIPPA_22182.mRNA.1	PF08513:LisH,PF04147:Nop14
DIPPA_22183.mRNA.1	PF00168:C2,PF00168:C2,PF07647:SAM_2
DIPPA_22185.mRNA.1	PF01129:ART,PF00631:G-gamma
DIPPA_22195.mRNA.1	PF00225:Kinesin,PF06825:HSBP1,PF11672:DUF3268,PF20667:Sec10_N,PF01926:MMR_HSR1
DIPPA_22195.mRNA.2	PF00225:Kinesin,PF14260:zf-C4pol,PF20667:Sec10_N,PF20667:Sec10_N,PF01926:MMR_HSR1
DIPPA_22200.mRNA.2	PF21700:DL-JAG_EGF-like,PF13385:Laminin_G_3,PF05987:DUF898
DIPPA_22205.mRNA.1	PF00225:Kinesin,PF07926:TPR_MLP1_2,PF07926:TPR_MLP1_2,PF13887:MYRF_ICA,PF12775:AAA_7,PF22629:AHAS-like_ACT
DIPPA_22213.mRNA.1	PF01344:Kelch_1,PF01344:Kelch_1,PF13415:Kelch_3
DIPPA_22224.mRNA.1	PF15508:NAAA-beta,PF02275:CBAH
DIPPA_22225.mRNA.1	PF02493:MORN,PF02493:MORN,PF02493:MORN,PF02493:MORN,PF02493:MORN,PF02493:MORN,PF02493:MORN,PF02493:MORN,PF00069:Pkinase,PF14531:Kinase-like
DIPPA_22233.mRNA.1	PF00225:Kinesin,PF19964:EAD11,PF20878:REST_helical,PF10046:BLOC1_2
DIPPA_22238.mRNA.1	PF12765:Cohesin_HEAT,PF21094:Nup188_SH3-like,PF12765:Cohesin_HEAT
DIPPA_22245.mRNA.1	PF10473:CENP-F_leu_zip,PF18557:NepR
DIPPA_22246.mRNA.1	PF04615:Utp14,PF04232:SpoVS,PF04232:SpoVS
DIPPA_22260.mRNA.1	PF08614:ATG16,PF01544:CorA
DIPPA_22261.mRNA.1	PF00078:RVT_1,PF00078:RVT_1
DIPPA_22268.mRNA.1	PF13600:DUF4140,PF13600:DUF4140
DIPPA_22269.mRNA.1	PF02037:SAP,PF02899:Phage_int_SAM_1
DIPPA_22297.mRNA.1	PF00612:IQ,PF12796:Ank_2,PF12796:Ank_2
DIPPA_22297.mRNA.2	PF00612:IQ,PF12796:Ank_2,PF12796:Ank_2
DIPPA_22305.mRNA.1	PF21125:MPN_2A_DUB_like,PF11670:MSP1a
DIPPA_22308.mRNA.1	PF17661:DUF5523,PF19538:DUF6062
DIPPA_22309.mRNA.1	PF03610:EIIA-man,PF13671:AAA_33
DIPPA_22313.mRNA.1	PF00168:C2,PF08238:Sel1,PF18346:SH3_15
DIPPA_22330.mRNA.1	PF18189:RIF5_SNase_2,PF18189:RIF5_SNase_2
DIPPA_22331.mRNA.1	PF02743:dCache_1,PF02743:dCache_1
DIPPA_22345.mRNA.1	PF03228:Adeno_VII,PF02390:Methyltransf_4
DIPPA_22348.mRNA.1	PF03834:Rad10,PF14520:HHH_5,PF04388:Hamartin,PF00558:Vpu
DIPPA_22350.mRNA.1	PF08450:SGL,PF08450:SGL
DIPPA_22355.mRNA.1	PF00313:CSD,PF00313:CSD
DIPPA_22358.mRNA.1	PF01496:V_ATPase_I,PF02912:Phe_tRNA-synt_N,PF06156:YabA,PF17820:PDZ_6
DIPPA_22364.mRNA.1	PF13041:PPR_2,PF13812:PPR_3,PF02216:B
DIPPA_22368.mRNA.1	PF04513:Baculo_PEP_C,PF04513:Baculo_PEP_C
DIPPA_22370.mRNA.1	PF06103:DUF948,PF08499:PDEase_I_N,PF21156:ISOA1-3_C,PF13020:NOV_C
DIPPA_22393.mRNA.1	PF06419:COG6_N,PF17053:GEP5,PF06419:COG6_N,PF09115:DNApol3-delta_C
DIPPA_22394.mRNA.1	PF12773:DZR,PF15791:DMRT-like,PF13565:HTH_32,PF15791:DMRT-like
DIPPA_22396.mRNA.1	PF06017:Myosin_TH1,PF04102:SlyX,PF09730:BicD
DIPPA_22396.mRNA.2	PF06017:Myosin_TH1,PF04102:SlyX,PF09730:BicD
DIPPA_22397.mRNA.1	PF09917:DUF2147,PF09917:DUF2147,PF09917:DUF2147,PF09917:DUF2147
DIPPA_22403.mRNA.1	PF03372:Exo_endo_phos,PF00078:RVT_1
DIPPA_22407.mRNA.1	PF08265:YL1_C,PF08265:YL1_C,PF11083:Relaxase_C
DIPPA_22410.mRNA.1	PF14634:zf-RING_5,PF04402:SIMPL
DIPPA_22416.mRNA.1	PF08614:ATG16,PF00038:Filament,PF00038:Filament,PF07926:TPR_MLP1_2,PF21253:Mann_GBD_bact,PF08614:ATG16,PF00038:Filament,PF08614:ATG16,PF07926:TPR_MLP1_2,PF07926:TPR_MLP1_2,PF08614:ATG16,PF08614:ATG16
DIPPA_22420.mRNA.1	PF03472:Autoind_bind,PF16018:Anillin_N
DIPPA_22428.mRNA.1	PF00078:RVT_1,PF03472:Autoind_bind
DIPPA_22442.mRNA.1	PF00078:RVT_1,PF00078:RVT_1
DIPPA_22443.mRNA.1	PF18044:zf-CCCH_4,PF18044:zf-CCCH_4
DIPPA_22458.mRNA.1	PF00642:zf-CCCH,PF00642:zf-CCCH,PF10080:FtrD-like,PF00642:zf-CCCH
DIPPA_22460.mRNA.1	PF01535:PPR,PF14559:TPR_19,PF01535:PPR
DIPPA_22475.mRNA.1	PF19202:DUF5874,PF19202:DUF5874
DIPPA_22484.mRNA.1	PF02862:DDHD,PF13839:PC-Esterase
DIPPA_22496.mRNA.1	PF04725:PsbR,PF22564:HAAS
DIPPA_22498.mRNA.1	PF05764:YL1,PF20426:NBCH_WD40
DIPPA_22504.mRNA.1	PF00664:ABC_membrane,PF00005:ABC_tran,PF00664:ABC_membrane,PF00005:ABC_tran
DIPPA_22514.mRNA.1	PF09770:PAT1,PF00658:PABP
DIPPA_22532.mRNA.1	PF14915:CCDC144C,PF14915:CCDC144C
DIPPA_22541.mRNA.1	PF05191:ADK_lid,PF06818:Fez1,PF19561:DUF6083
DIPPA_22545.mRNA.1	PF13417:GST_N_3,PF14497:GST_C_3
DIPPA_22549.mRNA.1	PF02371:Transposase_20,PF04829:PT-VENN
DIPPA_22557.mRNA.1	PF00078:RVT_1,PF21639:ORC5_lid,PF13776:DUF4172,PF21639:ORC5_lid
DIPPA_22558.mRNA.1	PF05598:DUF772,PF00078:RVT_1,PF00078:RVT_1
DIPPA_22568.mRNA.1	PF00595:PDZ,PF00258:Flavodoxin_1,PF00258:Flavodoxin_1,PF00667:FAD_binding_1,PF00175:NAD_binding_1
DIPPA_22587.mRNA.1	PF00226:DnaJ,PF02622:DUF179
DIPPA_22592.mRNA.1	PF13920:zf-C3HC4_3,PF22992:C2CH-4th_BIRD-IDD
DIPPA_22615.mRNA.1	PF00642:zf-CCCH,PF00642:zf-CCCH,PF00642:zf-CCCH,PF02354:Latrophilin
DIPPA_22620.mRNA.1	PF12072:RNase_Y_N,PF09278:MerR-DNA-bind,PF09278:MerR-DNA-bind,PF22628:zf-CCCH_10
DIPPA_22621.mRNA.1	PF00836:Stathmin,PF00836:Stathmin
DIPPA_22644.mRNA.1	PF00023:Ank,PF12796:Ank_2,PF12796:Ank_2,PF00069:Pkinase,PF12796:Ank_2,PF00023:Ank,PF12796:Ank_2,PF00023:Ank
DIPPA_22649.mRNA.1	PF04102:SlyX,PF06005:ZapB
DIPPA_22654.mRNA.1	PF00078:RVT_1,PF17919:RT_RNaseH_2
DIPPA_22672.mRNA.1	PF02338:OTU,PF03372:Exo_endo_phos
DIPPA_22673.mRNA.1	PF02371:Transposase_20,PF02371:Transposase_20
DIPPA_22681.mRNA.1	PF00078:RVT_1,PF17917:RT_RNaseH
DIPPA_22684.mRNA.1	PF03221:HTH_Tnp_Tc5,PF03184:DDE_1
DIPPA_22688.mRNA.1	PF00078:RVT_1,PF00078:RVT_1
DIPPA_22694.mRNA.1	PF15399:DUF4620,PF15399:DUF4620,PF15399:DUF4620
DIPPA_22698.mRNA.1	PF16131:Torus,PF16131:Torus,PF20992:CBP66_2nd
DIPPA_22704.mRNA.1	PF00086:Thyroglobulin_1,PF00086:Thyroglobulin_1,PF00086:Thyroglobulin_1,PF00086:Thyroglobulin_1,PF00086:Thyroglobulin_1,PF00086:Thyroglobulin_1
DIPPA_22705.mRNA.1	PF17863:AAA_lid_2,PF17863:AAA_lid_2
DIPPA_22714.mRNA.1	PF18325:Fas_alpha_ACP,PF08495:FIST
DIPPA_22715.mRNA.1	PF11822:SANBR_BTB,PF04968:CHORD,PF04968:CHORD
DIPPA_22727.mRNA.1	PF10473:CENP-F_leu_zip,PF10473:CENP-F_leu_zip,PF10473:CENP-F_leu_zip,PF00038:Filament,PF16808:PKcGMP_CC,PF00038:Filament,PF07926:TPR_MLP1_2
DIPPA_22730.mRNA.1	PF22812:CR_prot_dom_plant,PF05686:Glyco_transf_90
DIPPA_22731.mRNA.1	PF04102:SlyX,PF04102:SlyX,PF08702:Fib_alpha
DIPPA_22733.mRNA.1	PF00856:SET,PF22650:At5g48480-like_C,PF22650:At5g48480-like_C,PF22650:At5g48480-like_C,PF00856:SET
DIPPA_22738.mRNA.1	PF00293:NUDIX,PF15612:WHIM1,PF03057:DUF236
DIPPA_22742.mRNA.1	PF14634:zf-RING_5,PF05062:RICH
DIPPA_22745.mRNA.1	PF03735:ENT,PF08376:NIT
DIPPA_22746.mRNA.1	PF13920:zf-C3HC4_3,PF22992:C2CH-4th_BIRD-IDD
DIPPA_22750.mRNA.2	PF17675:APG6_N,PF17675:APG6_N
DIPPA_22765.mRNA.1	PF15454:LAMTOR,PF15454:LAMTOR
DIPPA_22771.mRNA.1	PF07885:Ion_trans_2,PF07885:Ion_trans_2
DIPPA_22776.mRNA.1	PF00226:DnaJ,PF00641:zf-RanBP,PF22923:KIF2A-like_1st,PF17295:DUF5348,PF00641:zf-RanBP
DIPPA_22779.mRNA.1	PF08702:Fib_alpha,PF08775:ParB
DIPPA_22792.mRNA.1	PF12951:PATR,PF12951:PATR,PF15979:Glyco_hydro_115,PF19190:BACON_2,PF17829:GH115_C
DIPPA_22798.mRNA.1	PF12951:PATR,PF12951:PATR,PF15979:Glyco_hydro_115,PF19190:BACON_2,PF17829:GH115_C
DIPPA_22809.mRNA.1	PF17917:RT_RNaseH,PF13974:YebO
DIPPA_22815.mRNA.1	PF18850:LPD30,PF19539:DUF6063,PF18850:LPD30
DIPPA_22818.mRNA.1	PF00027:cNMP_binding,PF18203:IPTL-CTERM,PF18203:IPTL-CTERM,PF00027:cNMP_binding,PF07883:Cupin_2
DIPPA_22819.mRNA.1	PF16689:APC_N_CC,PF15725:RCDG1
DIPPA_22827.mRNA.1	PF00130:C1_1,PF20917:AsnRS_N
DIPPA_22829.mRNA.1	PF09438:DUF2017,PF15240:Pro-rich
DIPPA_22832.mRNA.1	PF19602:DUF6107,PF13565:HTH_32
DIPPA_22837.mRNA.1	PF14662:KASH_CCD,PF12329:TMF_DNA_bd,PF12329:TMF_DNA_bd,PF13248:zf-ribbon_3
DIPPA_22840.mRNA.1	PF22600:MTPAP-like_central,PF04928:PAP_central,PF17403:Nrap_D2
DIPPA_22845.mRNA.1	PF08627:CRT-like,PF08627:CRT-like
DIPPA_22846.mRNA.1	PF07333:SLR1-BP,PF07333:SLR1-BP,PF07333:SLR1-BP,PF07333:SLR1-BP
DIPPA_22856.mRNA.1	PF05375:Pacifastin_I,PF05375:Pacifastin_I,PF05375:Pacifastin_I,PF05375:Pacifastin_I,PF05375:Pacifastin_I,PF05375:Pacifastin_I,PF05375:Pacifastin_I
DIPPA_22857.mRNA.1	PF02126:PTE,PF18716:VATC
DIPPA_22858.mRNA.1	PF07647:SAM_2,PF22658:YycE-like_N,PF22658:YycE-like_N
DIPPA_22867.mRNA.1	PF00076:RRM_1,PF00076:RRM_1
DIPPA_22867.mRNA.2	PF00076:RRM_1,PF00076:RRM_1
DIPPA_22869.mRNA.1	PF00225:Kinesin,PF18226:QslA,PF18226:QslA
DIPPA_22891.mRNA.1	PF14646:MYCBPAP,PF02270:TFIIF_beta
DIPPA_22892.mRNA.1	PF17194:AbiEi_3_N,PF17194:AbiEi_3_N,PF17194:AbiEi_3_N,PF17194:AbiEi_3_N
DIPPA_22901.mRNA.1	PF00078:RVT_1,PF00075:RNase_H
DIPPA_22909.mRNA.1	PF08783:DWNN,PF13923:zf-C3HC4_2
DIPPA_22910.mRNA.1	PF05598:DUF772,PF00078:RVT_1,PF00078:RVT_1
DIPPA_22911.mRNA.1	PF17181:EPF,PF21503:Sas-6_helical,PF00169:PH,PF00169:PH
DIPPA_22916.mRNA.1	PF05887:Trypan_PARP,PF12576:DUF3754
DIPPA_22924.mRNA.1	PF04882:Peroxin-3,PF04882:Peroxin-3
DIPPA_22925.mRNA.1	PF00240:ubiquitin,PF03462:PCRF,PF01519:DUF16
DIPPA_22928.mRNA.1	PF04050:Upf2,PF00352:TBP,PF00352:TBP
DIPPA_22930.mRNA.1	PF19865:DUF6338,PF19865:DUF6338
DIPPA_22931.mRNA.1	PF17887:Jak1_Phl,PF00356:LacI,PF00356:LacI,PF18348:SH3_16,PF18348:SH3_16
DIPPA_22950.mRNA.1	PF02743:dCache_1,PF02743:dCache_1
DIPPA_22956.mRNA.1	PF20098:DUF6488,PF20098:DUF6488,PF20098:DUF6488,PF20098:DUF6488,PF20098:DUF6488,PF20098:DUF6488,PF20098:DUF6488,PF20098:DUF6488,PF20098:DUF6488
DIPPA_22958.mRNA.1	PF03153:TFIIA,PF13383:Methyltransf_22
DIPPA_22963.mRNA.1	PF11522:Pik1,PF11522:Pik1
DIPPA_22966.mRNA.1	PF00226:DnaJ,PF12355:Dscam_C
DIPPA_22972.mRNA.1	PF02743:dCache_1,PF02743:dCache_1,PF16118:DUF4834
DIPPA_22973.mRNA.1	PF04226:Transgly_assoc,PF21978:SEHBP,PF12323:HTH_OrfB_IS605,PF12323:HTH_OrfB_IS605,PF12323:HTH_OrfB_IS605,PF00173:Cyt-b5
DIPPA_22988.mRNA.1	PF00009:GTP_EFTU,PF03029:ATP_bind_1,PF03144:GTP_EFTU_D2,PF03143:GTP_EFTU_D3
DIPPA_22993.mRNA.1	PF00144:Beta-lactamase,PF00144:Beta-lactamase,PF00144:Beta-lactamase,PF10775:ATP_sub_h
DIPPA_23007.mRNA.1	PF00078:RVT_1,PF17917:RT_RNaseH
DIPPA_23011.mRNA.1	PF04119:HSP9_HSP12,PF04119:HSP9_HSP12
DIPPA_23025.mRNA.1	PF14901:Jiv90,PF11704:Folliculin
DIPPA_23033.mRNA.1	PF00059:Lectin_C,PF13194:DUF4010
DIPPA_23043.mRNA.1	PF21293:RNAseD_HRDC_C,PF07691:PA14
DIPPA_23048.mRNA.1	PF00257:Dehydrin,PF22677:Ble-like_N,PF10276:zf-CHCC,PF22677:Ble-like_N
DIPPA_23051.mRNA.1	PF13409:GST_N_2,PF13409:GST_N_2
DIPPA_23056.mRNA.1	PF04388:Hamartin,PF12353:eIF3g,PF02338:OTU
DIPPA_23067.mRNA.1	PF13567:DUF4131,PF11744:ALMT,PF13567:DUF4131
DIPPA_23087.mRNA.1	PF00628:PHD,PF00668:Condensation
DIPPA_23111.mRNA.1	PF18311:Rrp40_N,PF18311:Rrp40_N
DIPPA_23127.mRNA.1	PF17820:PDZ_6,PF06701:MIB_HERC2
DIPPA_23131.mRNA.1	PF13094:CENP-Q,PF12203:HDAC4_Gln
DIPPA_23132.mRNA.1	PF14470:bPH_3,PF00856:SET
DIPPA_23139.mRNA.1	PF00078:RVT_1,PF00078:RVT_1
DIPPA_23140.mRNA.1	PF01547:SBP_bac_1,PF20990:DUF2207_C,PF20990:DUF2207_C
DIPPA_23141.mRNA.1	PF13913:zf-C2HC_2,PF19460:DUF5997
DIPPA_23143.mRNA.1	PF15979:Glyco_hydro_115,PF13290:CHB_HEX_C_1
DIPPA_23156.mRNA.1	PF05598:DUF772,PF00078:RVT_1,PF00078:RVT_1
DIPPA_23160.mRNA.1	PF04592:SelP_N,PF02845:CUE
DIPPA_23165.mRNA.1	PF18961:DUF5703_N,PF18961:DUF5703_N
DIPPA_23174.mRNA.1	PF13415:Kelch_3,PF13415:Kelch_3,PF13415:Kelch_3,PF13415:Kelch_3,PF13854:Kelch_5
DIPPA_23177.mRNA.1	PF05598:DUF772,PF00078:RVT_1,PF00078:RVT_1
DIPPA_23178.mRNA.1	PF01926:MMR_HSR1,PF01926:MMR_HSR1
DIPPA_23187.mRNA.1	PF09664:DUF2399,PF16366:CEBP_ZZ
DIPPA_23195.mRNA.1	PF21121:Nup49_C,PF13543:SAM_KSR1,PF16043:DUF4795,PF01949:DUF99
DIPPA_23203.mRNA.1	PF14362:DUF4407,PF06818:Fez1,PF14608:zf-CCCH_2
DIPPA_23205.mRNA.1	PF10551:MULE,PF04434:SWIM,PF02338:OTU,PF08601:PAP1
DIPPA_23214.mRNA.1	PF09725:Fra10Ac1,PF06088:TLP-20
DIPPA_23219.mRNA.1	PF00024:PAN_1,PF03407:Nucleotid_trans
DIPPA_23229.mRNA.1	PF10238:Eapp_C,PF10238:Eapp_C
DIPPA_23229.mRNA.2	PF10238:Eapp_C,PF10238:Eapp_C
DIPPA_23229.mRNA.3	PF10238:Eapp_C,PF10238:Eapp_C
DIPPA_23230.mRNA.1	PF13913:zf-C2HC_2,PF19460:DUF5997
DIPPA_23232.mRNA.1	PF07962:Swi3,PF07174:FAP
DIPPA_23233.mRNA.1	PF07808:RED_N,PF07808:RED_N
DIPPA_23236.mRNA.1	PF01585:G-patch,PF02392:Ycf4,PF03798:TRAM_LAG1_CLN8
DIPPA_23238.mRNA.1	PF00535:Glycos_transf_2,PF19719:DUF6213,PF19719:DUF6213,PF19719:DUF6213
DIPPA_23249.mRNA.1	PF03094:Mlo,PF03094:Mlo
DIPPA_23251.mRNA.1	PF22630:Gp44-like_3rd,PF22630:Gp44-like_3rd
DIPPA_23264.mRNA.1	PF01392:Fz,PF13990:YjcZ
DIPPA_23269.mRNA.1	PF08939:Bles03,PF08939:Bles03
DIPPA_23280.mRNA.1	PF19895:DUF6368,PF19895:DUF6368
DIPPA_23317.mRNA.1	PF02891:zf-MIZ,PF00428:Ribosomal_60s
DIPPA_23319.mRNA.1	PF03372:Exo_endo_phos,PF16018:Anillin_N
DIPPA_23323.mRNA.1	PF13600:DUF4140,PF10002:DUF2243,PF00589:Phage_integrase
DIPPA_23347.mRNA.1	PF12937:F-box-like,PF01034:Syndecan,PF01034:Syndecan
DIPPA_23354.mRNA.1	PF13374:TPR_10,PF13374:TPR_10,PF00612:IQ,PF00612:IQ,PF00612:IQ,PF00612:IQ,PF00612:IQ,PF00612:IQ,PF00612:IQ,PF00612:IQ,PF00612:IQ,PF00612:IQ,PF00612:IQ,PF00612:IQ,PF00612:IQ,PF00612:IQ,PF00612:IQ,PF00612:IQ,PF00612:IQ,PF00612:IQ
DIPPA_23362.mRNA.1	PF10358:NT-C2,PF02893:GRAM
DIPPA_23365.mRNA.1	PF01497:Peripla_BP_2,PF01497:Peripla_BP_2,PF17653:DUF5522,PF01902:Diphthami_syn_2
DIPPA_23391.mRNA.1	PF09794:Avl9,PF09794:Avl9,PF06398:Pex24p
DIPPA_23392.mRNA.1	PF15409:PH_8,PF05132:RNA_pol_Rpc4,PF05132:RNA_pol_Rpc4
DIPPA_23405.mRNA.1	PF15984:Collagen_mid,PF15984:Collagen_mid
DIPPA_23411.mRNA.1	PF19938:DUF6400,PF19938:DUF6400
DIPPA_23422.mRNA.1	PF13098:Thioredoxin_2,PF06457:Ectatomin,PF02114:Phosducin
DIPPA_23436.mRNA.1	PF22866:DUF2804_C,PF09698:GSu_C4xC__C2xCH,PF09698:GSu_C4xC__C2xCH,PF05978:UNC-93
DIPPA_23443.mRNA.1	PF14782:BBS2_C,PF22222:Cpf1_PI-like
DIPPA_23454.mRNA.1	PF13851:GAS,PF13851:GAS,PF13851:GAS
DIPPA_23464.mRNA.1	PF21167:DUF6851,PF22778:VCPO_2nd
DIPPA_23469.mRNA.1	PF07145:PAM2,PF22262:DUF6950,PF01331:mRNA_cap_enzyme
DIPPA_23488.mRNA.1	PF22299:BRISC_FAM175B_helical,PF05721:PhyH
DIPPA_23501.mRNA.1	PF15470:DUF4637,PF02985:HEAT,PF02985:HEAT,PF11701:UNC45-central,PF20210:Laa1_Sip1_HTR5
DIPPA_23509.mRNA.1	PF07650:KH_2,PF00189:Ribosomal_S3_C
DIPPA_23511.mRNA.1	PF00646:F-box,PF12937:F-box-like
DIPPA_23534.mRNA.1	PF00041:fn3,PF00041:fn3,PF00041:fn3,PF00041:fn3
DIPPA_23537.mRNA.1	PF00856:SET,PF00856:SET
DIPPA_23542.mRNA.1	PF13455:MUG113,PF08702:Fib_alpha,PF20854:LED_rpt
DIPPA_23549.mRNA.1	PF06679:DUF1180,PF06679:DUF1180,PF06721:DUF1204
DIPPA_23550.mRNA.1	PF06428:Sec2p,PF06428:Sec2p,PF03031:NIF
DIPPA_23559.mRNA.1	PF14197:Cep57_CLD_2,PF20709:DUF6823,PF14197:Cep57_CLD_2
DIPPA_23563.mRNA.1	PF09827:CRISPR_Cas2,PF04815:Sec23_helical,PF13180:PDZ_2
DIPPA_23578.mRNA.1	PF07845:DUF1636,PF10473:CENP-F_leu_zip,PF10473:CENP-F_leu_zip
DIPPA_23616.mRNA.1	PF00989:PAS,PF00989:PAS
DIPPA_23616.mRNA.2	PF00989:PAS,PF00989:PAS
DIPPA_23635.mRNA.1	PF17828:FAS_N,PF16073:SAT,PF08354:Fas1-AflB-like_hel,PF17951:FAS_meander,PF13452:MaoC_dehydrat_N,PF22235:FAS1_thioest_ins,PF01575:MaoC_dehydratas,PF00698:Acyl_transf_1,PF18325:Fas_alpha_ACP,PF18325:Fas_alpha_ACP,PF18314:FAS_I_H,PF00106:adh_short,PF00109:ketoacyl-synt,PF02801:Ketoacyl-synt_C,PF01648:ACPS
DIPPA_23639.mRNA.1	PF08509:Ad_cyc_g-alpha,PF17820:PDZ_6
DIPPA_23640.mRNA.1	PF00038:Filament,PF07889:DUF1664
DIPPA_23664.mRNA.1	PF22137:T6SS_Tle1-like_C,PF22137:T6SS_Tle1-like_C
DIPPA_23666.mRNA.1	PF13913:zf-C2HC_2,PF19460:DUF5997
DIPPA_23667.mRNA.1	PF05598:DUF772,PF00078:RVT_1,PF00078:RVT_1
DIPPA_23678.mRNA.1	PF00170:bZIP_1,PF00170:bZIP_1
DIPPA_23682.mRNA.1	PF04502:Saf4_Yju2,PF14443:DBC1
DIPPA_23689.mRNA.1	PF00134:Cyclin_N,PF02984:Cyclin_C
DIPPA_23707.mRNA.1	PF13500:AAA_26,PF00202:Aminotran_3,PF01212:Beta_elim_lyase
DIPPA_23707.mRNA.2	PF13500:AAA_26,PF00202:Aminotran_3,PF01212:Beta_elim_lyase
DIPPA_23711.mRNA.1	PF07222:PBP_sp32,PF00085:Thioredoxin
DIPPA_23715.mRNA.1	PF00078:RVT_1,PF00078:RVT_1
DIPPA_23721.mRNA.1	PF18079:AglB_L1,PF18079:AglB_L1,PF03153:TFIIA
DIPPA_23722.mRNA.1	PF17820:PDZ_6,PF17820:PDZ_6,PF04415:DUF515
DIPPA_23730.mRNA.1	PF13236:CLU,PF12807:eIF3_p135,PF00467:KOW
DIPPA_23738.mRNA.2	PF02424:ApbE,PF00890:FAD_binding_2,PF00970:FAD_binding_6,PF00175:NAD_binding_1
DIPPA_23742.mRNA.1	PF13385:Laminin_G_3,PF13385:Laminin_G_3
DIPPA_23748.mRNA.1	PF00849:PseudoU_synth_2,PF05265:DUF723,PF05265:DUF723,PF00849:PseudoU_synth_2
DIPPA_23754.mRNA.1	PF03734:YkuD,PF06714:Gp5_OB
DIPPA_23762.mRNA.1	PF12732:YtxH,PF21976:SMIM43
DIPPA_23771.mRNA.1	PF13984:MsyB,PF13984:MsyB
DIPPA_23780.mRNA.1	PF03351:DOMON,PF03351:DOMON
DIPPA_23781.mRNA.1	PF13376:OmdA,PF00505:HMG_box,PF09011:HMG_box_2,PF13376:OmdA,PF00505:HMG_box
DIPPA_23797.mRNA.1	PF11051:Mannosyl_trans3,PF11051:Mannosyl_trans3
DIPPA_23806.mRNA.1	PF06419:COG6_N,PF06419:COG6_N
DIPPA_23813.mRNA.1	PF13495:Phage_int_SAM_4,PF02337:Gag_p10
DIPPA_23816.mRNA.1	PF15268:Dapper,PF15268:Dapper
DIPPA_23822.mRNA.1	PF08240:ADH_N,PF00107:ADH_zinc_N
DIPPA_23823.mRNA.1	PF15172:Prolactin_RP,PF00226:DnaJ
DIPPA_23826.mRNA.1	PF17675:APG6_N,PF17675:APG6_N,PF19150:DUF5832
DIPPA_23835.mRNA.1	PF13913:zf-C2HC_2,PF19460:DUF5997
DIPPA_23848.mRNA.1	PF13621:Cupin_8,PF14559:TPR_19,PF14559:TPR_19
DIPPA_23852.mRNA.1	PF13913:zf-C2HC_2,PF19460:DUF5997
DIPPA_23859.mRNA.1	PF21700:DL-JAG_EGF-like,PF21700:DL-JAG_EGF-like,PF21700:DL-JAG_EGF-like
DIPPA_23866.mRNA.1	PF21805:Imm5_like,PF19220:Crescentin,PF16526:CLZ
DIPPA_23868.mRNA.1	PF21795:JAG1-like_EGF2,PF21795:JAG1-like_EGF2
DIPPA_23883.mRNA.1	PF19893:DUF6366,PF20882:Sos7,PF19893:DUF6366
DIPPA_23885.mRNA.1	PF21704:POLH-Rev1_HhH,PF19613:DUF6118
DIPPA_23889.mRNA.1	PF00589:Phage_integrase,PF00589:Phage_integrase,PF18885:DUF5648
DIPPA_23899.mRNA.1	PF09019:EcoRII-C,PF20563:DUF6773
DIPPA_23902.mRNA.1	PF01769:MgtE,PF06011:TRP
DIPPA_23907.mRNA.1	PF14734:DUF4469,PF14734:DUF4469
DIPPA_23908.mRNA.1	PF00076:RRM_1,PF00076:RRM_1,PF00076:RRM_1
DIPPA_23909.mRNA.1	PF00487:FA_desaturase,PF00487:FA_desaturase
DIPPA_23922.mRNA.1	PF18504:Csm1_N,PF18504:Csm1_N
DIPPA_23929.mRNA.1	PF21344:LysW-like_globular,PF17820:PDZ_6,PF13499:EF-hand_7,PF17820:PDZ_6,PF13499:EF-hand_7
DIPPA_23932.mRNA.1	PF22633:F5_F8_type_C_2,PF00170:bZIP_1,PF02338:OTU,PF03372:Exo_endo_phos
DIPPA_23944.mRNA.1	PF04119:HSP9_HSP12,PF04119:HSP9_HSP12,PF04119:HSP9_HSP12,PF04119:HSP9_HSP12,PF04119:HSP9_HSP12
DIPPA_23944.mRNA.2	PF04119:HSP9_HSP12,PF04119:HSP9_HSP12,PF04119:HSP9_HSP12,PF14141:YqzM,PF04119:HSP9_HSP12,PF04119:HSP9_HSP12,PF04119:HSP9_HSP12
DIPPA_23951.mRNA.1	PF01433:Peptidase_M1,PF14796:AP3B1_C,PF11822:SANBR_BTB
DIPPA_23954.mRNA.1	PF00226:DnaJ,PF14295:PAN_4
DIPPA_23959.mRNA.1	PF12840:HTH_20,PF12840:HTH_20
DIPPA_23961.mRNA.1	PF00078:RVT_1,PF00078:RVT_1
DIPPA_23979.mRNA.1	PF00397:WW,PF14337:Abi_alpha,PF00749:tRNA-synt_1c
DIPPA_23979.mRNA.2	PF00397:WW,PF14337:Abi_alpha,PF00749:tRNA-synt_1c
DIPPA_23980.mRNA.1	PF21943:TetR_C_46,PF12830:Nipped-B_C,PF05432:BSP_II
DIPPA_23989.mRNA.1	PF00078:RVT_1,PF17919:RT_RNaseH_2
DIPPA_23998.mRNA.1	PF00621:RhoGEF,PF13499:EF-hand_7,PF13499:EF-hand_7,PF00621:RhoGEF,PF01363:FYVE
DIPPA_24010.mRNA.1	PF00078:RVT_1,PF17917:RT_RNaseH
DIPPA_24014.mRNA.1	PF14549:P22_Cro,PF14549:P22_Cro
DIPPA_24030.mRNA.1	PF00169:PH,PF17820:PDZ_6
DIPPA_24034.mRNA.1	PF00078:RVT_1,PF17917:RT_RNaseH
DIPPA_24042.mRNA.1	PF01508:Paramecium_SA,PF00092:VWA,PF01508:Paramecium_SA,PF01508:Paramecium_SA,PF00092:VWA,PF00092:VWA,PF01508:Paramecium_SA,PF01508:Paramecium_SA,PF00092:VWA,PF01508:Paramecium_SA,PF00092:VWA,PF01508:Paramecium_SA,PF00092:VWA,PF01508:Paramecium_SA,PF01508:Paramecium_SA,PF01508:Paramecium_SA
DIPPA_24045.mRNA.1	PF00078:RVT_1,PF00078:RVT_1
DIPPA_24048.mRNA.1	PF13465:zf-H2C2_2,PF13465:zf-H2C2_2
DIPPA_24056.mRNA.1	PF13385:Laminin_G_3,PF06938:DUF1285_N,PF13385:Laminin_G_3
DIPPA_24063.mRNA.1	PF07719:TPR_2,PF07719:TPR_2,PF09618:Cas_Csy4
DIPPA_24065.mRNA.1	PF16619:SUIM_assoc,PF16619:SUIM_assoc
DIPPA_24066.mRNA.1	PF02514:CobN-Mg_chel,PF00076:RRM_1
DIPPA_24066.mRNA.2	PF02514:CobN-Mg_chel,PF00076:RRM_1
DIPPA_24066.mRNA.3	PF02514:CobN-Mg_chel,PF00076:RRM_1
DIPPA_24081.mRNA.1	PF15387:DUF4611,PF04931:DNA_pol_phi,PF13249:SQHop_cyclase_N
DIPPA_24088.mRNA.1	PF15756:DUF4690,PF17870:Insulin_TMD
DIPPA_24095.mRNA.1	PF12092:DUF3568,PF12092:DUF3568,PF12092:DUF3568
DIPPA_24096.mRNA.1	PF00612:IQ,PF00612:IQ,PF00612:IQ,PF00612:IQ,PF00612:IQ,PF22266:DUF6953,PF13516:LRR_6
DIPPA_24098.mRNA.1	PF16526:CLZ,PF16526:CLZ
DIPPA_24100.mRNA.1	PF20633:CoV_NSP13_stalk,PF15077:MAJIN
DIPPA_24115.mRNA.1	PF10112:Halogen_Hydrol,PF10112:Halogen_Hydrol
DIPPA_24115.mRNA.2	PF10112:Halogen_Hydrol,PF10112:Halogen_Hydrol
DIPPA_24116.mRNA.1	PF07160:SKA1,PF19187:HTH_PafC
DIPPA_24120.mRNA.1	PF09747:CCD97-like_C,PF09747:CCD97-like_C
DIPPA_24132.mRNA.1	PF10054:DUF2291,PF11590:DNAPolymera_Pol,PF22586:ANCHR-like_BBOX,PF22586:ANCHR-like_BBOX,PF22586:ANCHR-like_BBOX
DIPPA_24138.mRNA.1	PF20926:Htt_N-HEAT_1,PF02985:HEAT,PF12477:TraW_N
DIPPA_24140.mRNA.1	PF02338:OTU,PF03372:Exo_endo_phos,PF00078:RVT_1
DIPPA_24144.mRNA.1	PF00276:Ribosomal_L23,PF00276:Ribosomal_L23
DIPPA_24153.mRNA.1	PF18272:ssDNA_TraI_N,PF18272:ssDNA_TraI_N
DIPPA_24155.mRNA.2	PF10157:BORCS6,PF10473:CENP-F_leu_zip,PF10473:CENP-F_leu_zip
DIPPA_24158.mRNA.1	PF01753:zf-MYND,PF04255:DUF433
DIPPA_24159.mRNA.1	PF08239:SH3_3,PF02724:CDC45
DIPPA_24164.mRNA.1	PF16326:ABC_tran_CTD,PF16326:ABC_tran_CTD
DIPPA_24164.mRNA.2	PF16326:ABC_tran_CTD,PF16326:ABC_tran_CTD
DIPPA_24165.mRNA.1	PF02338:OTU,PF03372:Exo_endo_phos,PF00078:RVT_1
DIPPA_24168.mRNA.1	PF00612:IQ,PF08337:Plexin_cytopl,PF00612:IQ,PF00612:IQ,PF00612:IQ,PF00612:IQ,PF08337:Plexin_cytopl
DIPPA_24170.mRNA.1	PF00628:PHD,PF00668:Condensation
DIPPA_24186.mRNA.1	PF05812:Herpes_BLRF2,PF04977:DivIC,PF05812:Herpes_BLRF2
DIPPA_24203.mRNA.1	PF03153:TFIIA,PF03576:Peptidase_S58
DIPPA_24206.mRNA.1	PF01697:Glyco_transf_92,PF14295:PAN_4
DIPPA_24208.mRNA.1	PF14662:KASH_CCD,PF14662:KASH_CCD,PF00261:Tropomyosin,PF14662:KASH_CCD,PF00261:Tropomyosin,PF14662:KASH_CCD
DIPPA_24227.mRNA.1	PF15481:CPG4,PF00075:RNase_H
DIPPA_24228.mRNA.1	PF07763:FEZ,PF10571:UPF0547,PF21639:ORC5_lid
DIPPA_24235.mRNA.1	PF00078:RVT_1,PF00078:RVT_1
DIPPA_24237.mRNA.1	PF08955:BofC_C,PF13180:PDZ_2
DIPPA_24240.mRNA.1	PF00589:Phage_integrase,PF00078:RVT_1
DIPPA_24241.mRNA.1	PF00078:RVT_1,PF00078:RVT_1
DIPPA_24258.mRNA.1	PF10350:DUF2428,PF09073:BUD22
DIPPA_24282.mRNA.1	PF14841:FliG_M,PF14841:FliG_M,PF06743:FAST_1
DIPPA_24282.mRNA.2	PF14841:FliG_M,PF14841:FliG_M,PF06743:FAST_1
DIPPA_24291.mRNA.1	PF03153:TFIIA,PF13240:zinc_ribbon_2
DIPPA_24300.mRNA.1	PF19893:DUF6366,PF20882:Sos7,PF19893:DUF6366
DIPPA_24302.mRNA.1	PF00226:DnaJ,PF02304:Phage_B
DIPPA_24327.mRNA.1	PF17917:RT_RNaseH,PF00036:EF-hand_1
DIPPA_24347.mRNA.1	PF20270:CATRA-C,PF06156:YabA
DIPPA_24352.mRNA.1	PF18319:PriA_CRR,PF11338:DUF3140
DIPPA_24358.mRNA.1	PF13041:PPR_2,PF13041:PPR_2,PF17177:PPR_long
DIPPA_24362.mRNA.1	PF00225:Kinesin,PF00225:Kinesin,PF10123:Mu-like_Pro
DIPPA_24366.mRNA.1	PF00612:IQ,PF00612:IQ
DIPPA_24367.mRNA.2	PF13385:Laminin_G_3,PF00024:PAN_1,PF13385:Laminin_G_3,PF13385:Laminin_G_3,PF13385:Laminin_G_3,PF13385:Laminin_G_3,PF13385:Laminin_G_3,PF00024:PAN_1,PF13385:Laminin_G_3,PF00024:PAN_1,PF00024:PAN_1,PF13385:Laminin_G_3,PF13385:Laminin_G_3
DIPPA_24372.mRNA.1	PF11857:DUF3377,PF03793:PASTA,PF17293:Arm-DNA-bind_5
DIPPA_24373.mRNA.1	PF00350:Dynamin_N,PF00350:Dynamin_N,PF18394:TBK1_CCD1
DIPPA_24391.mRNA.1	PF13191:AAA_16,PF06414:Zeta_toxin
DIPPA_24392.mRNA.1	PF05964:FYRN,PF05965:FYRC
DIPPA_24395.mRNA.1	PF00092:VWA,PF00092:VWA
DIPPA_24407.mRNA.1	PF01198:Ribosomal_L31e,PF11917:DUF3435,PF00589:Phage_integrase
DIPPA_24416.mRNA.1	PF04871:Uso1_p115_C,PF22137:T6SS_Tle1-like_C
DIPPA_24421.mRNA.1	PF09440:eIF3_N,PF01399:PCI
DIPPA_24443.mRNA.1	PF16131:Torus,PF01096:TFIIS_C,PF01096:TFIIS_C
DIPPA_24445.mRNA.1	PF07498:Rho_N,PF19695:DUF6195,PF19695:DUF6195
DIPPA_24448.mRNA.1	PF03013:Pyr_excise,PF03483:B3_4
DIPPA_24463.mRNA.1	PF13893:RRM_5,PF13893:RRM_5,PF00076:RRM_1
DIPPA_24474.mRNA.1	PF09260:A_amylase_dom_C,PF09260:A_amylase_dom_C
DIPPA_24477.mRNA.1	PF13460:NAD_binding_10,PF00164:Ribosom_S12_S23
DIPPA_24496.mRNA.1	PF09723:Zn-ribbon_8,PF00096:zf-C2H2,PF00096:zf-C2H2,PF00096:zf-C2H2
DIPPA_24502.mRNA.1	PF00385:Chromo,PF00385:Chromo,PF11882:DUF3402,PF00569:ZZ,PF00569:ZZ,PF00569:ZZ,PF00569:ZZ
DIPPA_24507.mRNA.1	PF05957:DUF883,PF05957:DUF883
DIPPA_24517.mRNA.1	PF00092:VWA,PF00092:VWA,PF00092:VWA,PF00092:VWA,PF00092:VWA
DIPPA_24519.mRNA.1	PF00569:ZZ,PF00569:ZZ,PF00569:ZZ
DIPPA_24536.mRNA.1	PF00169:PH,PF10812:DUF2561
DIPPA_24537.mRNA.1	PF08316:Pal1,PF08316:Pal1
DIPPA_24547.mRNA.1	PF00078:RVT_1,PF00078:RVT_1
DIPPA_24558.mRNA.1	PF01080:Presenilin,PF03107:C1_2
DIPPA_24566.mRNA.1	PF03472:Autoind_bind,PF16018:Anillin_N
DIPPA_24568.mRNA.1	PF00059:Lectin_C,PF13383:Methyltransf_22
DIPPA_24576.mRNA.1	PF00078:RVT_1,PF03372:Exo_endo_phos,PF00078:RVT_1
DIPPA_24581.mRNA.1	PF00385:Chromo,PF00644:PARP
DIPPA_24585.mRNA.1	PF00225:Kinesin,PF00549:Ligase_CoA,PF00225:Kinesin,PF07926:TPR_MLP1_2,PF07544:Med9
DIPPA_24594.mRNA.1	PF06005:ZapB,PF10354:BMT5-like
DIPPA_24596.mRNA.1	PF02465:FliD_N,PF20651:EXOC6_Sec15_N,PF02465:FliD_N
DIPPA_24597.mRNA.1	PF12669:FeoB_associated,PF03016:Exostosin,PF03016:Exostosin
DIPPA_24605.mRNA.1	PF22488:Class_2_docking_dom,PF00078:RVT_1,PF00443:UCH
DIPPA_24616.mRNA.1	PF00589:Phage_integrase,PF00589:Phage_integrase,PF18885:DUF5648
DIPPA_24617.mRNA.1	PF13516:LRR_6,PF13516:LRR_6
DIPPA_24619.mRNA.1	PF09787:Golgin_A5,PF10473:CENP-F_leu_zip
DIPPA_24624.mRNA.1	PF15451:DUF4632,PF02862:DDHD
DIPPA_24626.mRNA.1	PF17217:UPA,PF00078:RVT_1,PF17919:RT_RNaseH_2
DIPPA_24627.mRNA.1	PF13418:Kelch_4,PF07646:Kelch_2,PF20492:ERM_helical
DIPPA_24635.mRNA.1	PF17917:RT_RNaseH,PF00336:DNA_pol_viral_C
DIPPA_24650.mRNA.1	PF10358:NT-C2,PF17087:HHV-5_US34A
DIPPA_24657.mRNA.1	PF20315:DUF6611,PF13191:AAA_16
DIPPA_24673.mRNA.1	PF03107:C1_2,PF14775:NYD-SP28_assoc,PF07412:Geminin,PF06005:ZapB
DIPPA_24731.mRNA.1	PF01459:Porin_3,PF01459:Porin_3
DIPPA_24736.mRNA.1	PF13516:LRR_6,PF13405:EF-hand_6
DIPPA_24746.mRNA.1	PF12796:Ank_2,PF12796:Ank_2,PF12796:Ank_2,PF12796:Ank_2
DIPPA_24768.mRNA.1	PF17177:PPR_long,PF17177:PPR_long
DIPPA_24768.mRNA.2	PF17177:PPR_long,PF17177:PPR_long
DIPPA_24776.mRNA.1	PF10099:RskA_C,PF19040:SGNH,PF13472:Lipase_GDSL_2
DIPPA_24778.mRNA.1	PF16131:Torus,PF14421:LmjF365940-deam,PF14421:LmjF365940-deam
DIPPA_24796.mRNA.1	PF05412:Peptidase_C33,PF16206:Mon2_C
DIPPA_24798.mRNA.1	PF13495:Phage_int_SAM_4,PF00589:Phage_integrase
DIPPA_24805.mRNA.1	PF07498:Rho_N,PF00078:RVT_1
DIPPA_24812.mRNA.1	PF05010:TACC_C,PF05010:TACC_C
DIPPA_24827.mRNA.1	PF20102:DUF6492,PF20102:DUF6492
DIPPA_24831.mRNA.1	PF00957:Synaptobrevin,PF04513:Baculo_PEP_C,PF21020:Spectrin_4
DIPPA_24831.mRNA.2	PF05192:MutS_III,PF16043:DUF4795,PF16043:DUF4795
DIPPA_24831.mRNA.3	PF04513:Baculo_PEP_C,PF04513:Baculo_PEP_C
DIPPA_24837.mRNA.1	PF21999:IMS_HHH_1,PF21999:IMS_HHH_1
DIPPA_24844.mRNA.1	PF08690:GET2,PF19187:HTH_PafC
DIPPA_24846.mRNA.1	PF06221:zf-C2HC5,PF06221:zf-C2HC5
DIPPA_24848.mRNA.1	PF10135:Rod-binding,PF10135:Rod-binding
DIPPA_24851.mRNA.1	PF22807:TrAA12,PF07145:PAM2
DIPPA_24853.mRNA.1	PF07219:HemY_N,PF07219:HemY_N
DIPPA_24855.mRNA.1	PF08209:Sgf11,PF08209:Sgf11
DIPPA_24861.mRNA.1	PF08614:ATG16,PF08614:ATG16,PF19631:Trypco2
DIPPA_24863.mRNA.1	PF15705:TMEM132D_N,PF09049:SNN_transmemb,PF15705:TMEM132D_N,PF00169:PH
DIPPA_24868.mRNA.1	PF19227:Salyut,PF12576:DUF3754
DIPPA_24876.mRNA.1	PF04889:Cwf_Cwc_15,PF17820:PDZ_6
DIPPA_24882.mRNA.1	PF00734:CBM_1,PF00734:CBM_1,PF12128:DUF3584
DIPPA_24889.mRNA.1	PF13456:RVT_3,PF23020:PEX14-like_2nd
DIPPA_24899.mRNA.1	PF16619:SUIM_assoc,PF16619:SUIM_assoc,PF16619:SUIM_assoc,PF00397:WW,PF16619:SUIM_assoc,PF00397:WW,PF00397:WW
DIPPA_24903.mRNA.1	PF13456:RVT_3,PF23020:PEX14-like_2nd
DIPPA_24930.mRNA.1	PF19394:DUF5969,PF04636:PA26
DIPPA_24936.mRNA.1	PF20069:DUF6465,PF14608:zf-CCCH_2,PF15663:zf-CCCH_3
DIPPA_24938.mRNA.1	PF10551:MULE,PF04434:SWIM,PF02338:OTU
DIPPA_24939.mRNA.1	PF13405:EF-hand_6,PF13405:EF-hand_6,PF13405:EF-hand_6,PF19750:DUF6237
DIPPA_24940.mRNA.1	PF10551:MULE,PF04434:SWIM,PF02338:OTU
DIPPA_24941.mRNA.1	PF10551:MULE,PF04434:SWIM,PF02338:OTU
DIPPA_24945.mRNA.1	PF13499:EF-hand_7,PF13405:EF-hand_6,PF13405:EF-hand_6,PF13405:EF-hand_6,PF13405:EF-hand_6,PF13405:EF-hand_6,PF13405:EF-hand_6,PF13405:EF-hand_6,PF13405:EF-hand_6,PF13405:EF-hand_6,PF13499:EF-hand_7,PF13405:EF-hand_6,PF13405:EF-hand_6
DIPPA_24948.mRNA.1	PF13180:PDZ_2,PF04468:PSP1
DIPPA_24960.mRNA.1	PF00514:Arm,PF00514:Arm,PF00514:Arm
DIPPA_24973.mRNA.1	PF16045:LisH_2,PF12326:EOS1
DIPPA_24973.mRNA.2	PF16045:LisH_2,PF19893:DUF6366
DIPPA_24987.mRNA.1	PF03153:TFIIA,PF01652:IF4E,PF03153:TFIIA,PF03153:TFIIA
DIPPA_24989.mRNA.1	PF00589:Phage_integrase,PF00078:RVT_1,PF12519:MDM10
DIPPA_24990.mRNA.1	PF10473:CENP-F_leu_zip,PF08614:ATG16,PF10473:CENP-F_leu_zip,PF01028:Topoisom_I
DIPPA_24995.mRNA.1	PF03024:Folate_rec,PF00170:bZIP_1,PF16043:DUF4795,PF17714:DUF5559,PF22931:TNK-like_SAM
DIPPA_24997.mRNA.1	PF13405:EF-hand_6,PF13405:EF-hand_6
DIPPA_24997.mRNA.2	PF13405:EF-hand_6,PF13405:EF-hand_6
DIPPA_24997.mRNA.3	PF13405:EF-hand_6,PF13405:EF-hand_6
DIPPA_25007.mRNA.1	PF01997:Translin,PF01997:Translin
DIPPA_25010.mRNA.1	PF19731:DUF6222,PF02338:OTU
DIPPA_25018.mRNA.1	PF00153:Mito_carr,PF00153:Mito_carr,PF00153:Mito_carr,PF00153:Mito_carr,PF00153:Mito_carr,PF00153:Mito_carr
DIPPA_25019.mRNA.1	PF19227:Salyut,PF19227:Salyut
DIPPA_25019.mRNA.2	PF19227:Salyut,PF19227:Salyut
DIPPA_25022.mRNA.1	PF20636:SMN_G2-BD,PF09770:PAT1
DIPPA_25028.mRNA.1	PF15905:HMMR_N,PF15905:HMMR_N
DIPPA_25035.mRNA.1	PF10809:DUF2732,PF10809:DUF2732
DIPPA_25045.mRNA.1	PF13456:RVT_3,PF13456:RVT_3,PF00078:RVT_1,PF13966:zf-RVT,PF13456:RVT_3
DIPPA_25050.mRNA.1	PF13405:EF-hand_6,PF22617:HCS_D2
DIPPA_25051.mRNA.1	PF01239:PPTA,PF01239:PPTA,PF22251:PFF1_TM,PF01239:PPTA
DIPPA_25064.mRNA.1	PF07498:Rho_N,PF19695:DUF6195,PF19695:DUF6195
DIPPA_25067.mRNA.1	PF00400:WD40,PF00400:WD40,PF17992:Agarase_CBM
DIPPA_25073.mRNA.1	PF18912:DZR_2,PF03481:Sua5_C,PF01496:V_ATPase_I
DIPPA_25077.mRNA.1	PF01542:HCV_core,PF01542:HCV_core,PF01542:HCV_core
DIPPA_25086.mRNA.1	PF07392:P19Arf_N,PF15756:DUF4690
DIPPA_25106.mRNA.1	PF13604:AAA_30,PF13604:AAA_30,PF13538:UvrD_C_2,PF00515:TPR_1,PF00515:TPR_1,PF13431:TPR_17,PF13229:Beta_helix,PF14737:DUF4470
DIPPA_25108.mRNA.1	PF07992:Pyr_redox_2,PF22366:NDH2_C
DIPPA_25110.mRNA.1	PF07309:FlaF,PF07309:FlaF,PF04732:Filament_head,PF14477:Mso1_C,PF14477:Mso1_C
DIPPA_25122.mRNA.1	PF05003:DUF668,PF13519:VWA_2
DIPPA_25140.mRNA.1	PF12325:TMF_TATA_bd,PF12325:TMF_TATA_bd,PF12325:TMF_TATA_bd,PF12325:TMF_TATA_bd,PF12325:TMF_TATA_bd,PF12325:TMF_TATA_bd,PF10375:GRAB
DIPPA_25140.mRNA.2	PF12325:TMF_TATA_bd,PF12325:TMF_TATA_bd,PF12325:TMF_TATA_bd,PF12325:TMF_TATA_bd,PF12325:TMF_TATA_bd,PF12325:TMF_TATA_bd,PF10375:GRAB
DIPPA_25143.mRNA.1	PF17829:GH115_C,PF17829:GH115_C
DIPPA_25148.mRNA.1	PF00078:RVT_1,PF13992:YecR,PF00443:UCH,PF13992:YecR
DIPPA_25153.mRNA.1	PF00078:RVT_1,PF00078:RVT_1
DIPPA_25165.mRNA.1	PF11828:DUF3348,PF11821:ActD,PF11821:ActD
DIPPA_25179.mRNA.1	PF04380:BMFP,PF04380:BMFP,PF04931:DNA_pol_phi
DIPPA_25190.mRNA.1	PF00806:PUF,PF00806:PUF,PF00806:PUF
DIPPA_25191.mRNA.1	PF00676:E1_dh,PF02779:Transket_pyr,PF16870:OxoGdeHyase_C
DIPPA_25192.mRNA.1	PF10046:BLOC1_2,PF05478:Prominin,PF01521:Fe-S_biosyn
DIPPA_25201.mRNA.1	PF00644:PARP,PF00643:zf-B_box,PF01706:FliG_C,PF22486:MATH_2
DIPPA_25221.mRNA.1	PF00589:Phage_integrase,PF00589:Phage_integrase,PF18885:DUF5648
DIPPA_25222.mRNA.1	PF00170:bZIP_1,PF00170:bZIP_1
DIPPA_25227.mRNA.1	PF21375:POT1_C_insert,PF21375:POT1_C_insert,PF00589:Phage_integrase
DIPPA_25229.mRNA.1	PF00027:cNMP_binding,PF00027:cNMP_binding,PF00027:cNMP_binding
DIPPA_25236.mRNA.1	PF02465:FliD_N,PF21207:GLOD4_N
DIPPA_25238.mRNA.1	PF00612:IQ,PF00612:IQ
DIPPA_25239.mRNA.1	PF03731:Ku_N,PF02735:Ku,PF03730:Ku_C,PF02037:SAP
DIPPA_25245.mRNA.1	PF17177:PPR_long,PF17177:PPR_long
DIPPA_25258.mRNA.1	PF12937:F-box-like,PF08292:RNA_pol_Rbc25,PF00789:UBX
DIPPA_25259.mRNA.1	PF17217:UPA,PF00078:RVT_1,PF17919:RT_RNaseH_2
DIPPA_25262.mRNA.1	PF00069:Pkinase,PF08672:ANAPC2
DIPPA_25267.mRNA.1	PF15723:MqsR_toxin,PF06720:Phi-29_GP16_7,PF16331:TolA_bind_tri,PF06720:Phi-29_GP16_7,PF16331:TolA_bind_tri
DIPPA_25270.mRNA.1	PF01519:DUF16,PF05465:Halo_GVPC
DIPPA_25272.mRNA.1	PF07554:FIVAR,PF07554:FIVAR
DIPPA_25274.mRNA.1	PF02218:HS1_rep,PF02218:HS1_rep,PF02218:HS1_rep
DIPPA_25287.mRNA.1	PF07336:ABATE,PF17870:Insulin_TMD
DIPPA_25302.mRNA.1	PF12072:RNase_Y_N,PF09278:MerR-DNA-bind,PF09278:MerR-DNA-bind,PF22628:zf-CCCH_10
DIPPA_25308.mRNA.1	PF00589:Phage_integrase,PF00078:RVT_1
DIPPA_25314.mRNA.1	PF13456:RVT_3,PF06800:Sugar_transport
DIPPA_25341.mRNA.1	PF05073:Baculo_p24,PF05073:Baculo_p24
DIPPA_25355.mRNA.1	PF13499:EF-hand_7,PF00261:Tropomyosin
DIPPA_25361.mRNA.1	PF09026:CENP-B_dimeris,PF00240:ubiquitin,PF09770:PAT1,PF07500:TFIIS_M
DIPPA_25364.mRNA.1	PF01080:Presenilin,PF13842:Tnp_zf-ribbon_2
DIPPA_25366.mRNA.1	PF03999:MAP65_ASE1,PF12326:EOS1
DIPPA_25371.mRNA.1	PF15172:Prolactin_RP,PF00226:DnaJ
DIPPA_25374.mRNA.1	PF13510:Fer2_4,PF10588:NADH-G_4Fe-4S_3,PF22117:Nqo3_Fer4
DIPPA_25382.mRNA.1	PF11580:DUF3239,PF02932:Neur_chan_memb
DIPPA_25385.mRNA.1	PF11580:DUF3239,PF02932:Neur_chan_memb
DIPPA_25390.mRNA.1	PF22998:GNAT_LYC1-like,PF22998:GNAT_LYC1-like
DIPPA_25398.mRNA.1	PF11580:DUF3239,PF11580:DUF3239,PF02932:Neur_chan_memb
DIPPA_25402.mRNA.1	PF14935:TMEM138,PF14798:Ca_hom_mod
DIPPA_25404.mRNA.1	PF02211:NHase_beta_C,PF17092:PCB_OB,PF02211:NHase_beta_C,PF17092:PCB_OB
DIPPA_25404.mRNA.2	PF02211:NHase_beta_C,PF17092:PCB_OB,PF02211:NHase_beta_C,PF17092:PCB_OB
DIPPA_25404.mRNA.3	PF02211:NHase_beta_C,PF17092:PCB_OB,PF02211:NHase_beta_C,PF17092:PCB_OB
DIPPA_25408.mRNA.1	PF08278:DnaG_DnaB_bind,PF20905:ExsD_C
DIPPA_25414.mRNA.1	PF17112:Tom6,PF08309:LVIVD,PF09826:Beta_propel,PF08309:LVIVD,PF19193:Tectonin,PF08309:LVIVD,PF13517:FG-GAP_3,PF09826:Beta_propel,PF09826:Beta_propel,PF08309:LVIVD
DIPPA_25415.mRNA.1	PF09826:Beta_propel,PF03478:DUF295,PF20606:DUF6799,PF09826:Beta_propel,PF08450:SGL
DIPPA_25420.mRNA.1	PF13456:RVT_3,PF06800:Sugar_transport
DIPPA_25430.mRNA.1	PF14833:NAD_binding_11,PF03228:Adeno_VII
DIPPA_25434.mRNA.1	PF01400:Astacin,PF07974:EGF_2
DIPPA_25435.mRNA.1	PF07691:PA14,PF00754:F5_F8_type_C
DIPPA_25437.mRNA.1	PF11590:DNAPolymera_Pol,PF11590:DNAPolymera_Pol,PF07365:Toxin_8
DIPPA_25438.mRNA.1	PF03563:Bunya_G2,PF03563:Bunya_G2
DIPPA_25441.mRNA.1	PF13696:zf-CCHC_2,PF00098:zf-CCHC
DIPPA_25443.mRNA.1	PF05743:UEV,PF12325:TMF_TATA_bd
DIPPA_25444.mRNA.1	PF06785:UPF0242,PF16421:E2F_CC-MB,PF02343:TRA-1_regulated,PF06156:YabA,PF16421:E2F_CC-MB
DIPPA_25445.mRNA.1	PF22038:PRC2_EED_ins,PF06480:FtsH_ext,PF00004:AAA,PF23020:PEX14-like_2nd,PF17862:AAA_lid_3,PF01434:Peptidase_M41
DIPPA_25458.mRNA.1	PF11805:DUF3326,PF02183:HALZ,PF06156:YabA
DIPPA_25461.mRNA.1	PF00211:Guanylate_cyc,PF01590:GAF,PF01590:GAF,PF01590:GAF
DIPPA_25473.mRNA.1	PF00487:FA_desaturase,PF00487:FA_desaturase
DIPPA_25482.mRNA.1	PF05010:TACC_C,PF05010:TACC_C,PF13180:PDZ_2
DIPPA_25483.mRNA.1	PF19719:DUF6213,PF19719:DUF6213
DIPPA_25485.mRNA.1	PF07719:TPR_2,PF17765:MLTR_LBD,PF13414:TPR_11,PF07719:TPR_2,PF07719:TPR_2
DIPPA_25493.mRNA.1	PF13414:TPR_11,PF17765:MLTR_LBD,PF13414:TPR_11,PF07719:TPR_2,PF13428:TPR_14
DIPPA_25495.mRNA.1	PF02183:HALZ,PF02183:HALZ
DIPPA_25497.mRNA.1	PF01496:V_ATPase_I,PF00076:RRM_1
DIPPA_25523.mRNA.1	PF03938:OmpH,PF20120:DUF6510,PF20120:DUF6510
DIPPA_25523.mRNA.2	PF20120:DUF6510,PF20120:DUF6510
DIPPA_25530.mRNA.1	PF00078:RVT_1,PF00078:RVT_1
DIPPA_25531.mRNA.1	PF00734:CBM_1,PF00734:CBM_1,PF12128:DUF3584
DIPPA_25539.mRNA.1	PF04294:VanW,PF04294:VanW
DIPPA_25541.mRNA.1	PF09787:Golgin_A5,PF10473:CENP-F_leu_zip
DIPPA_25545.mRNA.1	PF06749:DUF1218,PF06749:DUF1218
DIPPA_25549.mRNA.1	PF00642:zf-CCCH,PF18044:zf-CCCH_4
DIPPA_25558.mRNA.1	PF12428:DUF3675,PF00612:IQ,PF00612:IQ,PF00612:IQ
DIPPA_25559.mRNA.1	PF06005:ZapB,PF00622:SPRY
DIPPA_25561.mRNA.1	PF07303:Occludin_ELL,PF12773:DZR
DIPPA_25564.mRNA.1	PF00078:RVT_1,PF00075:RNase_H,PF00255:GSHPx
DIPPA_25565.mRNA.1	PF03269:DUF268,PF22581:CIMIP3,PF22581:CIMIP3,PF22581:CIMIP3
DIPPA_25569.mRNA.1	PF15188:CCDC-167,PF15188:CCDC-167
DIPPA_25571.mRNA.1	PF21749:DACND,PF00112:Peptidase_C1
DIPPA_25572.mRNA.1	PF12951:PATR,PF12951:PATR
DIPPA_25587.mRNA.1	PF00078:RVT_1,PF00075:RNase_H
DIPPA_25591.mRNA.1	PF17102:Stealth_CR3,PF13974:YebO
DIPPA_25594.mRNA.1	PF08963:DUF1878,PF04124:Dor1
DIPPA_25599.mRNA.1	PF00078:RVT_1,PF00443:UCH
DIPPA_25601.mRNA.1	PF13913:zf-C2HC_2,PF19460:DUF5997
DIPPA_25605.mRNA.1	PF15481:CPG4,PF00075:RNase_H,PF13467:RHH_4
DIPPA_25615.mRNA.1	PF02845:CUE,PF08271:TF_Zn_Ribbon,PF11082:DUF2880
DIPPA_25634.mRNA.1	PF17820:PDZ_6,PF15268:Dapper
DIPPA_25639.mRNA.1	PF10446:DUF2457,PF10193:Telomere_reg-2,PF16199:Radical_SAM_C
DIPPA_25661.mRNA.1	PF05335:DUF745,PF05335:DUF745
DIPPA_25668.mRNA.1	PF00734:CBM_1,PF00734:CBM_1,PF12128:DUF3584
DIPPA_25672.mRNA.1	PF08856:DUF1826,PF04977:DivIC
DIPPA_25685.mRNA.1	PF19187:HTH_PafC,PF14013:MT0933_antitox
DIPPA_25689.mRNA.1	PF15624:Mif2_N,PF19460:DUF5997
DIPPA_25695.mRNA.1	PF20102:DUF6492,PF20102:DUF6492
DIPPA_25697.mRNA.1	PF05350:GSK-3_bind,PF10734:DUF2523
DIPPA_25703.mRNA.1	PF12767:SAGA-Tad1,PF04468:PSP1
DIPPA_25714.mRNA.1	PF22586:ANCHR-like_BBOX,PF22586:ANCHR-like_BBOX
DIPPA_25715.mRNA.1	PF13302:Acetyltransf_3,PF13302:Acetyltransf_3
DIPPA_25719.mRNA.1	PF05206:TRM13,PF05206:TRM13
DIPPA_25727.mRNA.1	PF12329:TMF_DNA_bd,PF02050:FliJ
DIPPA_25728.mRNA.1	PF02347:GDC-P,PF02347:GDC-P,PF21478:GcvP2_C
DIPPA_25741.mRNA.1	PF19893:DUF6366,PF20882:Sos7,PF19893:DUF6366
DIPPA_25748.mRNA.1	PF05760:IER,PF05760:IER,PF13894:zf-C2H2_4
DIPPA_25752.mRNA.1	PF21999:IMS_HHH_1,PF21999:IMS_HHH_1
DIPPA_25754.mRNA.1	PF13279:4HBT_2,PF13279:4HBT_2
DIPPA_25754.mRNA.2	PF13279:4HBT_2,PF13279:4HBT_2
DIPPA_25754.mRNA.3	PF13279:4HBT_2,PF13279:4HBT_2
DIPPA_25757.mRNA.1	PF18319:PriA_CRR,PF11338:DUF3140
DIPPA_25768.mRNA.1	PF09957:VapB_antitoxin,PF03707:MHYT
DIPPA_25773.mRNA.1	PF20481:DUF6721,PF20481:DUF6721
DIPPA_25784.mRNA.1	PF00059:Lectin_C,PF00059:Lectin_C,PF13385:Laminin_G_3,PF12822:ECF_trnsprt
DIPPA_25795.mRNA.1	PF11928:DUF3446,PF00024:PAN_1,PF00024:PAN_1
DIPPA_25807.mRNA.1	PF13088:BNR_2,PF02012:BNR,PF02012:BNR
DIPPA_25812.mRNA.1	PF13088:BNR_2,PF02012:BNR,PF02012:BNR
DIPPA_25814.mRNA.1	PF02820:MBT,PF06409:NPIP
DIPPA_25816.mRNA.1	PF12874:zf-met,PF03153:TFIIA
DIPPA_25831.mRNA.1	PF19150:DUF5832,PF22077:C2c1_Nuc-II
DIPPA_25831.mRNA.2	PF19150:DUF5832,PF22077:C2c1_Nuc-II
DIPPA_25874.mRNA.1	PF00612:IQ,PF00612:IQ
DIPPA_25885.mRNA.1	PF00397:WW,PF11030:Nucleocapsid-N,PF21380:Nrd1-Seb1_dom2
DIPPA_25904.mRNA.1	PF19781:DUF6266,PF08860:DUF1827,PF00595:PDZ,PF07222:PBP_sp32
DIPPA_25915.mRNA.1	PF10571:UPF0547,PF21639:ORC5_lid
DIPPA_25935.mRNA.1	PF02050:FliJ,PF08647:BRE1
DIPPA_25937.mRNA.1	PF13456:RVT_3,PF07321:YscO
DIPPA_25959.mRNA.1	PF04899:MbeD_MobD,PF04513:Baculo_PEP_C
DIPPA_25967.mRNA.1	PF04899:MbeD_MobD,PF04513:Baculo_PEP_C
DIPPA_25976.mRNA.1	PF11711:Tim54,PF11711:Tim54
DIPPA_25991.mRNA.1	PF19904:DUF6377,PF10476:DUF2448
DIPPA_25996.mRNA.1	PF14214:Helitron_like_N,PF09538:FYDLN_acid
DIPPA_26013.mRNA.1	PF13424:TPR_12,PF13424:TPR_12
DIPPA_26017.mRNA.1	PF03107:C1_2,PF02183:HALZ
DIPPA_26018.mRNA.1	PF06017:Myosin_TH1,PF17461:DUF5423,PF02403:Seryl_tRNA_N
DIPPA_26018.mRNA.2	PF06017:Myosin_TH1,PF17461:DUF5423,PF02403:Seryl_tRNA_N
DIPPA_26023.mRNA.1	PF12783:Sec7-like_HUS,PF01369:Sec7
DIPPA_26029.mRNA.1	PF07344:Amastin,PF15706:TMEM132D_C
DIPPA_26037.mRNA.1	PF09980:DUF2214,PF01073:3Beta_HSD,PF01073:3Beta_HSD
DIPPA_26037.mRNA.2	PF09980:DUF2214,PF01073:3Beta_HSD
DIPPA_26043.mRNA.1	PF21263:Acyl-CoA-dh_C,PF00078:RVT_1
DIPPA_26052.mRNA.1	PF21375:POT1_C_insert,PF21375:POT1_C_insert,PF00589:Phage_integrase
DIPPA_26077.mRNA.1	PF10708:DUF2510,PF03372:Exo_endo_phos
DIPPA_26081.mRNA.1	PF17111:Helo_like_N,PF00023:Ank,PF14559:TPR_19
DIPPA_26088.mRNA.1	PF00024:PAN_1,PF00024:PAN_1,PF02434:Fringe
DIPPA_26096.mRNA.1	PF08737:Rgp1,PF08737:Rgp1
DIPPA_26097.mRNA.1	PF19697:Atg11_middle,PF03872:RseA_N,PF12610:SOCS
DIPPA_26103.mRNA.1	PF00078:RVT_1,PF17917:RT_RNaseH
DIPPA_26106.mRNA.1	PF00078:RVT_1,PF22181:TarS_linker,PF10500:SR-25
DIPPA_26108.mRNA.1	PF05598:DUF772,PF00078:RVT_1,PF00078:RVT_1
DIPPA_26115.mRNA.1	PF07452:CHRD,PF09726:Macoilin
DIPPA_26123.mRNA.1	PF13205:Big_5,PF01095:Pectinesterase,PF01095:Pectinesterase,PF01095:Pectinesterase,PF13205:Big_5,PF01095:Pectinesterase,PF13205:Big_5,PF01095:Pectinesterase,PF01095:Pectinesterase,PF01095:Pectinesterase,PF13205:Big_5,PF01095:Pectinesterase,PF13205:Big_5,PF01095:Pectinesterase,PF13205:Big_5,PF01095:Pectinesterase
DIPPA_26125.mRNA.1	PF00092:VWA,PF00092:VWA,PF00092:VWA,PF00092:VWA,PF00092:VWA,PF00092:VWA,PF00092:VWA,PF00092:VWA,PF00092:VWA,PF00092:VWA,PF00092:VWA,PF00092:VWA,PF00092:VWA
DIPPA_26127.mRNA.1	PF00092:VWA,PF06707:DUF1194,PF00092:VWA,PF00092:VWA,PF00092:VWA,PF00092:VWA,PF00092:VWA,PF00092:VWA,PF00092:VWA,PF00092:VWA
DIPPA_26146.mRNA.1	PF18804:CxC3,PF13570:PQQ_3,PF17423:SwrA,PF01129:ART
DIPPA_26150.mRNA.1	PF00004:AAA,PF07228:SpoIIE
DIPPA_26151.mRNA.1	PF13229:Beta_helix,PF13229:Beta_helix,PF13229:Beta_helix,PF13229:Beta_helix,PF13229:Beta_helix,PF13229:Beta_helix,PF13229:Beta_helix
DIPPA_26163.mRNA.1	PF00169:PH,PF10812:DUF2561
DIPPA_26170.mRNA.1	PF22494:choice_anch_I,PF13449:Phytase-like,PF07218:RAP1
DIPPA_26192.mRNA.1	PF02338:OTU,PF03372:Exo_endo_phos
DIPPA_26193.mRNA.1	PF17095:CAMSAP_CC1,PF20524:DUF6739
DIPPA_26202.mRNA.1	PF01852:START,PF14282:FlxA
DIPPA_26206.mRNA.1	PF00226:DnaJ,PF15012:DUF4519,PF09320:DUF1977
DIPPA_26213.mRNA.1	PF18263:MCM6_C,PF19121:DUF5805,PF04513:Baculo_PEP_C
DIPPA_26214.mRNA.1	PF16704:Rab_bind,PF06818:Fez1,PF06818:Fez1
DIPPA_26216.mRNA.1	PF03616:Glt_symporter,PF03616:Glt_symporter
DIPPA_26223.mRNA.1	PF00225:Kinesin,PF00225:Kinesin,PF07218:RAP1
DIPPA_26226.mRNA.1	PF08581:Tup_N,PF02183:HALZ
DIPPA_26232.mRNA.1	PF06229:FRG1,PF19881:DUF6354
DIPPA_26259.mRNA.1	PF01155:HypA,PF03153:TFIIA,PF12760:Zn_Tnp_IS1595
DIPPA_26261.mRNA.1	PF10174:Cast,PF14662:KASH_CCD
DIPPA_26262.mRNA.1	PF02825:WWE,PF07825:Exc
DIPPA_26264.mRNA.1	PF00078:RVT_1,PF00075:RNase_H
DIPPA_26266.mRNA.1	PF01925:TauE,PF07647:SAM_2,PF07647:SAM_2,PF01925:TauE
DIPPA_26276.mRNA.1	PF05383:La,PF05383:La
DIPPA_26277.mRNA.1	PF00078:RVT_1,PF00078:RVT_1
DIPPA_26282.mRNA.1	PF12325:TMF_TATA_bd,PF13870:DUF4201
DIPPA_26289.mRNA.1	PF21728:PADR1_N,PF21878:STIV_turret_1st,PF21728:PADR1_N,PF21878:STIV_turret_1st,PF21728:PADR1_N,PF21878:STIV_turret_1st,PF21728:PADR1_N,PF21878:STIV_turret_1st,PF21728:PADR1_N,PF21878:STIV_turret_1st
DIPPA_26305.mRNA.1	PF14608:zf-CCCH_2,PF14608:zf-CCCH_2
DIPPA_26306.mRNA.1	PF07498:Rho_N,PF19695:DUF6195,PF19695:DUF6195
DIPPA_26317.mRNA.1	PF00078:RVT_1,PF17917:RT_RNaseH
DIPPA_26328.mRNA.1	PF00078:RVT_1,PF00078:RVT_1
DIPPA_26341.mRNA.1	PF19695:DUF6195,PF19695:DUF6195
DIPPA_26369.mRNA.1	PF00536:SAM_1,PF05185:PRMT5,PF01799:Fer2_2,PF02016:Peptidase_S66,PF06467:zf-FCS
DIPPA_26369.mRNA.2	PF00536:SAM_1,PF05185:PRMT5,PF01799:Fer2_2,PF02016:Peptidase_S66,PF06467:zf-FCS
DIPPA_26379.mRNA.1	PF10571:UPF0547,PF21639:ORC5_lid
DIPPA_26383.mRNA.1	PF19187:HTH_PafC,PF14013:MT0933_antitox
DIPPA_26393.mRNA.1	PF13560:HTH_31,PF13560:HTH_31
DIPPA_26417.mRNA.1	PF04857:CAF1,PF04857:CAF1
DIPPA_26418.mRNA.1	PF21749:DACND,PF00112:Peptidase_C1
DIPPA_26425.mRNA.1	PF00075:RNase_H,PF14698:ASL_C2,PF13467:RHH_4
DIPPA_26431.mRNA.1	PF04756:OST3_OST6,PF04756:OST3_OST6
DIPPA_26436.mRNA.1	PF00008:EGF,PF05470:eIF-3c_N
DIPPA_26442.mRNA.1	PF22931:TNK-like_SAM,PF06160:EzrA
DIPPA_26452.mRNA.1	PF09796:QCR10,PF03798:TRAM_LAG1_CLN8
DIPPA_26459.mRNA.1	PF02183:HALZ,PF11839:Alanine_zipper,PF02183:HALZ
DIPPA_26472.mRNA.1	PF07017:PagP,PF01551:Peptidase_M23
DIPPA_26483.mRNA.1	PF20826:PHD_5,PF13508:Acetyltransf_7
DIPPA_26491.mRNA.1	PF13540:RCC1_2,PF13540:RCC1_2,PF13540:RCC1_2,PF00024:PAN_1,PF00024:PAN_1,PF00024:PAN_1
DIPPA_26504.mRNA.1	PF13472:Lipase_GDSL_2,PF13472:Lipase_GDSL_2
DIPPA_26506.mRNA.1	PF13041:PPR_2,PF13041:PPR_2,PF13041:PPR_2
DIPPA_26514.mRNA.1	PF13540:RCC1_2,PF13540:RCC1_2,PF00024:PAN_1,PF00024:PAN_1,PF00024:PAN_1
DIPPA_26517.mRNA.1	PF00641:zf-RanBP,PF03153:TFIIA
DIPPA_26519.mRNA.1	PF00612:IQ,PF00612:IQ,PF00612:IQ,PF00612:IQ,PF00612:IQ
DIPPA_26524.mRNA.1	PF03421:Acetyltransf_14,PF20102:DUF6492
DIPPA_26531.mRNA.1	PF11731:Cdd1,PF11731:Cdd1
DIPPA_26534.mRNA.1	PF15273:NHS,PF00076:RRM_1,PF00076:RRM_1
DIPPA_26538.mRNA.1	PF19094:EMC6_arch,PF17370:DUF5392
DIPPA_26546.mRNA.1	PF16454:PI3K_P85_iSH2,PF10224:DUF2205,PF10224:DUF2205,PF02183:HALZ
DIPPA_26556.mRNA.1	PF00226:DnaJ,PF10500:SR-25
DIPPA_26560.mRNA.1	PF00326:Peptidase_S9,PF12146:Hydrolase_4
DIPPA_26564.mRNA.1	PF00078:RVT_1,PF16867:DMSP_lyase
DIPPA_26596.mRNA.1	PF14077:WD40_alt,PF04508:Pox_A_type_inc
DIPPA_26606.mRNA.1	PF00078:RVT_1,PF00075:RNase_H
DIPPA_26608.mRNA.1	PF02608:Bmp,PF07699:Ephrin_rec_like,PF07699:Ephrin_rec_like
DIPPA_26610.mRNA.1	PF00515:TPR_1,PF00515:TPR_1
DIPPA_26612.mRNA.1	PF00787:PX,PF00787:PX
DIPPA_26633.mRNA.1	PF16192:PMT_4TMC,PF13314:DUF4083
DIPPA_26634.mRNA.1	PF00023:Ank,PF01129:ART,PF12796:Ank_2,PF12796:Ank_2
DIPPA_26643.mRNA.1	PF13041:PPR_2,PF13041:PPR_2,PF02530:Porin_2,PF02530:Porin_2
DIPPA_26653.mRNA.1	PF02885:Glycos_trans_3N,PF03705:CheR_N,PF00589:Phage_integrase
DIPPA_26657.mRNA.1	PF00130:C1_1,PF20917:AsnRS_N
DIPPA_26658.mRNA.1	PF00078:RVT_1,PF17917:RT_RNaseH
DIPPA_26665.mRNA.1	PF11040:DGF-1_C,PF17369:DUF5391
DIPPA_26669.mRNA.1	PF00589:Phage_integrase,PF00589:Phage_integrase,PF18885:DUF5648
DIPPA_26671.mRNA.1	PF17217:UPA,PF00078:RVT_1,PF17919:RT_RNaseH_2
DIPPA_26681.mRNA.1	PF21049:CFA69_ARM_rpt,PF21049:CFA69_ARM_rpt,PF21049:CFA69_ARM_rpt,PF00188:CAP
DIPPA_26686.mRNA.1	PF01535:PPR,PF11862:DUF3382,PF17177:PPR_long,PF01535:PPR
DIPPA_26687.mRNA.1	PF12796:Ank_2,PF12796:Ank_2,PF12796:Ank_2
DIPPA_26690.mRNA.1	PF13374:TPR_10,PF13424:TPR_12
DIPPA_26693.mRNA.1	PF08614:ATG16,PF04344:CheZ,PF14812:PBP1_TM
DIPPA_26703.mRNA.1	PF02459:Adeno_terminal,PF04940:BLUF,PF04940:BLUF
DIPPA_26704.mRNA.1	PF22038:PRC2_EED_ins,PF22038:PRC2_EED_ins
DIPPA_26708.mRNA.1	PF03915:AIP3,PF02662:FlpD
DIPPA_26713.mRNA.1	PF20528:DUF6743,PF14984:CD24,PF20528:DUF6743,PF14984:CD24
DIPPA_26732.mRNA.1	PF00589:Phage_integrase,PF00078:RVT_1
DIPPA_26733.mRNA.1	PF09243:Rsm22,PF09243:Rsm22
DIPPA_26736.mRNA.1	PF13041:PPR_2,PF13041:PPR_2,PF13041:PPR_2
DIPPA_26772.mRNA.1	PF17177:PPR_long,PF17177:PPR_long
DIPPA_26794.mRNA.1	PF16515:HIP1_clath_bdg,PF16515:HIP1_clath_bdg,PF16515:HIP1_clath_bdg
DIPPA_26796.mRNA.1	PF19893:DUF6366,PF20882:Sos7,PF19893:DUF6366
DIPPA_26809.mRNA.1	PF00628:PHD,PF00668:Condensation
DIPPA_26828.mRNA.1	PF13516:LRR_6,PF13405:EF-hand_6
DIPPA_26829.mRNA.1	PF00443:UCH,PF16685:zf-RING_10
DIPPA_26835.mRNA.1	PF13870:DUF4201,PF07902:Gp58,PF13870:DUF4201,PF07902:Gp58,PF13870:DUF4201
DIPPA_26839.mRNA.1	PF01547:SBP_bac_1,PF08733:PalH
DIPPA_26841.mRNA.1	PF00100:Zona_pellucida,PF00100:Zona_pellucida
DIPPA_26849.mRNA.1	PF05425:CopD,PF05425:CopD
DIPPA_26849.mRNA.2	PF05425:CopD,PF05425:CopD
DIPPA_26849.mRNA.3	PF05425:CopD,PF05425:CopD
DIPPA_26849.mRNA.4	PF05425:CopD,PF05425:CopD
DIPPA_26853.mRNA.1	PF00589:Phage_integrase,PF00589:Phage_integrase,PF18885:DUF5648
DIPPA_26854.mRNA.1	PF17217:UPA,PF00078:RVT_1,PF17919:RT_RNaseH_2
DIPPA_26855.mRNA.1	PF13499:EF-hand_7,PF13499:EF-hand_7,PF13499:EF-hand_7
DIPPA_26857.mRNA.1	PF02986:Fn_bind,PF02986:Fn_bind
DIPPA_26858.mRNA.1	PF07728:AAA_5,PF07728:AAA_5,PF07728:AAA_5,PF07728:AAA_5,PF07728:AAA_5,PF07728:AAA_5,PF01129:ART,PF22205:Csm6_6H
DIPPA_26860.mRNA.1	PF13629:T2SS-T3SS_pil_N,PF03567:Sulfotransfer_2
DIPPA_26863.mRNA.1	PF15739:TSNAXIP1_N,PF00643:zf-B_box,PF20340:DUF6635
DIPPA_26873.mRNA.1	PF00240:ubiquitin,PF09280:XPC-binding,PF14555:UBA_4
DIPPA_26883.mRNA.1	PF04625:DEC-1_N,PF11705:RNA_pol_3_Rpc31
DIPPA_26898.mRNA.1	PF08573:SAE2,PF08573:SAE2
DIPPA_26916.mRNA.1	PF17820:PDZ_6,PF16802:DUF5070
DIPPA_26921.mRNA.1	PF13432:TPR_16,PF13432:TPR_16,PF04577:Glyco_transf_61,PF04577:Glyco_transf_61
DIPPA_26922.mRNA.1	PF06305:LapA_dom,PF08239:SH3_3,PF08239:SH3_3
DIPPA_26927.mRNA.1	PF00027:cNMP_binding,PF03153:TFIIA,PF00027:cNMP_binding,PF00027:cNMP_binding,PF00027:cNMP_binding
DIPPA_26930.mRNA.1	PF04403:PqiA,PF04403:PqiA
DIPPA_26934.mRNA.1	PF05598:DUF772,PF00078:RVT_1,PF00078:RVT_1
DIPPA_26935.mRNA.1	PF17217:UPA,PF00078:RVT_1,PF17919:RT_RNaseH_2
DIPPA_26936.mRNA.1	PF00589:Phage_integrase,PF00589:Phage_integrase,PF18885:DUF5648
DIPPA_26941.mRNA.1	PF02743:dCache_1,PF02743:dCache_1
DIPPA_26946.mRNA.1	PF04912:Dynamitin,PF12958:DUF3847
DIPPA_26962.mRNA.1	PF00078:RVT_1,PF17919:RT_RNaseH_2
DIPPA_26965.mRNA.1	PF00544:Pectate_lyase_4,PF00544:Pectate_lyase_4,PF00544:Pectate_lyase_4,PF00544:Pectate_lyase_4,PF00544:Pectate_lyase_4,PF00544:Pectate_lyase_4,PF00544:Pectate_lyase_4,PF00544:Pectate_lyase_4,PF00544:Pectate_lyase_4,PF00544:Pectate_lyase_4,PF00544:Pectate_lyase_4
DIPPA_26974.mRNA.1	PF10571:UPF0547,PF08271:TF_Zn_Ribbon,PF09278:MerR-DNA-bind
DIPPA_26982.mRNA.1	PF05375:Pacifastin_I,PF05375:Pacifastin_I,PF05375:Pacifastin_I
DIPPA_26983.mRNA.1	PF08271:TF_Zn_Ribbon,PF08271:TF_Zn_Ribbon
DIPPA_27000.mRNA.1	PF14839:DOR,PF10500:SR-25
DIPPA_27004.mRNA.1	PF01764:Lipase_3,PF01764:Lipase_3,PF09106:SelB-wing_2
DIPPA_27011.mRNA.1	PF21038:CEP104_N,PF02151:UVR,PF02151:UVR,PF21040:CEP104-like_TOG,PF21039:CEP104_ZnF
DIPPA_27013.mRNA.1	PF00404:Dockerin_1,PF00404:Dockerin_1,PF00404:Dockerin_1,PF20686:CsoSCA_cat
DIPPA_27021.mRNA.1	PF16159:FOXP-CC,PF01826:TIL,PF01826:TIL,PF16159:FOXP-CC,PF05980:Toxin_7
DIPPA_27037.mRNA.1	PF03372:Exo_endo_phos,PF00078:RVT_1
DIPPA_27040.mRNA.1	PF00628:PHD,PF05641:Agenet
DIPPA_27046.mRNA.1	PF18044:zf-CCCH_4,PF14608:zf-CCCH_2,PF00096:zf-C2H2,PF02023:SCAN
DIPPA_27047.mRNA.1	PF08614:ATG16,PF14197:Cep57_CLD_2,PF04508:Pox_A_type_inc,PF19697:Atg11_middle,PF08614:ATG16,PF08614:ATG16,PF08614:ATG16,PF14197:Cep57_CLD_2,PF14197:Cep57_CLD_2
DIPPA_27047.mRNA.2	PF08614:ATG16,PF14197:Cep57_CLD_2,PF04508:Pox_A_type_inc,PF08614:ATG16,PF01886:DUF61,PF08614:ATG16,PF08614:ATG16,PF14197:Cep57_CLD_2,PF14197:Cep57_CLD_2
DIPPA_27050.mRNA.1	PF00075:RNase_H,PF00075:RNase_H
DIPPA_27063.mRNA.1	PF00076:RRM_1,PF00076:RRM_1,PF00076:RRM_1
DIPPA_27064.mRNA.1	PF00872:Transposase_mut,PF05699:Dimer_Tnp_hAT
DIPPA_27079.mRNA.1	PF15172:Prolactin_RP,PF00226:DnaJ
DIPPA_27086.mRNA.1	PF10551:MULE,PF00039:fn1,PF00098:zf-CCHC,PF02338:OTU
DIPPA_27089.mRNA.1	PF10342:Kre9_KNH,PF10342:Kre9_KNH
DIPPA_27095.mRNA.1	PF05886:Orthopox_F8,PF17675:APG6_N
DIPPA_27096.mRNA.1	PF00027:cNMP_binding,PF00027:cNMP_binding,PF00027:cNMP_binding
DIPPA_27105.mRNA.1	PF07691:PA14,PF07691:PA14
DIPPA_27108.mRNA.1	PF00078:RVT_1,PF15451:DUF4632,PF21393:Phage_pb10_N
DIPPA_27117.mRNA.1	PF08614:ATG16,PF06009:Laminin_II
DIPPA_27118.mRNA.1	PF12722:Hid1,PF07647:SAM_2
DIPPA_27121.mRNA.1	PF00589:Phage_integrase,PF00078:RVT_1,PF16018:Anillin_N
DIPPA_27127.mRNA.1	PF13236:CLU,PF12807:eIF3_p135
DIPPA_27135.mRNA.1	PF00533:BRCT,PF10500:SR-25
DIPPA_27141.mRNA.3	PF22807:TrAA12,PF12443:AKNA
DIPPA_27156.mRNA.1	PF19971:TCAD2,PF00397:WW
DIPPA_27170.mRNA.1	PF16293:zf-C2H2_9,PF00589:Phage_integrase
DIPPA_27172.mRNA.1	PF18044:zf-CCCH_4,PF18044:zf-CCCH_4
DIPPA_27192.mRNA.1	PF13913:zf-C2HC_2,PF19460:DUF5997
DIPPA_27198.mRNA.1	PF00076:RRM_1,PF03249:TSA
DIPPA_27202.mRNA.1	PF15248:DUF4587,PF15248:DUF4587,PF15248:DUF4587
DIPPA_27203.mRNA.1	PF21166:LSM12_LSM,PF16131:Torus
DIPPA_27217.mRNA.1	PF00078:RVT_1,PF00078:RVT_1
DIPPA_27219.mRNA.1	PF00078:RVT_1,PF00078:RVT_1
DIPPA_27222.mRNA.1	PF00078:RVT_1,PF00075:RNase_H
DIPPA_27233.mRNA.1	PF13913:zf-C2HC_2,PF19460:DUF5997
DIPPA_27242.mRNA.1	PF00075:RNase_H,PF00075:RNase_H
DIPPA_27246.mRNA.1	PF17919:RT_RNaseH_2,PF03153:TFIIA
DIPPA_27250.mRNA.1	PF04977:DivIC,PF04977:DivIC
DIPPA_27272.mRNA.1	PF00078:RVT_1,PF00078:RVT_1
DIPPA_27275.mRNA.1	PF00641:zf-RanBP,PF05161:MOFRL
DIPPA_27279.mRNA.1	PF00612:IQ,PF00612:IQ
DIPPA_27286.mRNA.1	PF01535:PPR,PF13812:PPR_3
DIPPA_27287.mRNA.1	PF06825:HSBP1,PF06825:HSBP1
DIPPA_27295.mRNA.1	PF00872:Transposase_mut,PF05699:Dimer_Tnp_hAT
DIPPA_27301.mRNA.1	PF22207:MCM3_WHD,PF22207:MCM3_WHD
DIPPA_27310.mRNA.1	PF13424:TPR_12,PF13424:TPR_12,PF13424:TPR_12,PF00612:IQ,PF00612:IQ,PF00612:IQ,PF00612:IQ,PF00612:IQ,PF00333:Ribosomal_S5,PF00612:IQ,PF00612:IQ,PF00612:IQ
DIPPA_27312.mRNA.1	PF01880:Desulfoferrodox,PF01880:Desulfoferrodox,PF01880:Desulfoferrodox,PF01880:Desulfoferrodox
DIPPA_27315.mRNA.1	PF08467:Luteo_P1-P2,PF00589:Phage_integrase
DIPPA_27334.mRNA.1	PF08606:Prp19,PF00169:PH
DIPPA_27340.mRNA.1	PF00078:RVT_1,PF15451:DUF4632
DIPPA_27347.mRNA.1	PF17675:APG6_N,PF17675:APG6_N,PF19150:DUF5832
DIPPA_27353.mRNA.1	PF14153:Spore_coat_CotO,PF13894:zf-C2H2_4,PF03604:DNA_RNApol_7kD
DIPPA_27354.mRNA.1	PF03915:AIP3,PF02662:FlpD
DIPPA_27370.mRNA.1	PF19150:DUF5832,PF16189:Creatinase_N_2
DIPPA_27370.mRNA.2	PF19150:DUF5832,PF16189:Creatinase_N_2
DIPPA_27373.mRNA.1	PF00240:ubiquitin,PF00023:Ank
DIPPA_27380.mRNA.1	PF02338:OTU,PF00078:RVT_1
DIPPA_27388.mRNA.1	PF20102:DUF6492,PF20102:DUF6492
DIPPA_27413.mRNA.1	PF14622:Ribonucleas_3_3,PF14622:Ribonucleas_3_3
DIPPA_27425.mRNA.1	PF13570:PQQ_3,PF08309:LVIVD,PF08309:LVIVD,PF13570:PQQ_3
DIPPA_27439.mRNA.1	PF13833:EF-hand_8,PF13202:EF-hand_5,PF13202:EF-hand_5
DIPPA_27462.mRNA.2	PF05531:NPV_P10,PF05531:NPV_P10
DIPPA_27475.mRNA.1	PF10473:CENP-F_leu_zip,PF18557:NepR
DIPPA_27477.mRNA.1	PF04615:Utp14,PF04232:SpoVS,PF04232:SpoVS
DIPPA_27490.mRNA.1	PF08515:TGF_beta_GS,PF00589:Phage_integrase
DIPPA_27498.mRNA.1	PF15387:DUF4611,PF04931:DNA_pol_phi,PF13249:SQHop_cyclase_N
DIPPA_27499.mRNA.1	PF22137:T6SS_Tle1-like_C,PF22137:T6SS_Tle1-like_C
DIPPA_27501.mRNA.1	PF14377:UBM,PF14377:UBM,PF00956:NAP,PF00956:NAP
DIPPA_27518.mRNA.1	PF11387:DUF2795,PF17098:Wtap
DIPPA_27520.mRNA.1	PF01553:Acyltransferase,PF16076:Acyltransf_C,PF02439:Adeno_E3_CR2
DIPPA_27523.mRNA.1	PF22798:DUF5817_CT,PF08713:DNA_alkylation,PF22798:DUF5817_CT,PF08713:DNA_alkylation
DIPPA_27524.mRNA.1	PF01437:PSI,PF01437:PSI
DIPPA_27532.mRNA.1	PF13812:PPR_3,PF13041:PPR_2
DIPPA_27535.mRNA.1	PF00078:RVT_1,PF00078:RVT_1
DIPPA_27539.mRNA.1	PF00024:PAN_1,PF07944:Beta-AFase-like_GH127_cat,PF20736:Glyco_hydro127M
DIPPA_27546.mRNA.1	PF13405:EF-hand_6,PF13405:EF-hand_6,PF13405:EF-hand_6
DIPPA_27555.mRNA.1	PF18345:zf_CCCH_4,PF18345:zf_CCCH_4
DIPPA_27563.mRNA.1	PF03153:TFIIA,PF03153:TFIIA
DIPPA_27564.mRNA.1	PF01833:TIG,PF01833:TIG,PF06011:TRP
DIPPA_27566.mRNA.1	PF17917:RT_RNaseH,PF00078:RVT_1
DIPPA_27574.mRNA.1	PF00004:AAA,PF17862:AAA_lid_3,PF01434:Peptidase_M41
DIPPA_27578.mRNA.1	PF00078:RVT_1,PF00078:RVT_1
DIPPA_27584.mRNA.1	PF16350:FAO_M,PF06825:HSBP1
DIPPA_27586.mRNA.1	PF01239:PPTA,PF07282:OrfB_Zn_ribbon,PF05734:DUF832
DIPPA_27592.mRNA.1	PF01519:DUF16,PF08614:ATG16
DIPPA_27642.mRNA.1	PF11405:Inhibitor_I67,PF22358:MfA4_C,PF11405:Inhibitor_I67,PF22358:MfA4_C,PF11405:Inhibitor_I67,PF22358:MfA4_C,PF11405:Inhibitor_I67
DIPPA_27644.mRNA.1	PF13000:Acatn,PF07690:MFS_1
DIPPA_27645.mRNA.1	PF10152:CCDC53,PF10152:CCDC53,PF04468:PSP1
DIPPA_27645.mRNA.2	PF10152:CCDC53,PF10152:CCDC53,PF04468:PSP1
DIPPA_27670.mRNA.1	PF08467:Luteo_P1-P2,PF00589:Phage_integrase
DIPPA_27672.mRNA.1	PF13913:zf-C2HC_2,PF19460:DUF5997
DIPPA_27673.mRNA.1	PF20692:cpSF2-GREB1,PF20692:cpSF2-GREB1,PF20692:cpSF2-GREB1
DIPPA_27674.mRNA.1	PF22488:Class_2_docking_dom,PF00078:RVT_1,PF13821:DUF4187,PF00443:UCH
DIPPA_27688.mRNA.1	PF13301:DUF4079,PF13301:DUF4079
DIPPA_27706.mRNA.1	PF06785:UPF0242,PF04606:Ogr_Delta,PF00397:WW
DIPPA_27710.mRNA.2	PF00754:F5_F8_type_C,PF00754:F5_F8_type_C,PF00754:F5_F8_type_C,PF00754:F5_F8_type_C,PF00754:F5_F8_type_C,PF00754:F5_F8_type_C,PF00754:F5_F8_type_C,PF00754:F5_F8_type_C,PF00754:F5_F8_type_C,PF00754:F5_F8_type_C
DIPPA_27717.mRNA.1	PF22277:EncFtn-like,PF22277:EncFtn-like
DIPPA_27752.mRNA.1	PF04513:Baculo_PEP_C,PF05615:THOC7,PF05615:THOC7
DIPPA_27754.mRNA.1	PF02427:PSI_PsaE,PF13405:EF-hand_6
DIPPA_27755.mRNA.1	PF00168:C2,PF00168:C2,PF00168:C2
DIPPA_27776.mRNA.1	PF00787:PX,PF00755:Carn_acyltransf
DIPPA_27778.mRNA.1	PF04102:SlyX,PF04102:SlyX,PF11172:DUF2959,PF10796:Anti-adapt_IraP
DIPPA_27778.mRNA.2	PF04102:SlyX,PF04102:SlyX,PF11172:DUF2959,PF10796:Anti-adapt_IraP
DIPPA_27786.mRNA.1	PF01852:START,PF08143:CBFNT
DIPPA_27787.mRNA.1	PF04560:RNA_pol_Rpb2_7,PF04560:RNA_pol_Rpb2_7
DIPPA_27805.mRNA.1	PF05598:DUF772,PF00078:RVT_1,PF00078:RVT_1
DIPPA_27806.mRNA.1	PF05598:DUF772,PF00078:RVT_1,PF00078:RVT_1
DIPPA_27808.mRNA.1	PF00078:RVT_1,PF00078:RVT_1
DIPPA_27827.mRNA.1	PF13180:PDZ_2,PF00906:Hepatitis_core
DIPPA_27834.mRNA.1	PF16486:ArgoN,PF02170:PAZ,PF16488:ArgoL2,PF02171:Piwi
DIPPA_27836.mRNA.1	PF16752:TBCC_N,PF13180:PDZ_2
DIPPA_27837.mRNA.1	PF11000:DUF2840,PF11000:DUF2840,PF11000:DUF2840
DIPPA_27839.mRNA.1	PF00076:RRM_1,PF20993:CENPH,PF00076:RRM_1
DIPPA_27843.mRNA.1	PF01547:SBP_bac_1,PF20990:DUF2207_C,PF20990:DUF2207_C
DIPPA_27844.mRNA.1	PF10571:UPF0547,PF21639:ORC5_lid
DIPPA_27846.mRNA.1	PF00075:RNase_H,PF00075:RNase_H
DIPPA_27852.mRNA.1	PF07892:DUF1667,PF05023:Phytochelatin
DIPPA_27860.mRNA.1	PF04502:Saf4_Yju2,PF16046:FAM76,PF16046:FAM76
DIPPA_27860.mRNA.2	PF04502:Saf4_Yju2,PF16046:FAM76,PF16046:FAM76
DIPPA_27864.mRNA.1	PF06156:YabA,PF16808:PKcGMP_CC,PF12795:MscS_porin,PF02151:UVR
DIPPA_27872.mRNA.1	PF00078:RVT_1,PF00078:RVT_1
DIPPA_27873.mRNA.1	PF00024:PAN_1,PF00024:PAN_1
DIPPA_27874.mRNA.1	PF13385:Laminin_G_3,PF13517:FG-GAP_3,PF13517:FG-GAP_3,PF13385:Laminin_G_3,PF13385:Laminin_G_3,PF13385:Laminin_G_3,PF13385:Laminin_G_3,PF14295:PAN_4,PF13385:Laminin_G_3,PF13385:Laminin_G_3,PF00024:PAN_1,PF00024:PAN_1,PF13385:Laminin_G_3
DIPPA_27878.mRNA.1	PF00226:DnaJ,PF05002:SGS
DIPPA_27882.mRNA.1	PF07503:zf-HYPF,PF07503:zf-HYPF
DIPPA_27884.mRNA.1	PF13385:Laminin_G_3,PF00024:PAN_1
DIPPA_27909.mRNA.1	PF13385:Laminin_G_3,PF13385:Laminin_G_3,PF13385:Laminin_G_3,PF13385:Laminin_G_3,PF13385:Laminin_G_3,PF14295:PAN_4,PF13385:Laminin_G_3,PF13385:Laminin_G_3,PF00066:Notch,PF13385:Laminin_G_3,PF13385:Laminin_G_3,PF13385:Laminin_G_3
DIPPA_27914.mRNA.1	PF00078:RVT_1,PF00078:RVT_1
DIPPA_27928.mRNA.1	PF13641:Glyco_tranf_2_3,PF06361:RTBV_P12
DIPPA_27933.mRNA.1	PF13086:AAA_11,PF00397:WW
DIPPA_27938.mRNA.1	PF00098:zf-CCHC,PF00098:zf-CCHC,PF00098:zf-CCHC,PF17820:PDZ_6
DIPPA_27963.mRNA.1	PF18505:DUF5619,PF00346:Complex1_49kDa,PF00346:Complex1_49kDa,PF18505:DUF5619
DIPPA_27968.mRNA.1	PF08389:Xpo1,PF03574:Peptidase_S48,PF18598:TetR_C_36,PF19273:Exportin-5
DIPPA_27972.mRNA.1	PF17837:4PPT_N,PF01648:ACPS
DIPPA_27980.mRNA.1	PF17560:Megourin,PF00643:zf-B_box
DIPPA_27980.mRNA.2	PF17560:Megourin,PF00643:zf-B_box
DIPPA_27997.mRNA.1	PF03107:C1_2,PF12760:Zn_Tnp_IS1595
DIPPA_28002.mRNA.1	PF00589:Phage_integrase,PF00589:Phage_integrase,PF18885:DUF5648
DIPPA_28005.mRNA.1	PF00078:RVT_1,PF13966:zf-RVT
DIPPA_28007.mRNA.1	PF00589:Phage_integrase,PF18885:DUF5648
DIPPA_28008.mRNA.1	PF10267:Tmemb_cc2,PF14608:zf-CCCH_2
DIPPA_28009.mRNA.1	PF00078:RVT_1,PF00075:RNase_H
DIPPA_28018.mRNA.1	PF17800:NPL,PF15301:SLAIN,PF15301:SLAIN
DIPPA_28022.mRNA.1	PF00078:RVT_1,PF17917:RT_RNaseH
DIPPA_28023.mRNA.2	PF18059:Csd3_N,PF06046:Sec6
DIPPA_28026.mRNA.1	PF13913:zf-C2HC_2,PF19460:DUF5997
DIPPA_28027.mRNA.1	PF00313:CSD,PF00313:CSD
DIPPA_28038.mRNA.1	PF21834:DUF6894,PF02037:SAP
DIPPA_28057.mRNA.1	PF10551:MULE,PF00039:fn1,PF00098:zf-CCHC,PF02338:OTU
DIPPA_28058.mRNA.1	PF10002:DUF2243,PF15663:zf-CCCH_3
DIPPA_28063.mRNA.1	PF01683:EB,PF01683:EB
DIPPA_28074.mRNA.1	PF22061:CSN7_HB_subdom,PF01399:PCI,PF18392:CSN7a_helixI
DIPPA_28077.mRNA.1	PF07888:CALCOCO1,PF07888:CALCOCO1
DIPPA_28081.mRNA.1	PF18526:DB_JBP1,PF07500:TFIIS_M
DIPPA_28082.mRNA.1	PF07719:TPR_2,PF00515:TPR_1,PF14737:DUF4470
DIPPA_28087.mRNA.1	PF01541:GIY-YIG,PF00443:UCH
DIPPA_28103.mRNA.1	PF08116:Toxin_29,PF08116:Toxin_29,PF08116:Toxin_29,PF08116:Toxin_29,PF08116:Toxin_29,PF08116:Toxin_29,PF17557:Conotoxin_I2
DIPPA_28121.mRNA.1	PF17217:UPA,PF00078:RVT_1,PF17919:RT_RNaseH_2
DIPPA_28130.mRNA.1	PF08505:MMR1,PF00076:RRM_1,PF00076:RRM_1,PF12773:DZR
DIPPA_28145.mRNA.1	PF01363:FYVE,PF21272:FYVE_CARP1-2
DIPPA_28146.mRNA.1	PF16386:DUF4995,PF03392:OS-D
DIPPA_28149.mRNA.1	PF13894:zf-C2H2_4,PF13894:zf-C2H2_4,PF01909:NTP_transf_2
DIPPA_28151.mRNA.1	PF00589:Phage_integrase,PF00589:Phage_integrase,PF18885:DUF5648
DIPPA_28156.mRNA.1	PF00498:FHA,PF02825:WWE
DIPPA_28173.mRNA.1	PF09471:Peptidase_M64,PF00335:Tetraspanin,PF13499:EF-hand_7,PF13499:EF-hand_7
DIPPA_28186.mRNA.1	PF18961:DUF5703_N,PF18961:DUF5703_N
DIPPA_28201.mRNA.1	PF13570:PQQ_3,PF17247:DUF5316
DIPPA_28202.mRNA.1	PF13570:PQQ_3,PF17247:DUF5316
DIPPA_28231.mRNA.1	PF11600:CAF-1_p150,PF11600:CAF-1_p150
DIPPA_28238.mRNA.1	PF00400:WD40,PF15841:TMEM239
DIPPA_28242.mRNA.1	PF00069:Pkinase,PF09770:PAT1
DIPPA_28251.mRNA.1	PF02460:Patched,PF02460:Patched
DIPPA_28255.mRNA.1	PF09006:Surfac_D-trimer,PF10267:Tmemb_cc2
DIPPA_28306.mRNA.1	PF10500:SR-25,PF00628:PHD,PF02902:Peptidase_C48
DIPPA_28314.mRNA.1	PF04508:Pox_A_type_inc,PF00579:tRNA-synt_1b,PF00579:tRNA-synt_1b,PF00579:tRNA-synt_1b
DIPPA_28316.mRNA.1	PF11904:GPCR_chapero_1,PF13975:gag-asp_proteas
DIPPA_28327.mRNA.1	PF10473:CENP-F_leu_zip,PF10473:CENP-F_leu_zip,PF10473:CENP-F_leu_zip,PF10473:CENP-F_leu_zip,PF11559:ADIP,PF07303:Occludin_ELL,PF11559:ADIP,PF10473:CENP-F_leu_zip
DIPPA_28329.mRNA.1	PF01304:Gas_vesicle_C,PF11814:DUF3335,PF01304:Gas_vesicle_C,PF08239:SH3_3
DIPPA_28338.mRNA.1	PF00564:PB1,PF13669:Glyoxalase_4
DIPPA_28345.mRNA.1	PF17217:UPA,PF00078:RVT_1,PF17919:RT_RNaseH_2
DIPPA_28347.mRNA.1	PF00589:Phage_integrase,PF00589:Phage_integrase,PF18885:DUF5648
DIPPA_28365.mRNA.1	PF00225:Kinesin,PF16740:SKA2,PF02181:FH2
DIPPA_28369.mRNA.1	PF06918:DUF1280,PF04752:ChaC
DIPPA_28370.mRNA.1	PF00651:BTB,PF00622:SPRY
DIPPA_28374.mRNA.1	PF17217:UPA,PF00078:RVT_1,PF17919:RT_RNaseH_2
DIPPA_28375.mRNA.1	PF13424:TPR_12,PF13424:TPR_12
DIPPA_28378.mRNA.1	PF00589:Phage_integrase,PF00589:Phage_integrase,PF18885:DUF5648
DIPPA_28386.mRNA.1	PF03095:PTPA,PF05335:DUF745,PF05335:DUF745
DIPPA_28401.mRNA.1	PF08046:IlvGEDA_leader,PF08046:IlvGEDA_leader
DIPPA_28403.mRNA.1	PF03929:PepSY_TM,PF21203:ECM10,PF00035:dsrm
DIPPA_28420.mRNA.1	PF15458:NTR2,PF08614:ATG16,PF07842:GCFC,PF07842:GCFC
DIPPA_28425.mRNA.1	PF06918:DUF1280,PF04752:ChaC
DIPPA_28427.mRNA.1	PF06918:DUF1280,PF07768:PVL_ORF50
DIPPA_28438.mRNA.1	PF03995:Inhibitor_I36,PF03995:Inhibitor_I36,PF13688:Reprolysin_5
DIPPA_28449.mRNA.1	PF09723:Zn-ribbon_8,PF03283:PAE
DIPPA_28450.mRNA.1	PF00078:RVT_1,PF17919:RT_RNaseH_2
DIPPA_28451.mRNA.1	PF19172:DUF5854,PF19172:DUF5854,PF19172:DUF5854,PF19172:DUF5854
DIPPA_28454.mRNA.1	PF00027:cNMP_binding,PF00027:cNMP_binding,PF11122:Spore-coat_CotD,PF11122:Spore-coat_CotD
DIPPA_28458.mRNA.1	PF13424:TPR_12,PF13424:TPR_12,PF13424:TPR_12,PF13424:TPR_12
DIPPA_28463.mRNA.1	PF02791:DDT,PF15613:WSD
DIPPA_28463.mRNA.2	PF18052:Rx_N,PF02791:DDT
DIPPA_28488.mRNA.1	PF00078:RVT_1,PF05598:DUF772
DIPPA_28495.mRNA.1	PF02788:RuBisCO_large_N,PF22690:FAS_AT_central
DIPPA_28497.mRNA.1	PF07716:bZIP_2,PF03357:Snf7,PF07716:bZIP_2
DIPPA_28508.mRNA.1	PF06978:POP1_N,PF20069:DUF6465
DIPPA_28509.mRNA.1	PF13385:Laminin_G_3,PF13385:Laminin_G_3,PF13385:Laminin_G_3,PF00024:PAN_1,PF13385:Laminin_G_3,PF00024:PAN_1,PF00024:PAN_1,PF13385:Laminin_G_3,PF00024:PAN_1,PF13385:Laminin_G_3
DIPPA_28509.mRNA.2	PF13385:Laminin_G_3,PF13385:Laminin_G_3,PF13385:Laminin_G_3,PF00024:PAN_1,PF13385:Laminin_G_3,PF00024:PAN_1,PF00024:PAN_1,PF13385:Laminin_G_3,PF00024:PAN_1,PF13385:Laminin_G_3
DIPPA_28515.mRNA.1	PF03961:FapA,PF00313:CSD,PF00313:CSD,PF00313:CSD
DIPPA_28516.mRNA.1	PF00078:RVT_1,PF13966:zf-RVT
DIPPA_28524.mRNA.1	PF00085:Thioredoxin,PF00085:Thioredoxin
DIPPA_28543.mRNA.1	PF06361:RTBV_P12,PF00642:zf-CCCH
DIPPA_28545.mRNA.1	PF00078:RVT_1,PF00078:RVT_1
DIPPA_28553.mRNA.1	PF13428:TPR_14,PF13428:TPR_14,PF13428:TPR_14,PF22802:RsiG
DIPPA_28553.mRNA.2	PF13428:TPR_14,PF13428:TPR_14,PF13428:TPR_14,PF22802:RsiG
DIPPA_28560.mRNA.1	PF00078:RVT_1,PF17917:RT_RNaseH
DIPPA_28564.mRNA.1	PF00075:RNase_H,PF00075:RNase_H
DIPPA_28588.mRNA.1	PF00078:RVT_1,PF00078:RVT_1
DIPPA_28593.mRNA.1	PF07889:DUF1664,PF00397:WW,PF00397:WW,PF00397:WW,PF00397:WW
DIPPA_28594.mRNA.1	PF16808:PKcGMP_CC,PF16808:PKcGMP_CC
DIPPA_28596.mRNA.1	PF22579:Cbm74,PF05057:DUF676
DIPPA_28596.mRNA.2	PF22579:Cbm74,PF05057:DUF676
DIPPA_28605.mRNA.1	PF10551:MULE,PF04434:SWIM,PF02338:OTU,PF08601:PAP1
DIPPA_28606.mRNA.1	PF10551:MULE,PF04434:SWIM,PF02338:OTU,PF08601:PAP1
DIPPA_28607.mRNA.1	PF00075:RNase_H,PF14698:ASL_C2
DIPPA_28616.mRNA.1	PF18409:Plk4_PB2,PF04508:Pox_A_type_inc,PF07889:DUF1664,PF07558:Shugoshin_N,PF07889:DUF1664,PF11839:Alanine_zipper
DIPPA_28627.mRNA.1	PF18439:zf_UBZ,PF00078:RVT_1
DIPPA_28631.mRNA.1	PF00675:Peptidase_M16,PF05193:Peptidase_M16_C
DIPPA_28639.mRNA.1	PF02465:FliD_N,PF02662:FlpD
DIPPA_28646.mRNA.1	PF13432:TPR_16,PF00226:DnaJ
DIPPA_28647.mRNA.1	PF15325:MRI,PF09102:Exotox-A_target
DIPPA_28648.mRNA.1	PF03915:AIP3,PF02662:FlpD
DIPPA_28651.mRNA.1	PF00078:RVT_1,PF17919:RT_RNaseH_2
DIPPA_28666.mRNA.1	PF16131:Torus,PF00642:zf-CCCH,PF16131:Torus
DIPPA_28670.mRNA.1	PF08151:FerI,PF05391:Lsm_interact,PF05391:Lsm_interact,PF05391:Lsm_interact,PF05391:Lsm_interact,PF05391:Lsm_interact,PF05391:Lsm_interact,PF05391:Lsm_interact,PF05391:Lsm_interact
DIPPA_28694.mRNA.1	PF19135:DUF5818,PF19135:DUF5818
DIPPA_28705.mRNA.1	PF00078:RVT_1,PF00078:RVT_1
DIPPA_28706.mRNA.1	PF00078:RVT_1,PF00078:RVT_1
DIPPA_28711.mRNA.1	PF00589:Phage_integrase,PF00589:Phage_integrase,PF18885:DUF5648
DIPPA_28715.mRNA.1	PF13180:PDZ_2,PF13180:PDZ_2
DIPPA_28732.mRNA.1	PF15722:FAM153,PF18005:eIF3m_C_helix,PF18005:eIF3m_C_helix
DIPPA_28733.mRNA.1	PF13180:PDZ_2,PF13180:PDZ_2,PF13180:PDZ_2,PF00130:C1_1
DIPPA_28735.mRNA.1	PF00078:RVT_1,PF17919:RT_RNaseH_2
DIPPA_28761.mRNA.1	PF00059:Lectin_C,PF09297:zf-NADH-PPase,PF09297:zf-NADH-PPase
DIPPA_28773.mRNA.1	PF05589:DUF768,PF05644:Miff
DIPPA_28783.mRNA.1	PF13750:Big_3_3,PF19077:Big_13,PF19077:Big_13
DIPPA_28786.mRNA.1	PF14197:Cep57_CLD_2,PF14197:Cep57_CLD_2,PF00261:Tropomyosin,PF08614:ATG16
DIPPA_28786.mRNA.2	PF00261:Tropomyosin,PF08702:Fib_alpha,PF00261:Tropomyosin
DIPPA_28789.mRNA.1	PF00612:IQ,PF00612:IQ,PF00612:IQ,PF00612:IQ,PF00612:IQ,PF00612:IQ,PF00612:IQ
DIPPA_28791.mRNA.1	PF03094:Mlo,PF03094:Mlo,PF03094:Mlo,PF22586:ANCHR-like_BBOX
DIPPA_28795.mRNA.1	PF05631:MFS_5,PF05631:MFS_5
DIPPA_28798.mRNA.1	PF05598:DUF772,PF00078:RVT_1,PF00078:RVT_1
DIPPA_28799.mRNA.1	PF00078:RVT_1,PF00078:RVT_1
DIPPA_28810.mRNA.1	PF00400:WD40,PF00400:WD40,PF00400:WD40,PF00400:WD40,PF00400:WD40,PF13570:PQQ_3,PF00400:WD40,PF00400:WD40,PF00400:WD40
DIPPA_28816.mRNA.1	PF00075:RNase_H,PF00075:RNase_H
DIPPA_28828.mRNA.1	PF01535:PPR,PF01535:PPR,PF01493:GXGXG
DIPPA_28833.mRNA.1	PF13589:HATPase_c_3,PF08676:MutL_C
DIPPA_28843.mRNA.1	PF01015:Ribosomal_S3Ae,PF12744:ATG19
DIPPA_28844.mRNA.1	PF02892:zf-BED,PF05699:Dimer_Tnp_hAT
DIPPA_28856.mRNA.1	PF20426:NBCH_WD40,PF00627:UBA
DIPPA_28859.mRNA.1	PF11070:DUF2871,PF18172:LepB_GAP_N
DIPPA_28860.mRNA.1	PF00041:fn3,PF03588:Leu_Phe_trans
DIPPA_28863.mRNA.1	PF19857:DUF6332,PF10009:DUF2252
DIPPA_28865.mRNA.1	PF06294:CH_2,PF15188:CCDC-167
DIPPA_28875.mRNA.1	PF02466:Tim17,PF07694:5TM-5TMR_LYT
DIPPA_28882.mRNA.1	PF00078:RVT_1,PF17917:RT_RNaseH
DIPPA_28895.mRNA.1	PF12795:MscS_porin,PF16566:CREPT
DIPPA_28905.mRNA.1	PF00400:WD40,PF00400:WD40,PF00400:WD40
DIPPA_28907.mRNA.1	PF16988:Vps36-NZF-N,PF16988:Vps36-NZF-N,PF13920:zf-C3HC4_3
DIPPA_28907.mRNA.2	PF16988:Vps36-NZF-N,PF16988:Vps36-NZF-N
DIPPA_28907.mRNA.3	PF16988:Vps36-NZF-N,PF16988:Vps36-NZF-N,PF13920:zf-C3HC4_3
DIPPA_28909.mRNA.1	PF05666:Fels1,PF12347:HJURP_C,PF05666:Fels1,PF12347:HJURP_C,PF05666:Fels1,PF12347:HJURP_C,PF12347:HJURP_C
DIPPA_28910.mRNA.1	PF09289:FOLN,PF09289:FOLN,PF09289:FOLN,PF09289:FOLN,PF09289:FOLN,PF09289:FOLN,PF09289:FOLN,PF09289:FOLN,PF09289:FOLN,PF09289:FOLN,PF09289:FOLN,PF09289:FOLN,PF09289:FOLN
DIPPA_28914.mRNA.1	PF01129:ART,PF17820:PDZ_6
DIPPA_28923.mRNA.1	PF03372:Exo_endo_phos,PF20905:ExsD_C
DIPPA_28932.mRNA.1	PF00078:RVT_1,PF00078:RVT_1
DIPPA_28940.mRNA.1	PF10250:O-FucT,PF10250:O-FucT
DIPPA_28942.mRNA.1	PF03472:Autoind_bind,PF16018:Anillin_N
DIPPA_28952.mRNA.1	PF05347:Complex1_LYR,PF05347:Complex1_LYR
DIPPA_28954.mRNA.1	PF13456:RVT_3,PF02456:Adeno_IVa2
DIPPA_28971.mRNA.1	PF22324:HTH_91,PF02229:PC4,PF02229:PC4
DIPPA_28979.mRNA.1	PF13913:zf-C2HC_2,PF19460:DUF5997
DIPPA_28982.mRNA.1	PF13913:zf-C2HC_2,PF19460:DUF5997
DIPPA_28985.mRNA.1	PF01080:Presenilin,PF13842:Tnp_zf-ribbon_2
DIPPA_29000.mRNA.1	PF17092:PCB_OB,PF17092:PCB_OB,PF14604:SH3_9,PF17092:PCB_OB,PF17268:DUF5334,PF17092:PCB_OB,PF22639:Gp18_dom_I,PF17092:PCB_OB,PF17092:PCB_OB,PF17092:PCB_OB,PF13815:Dzip-like_N,PF00096:zf-C2H2
DIPPA_29000.mRNA.2	PF17092:PCB_OB,PF17092:PCB_OB,PF17092:PCB_OB,PF17092:PCB_OB,PF22639:Gp18_dom_I,PF17092:PCB_OB,PF17092:PCB_OB,PF17092:PCB_OB,PF13815:Dzip-like_N,PF00096:zf-C2H2
DIPPA_29003.mRNA.1	PF13041:PPR_2,PF13041:PPR_2,PF13041:PPR_2
DIPPA_29005.mRNA.1	PF08614:ATG16,PF19220:Crescentin
DIPPA_29008.mRNA.1	PF13851:GAS,PF11360:DUF3110,PF21323:KDM5_C-hel
DIPPA_29015.mRNA.1	PF00397:WW,PF00397:WW,PF17638:UL42
DIPPA_29017.mRNA.1	PF03472:Autoind_bind,PF16018:Anillin_N
DIPPA_29032.mRNA.1	PF02777:Sod_Fe_C,PF02777:Sod_Fe_C
DIPPA_29045.mRNA.1	PF12245:Big_3_2,PF00413:Peptidase_M10,PF14200:RicinB_lectin_2
DIPPA_29048.mRNA.1	PF06017:Myosin_TH1,PF02321:OEP
DIPPA_29050.mRNA.1	PF00413:Peptidase_M10,PF14200:RicinB_lectin_2,PF14200:RicinB_lectin_2
DIPPA_29054.mRNA.1	PF16131:Torus,PF16131:Torus
DIPPA_29062.mRNA.1	PF10350:DUF2428,PF09073:BUD22
DIPPA_29063.mRNA.1	PF00413:Peptidase_M10,PF14200:RicinB_lectin_2,PF14200:RicinB_lectin_2
DIPPA_29067.mRNA.1	PF00589:Phage_integrase,PF00078:RVT_1
DIPPA_29068.mRNA.1	PF00078:RVT_1,PF00443:UCH
DIPPA_29082.mRNA.1	PF11953:DUF3470,PF07364:DUF1485,PF03353:Lin-8
DIPPA_29091.mRNA.1	PF00092:VWA,PF00092:VWA
DIPPA_29093.mRNA.1	PF03372:Exo_endo_phos,PF20028:VMAP-C
DIPPA_29108.mRNA.1	PF05598:DUF772,PF00078:RVT_1,PF00078:RVT_1
DIPPA_29109.mRNA.1	PF00078:RVT_1,PF00078:RVT_1
DIPPA_29115.mRNA.1	PF14720:NiFe_hyd_SSU_C,PF12401:FhaA_N,PF15511:CENP-T_C
DIPPA_29118.mRNA.1	PF04184:ST7,PF01753:zf-MYND,PF00856:SET
DIPPA_29119.mRNA.1	PF03472:Autoind_bind,PF11705:RNA_pol_3_Rpc31
DIPPA_29127.mRNA.1	PF08988:T3SS_needle_E,PF00170:bZIP_1
DIPPA_29132.mRNA.1	PF00076:RRM_1,PF00076:RRM_1
DIPPA_29142.mRNA.1	PF01363:FYVE,PF04360:Serglycin
DIPPA_29160.mRNA.1	PF00301:Rubredoxin,PF00301:Rubredoxin,PF00301:Rubredoxin,PF00301:Rubredoxin
DIPPA_29161.mRNA.1	PF10571:UPF0547,PF21639:ORC5_lid
DIPPA_29186.mRNA.1	PF05699:Dimer_Tnp_hAT,PF01590:GAF
DIPPA_29190.mRNA.1	PF06683:DUF1184,PF08651:DASH_Duo1
DIPPA_29191.mRNA.1	PF12937:F-box-like,PF19067:DUF5763
DIPPA_29194.mRNA.1	PF21263:Acyl-CoA-dh_C,PF00078:RVT_1
DIPPA_29196.mRNA.1	PF21042:Stu2_CTS,PF09789:CC149,PF12238:MSA-2c
DIPPA_29198.mRNA.1	PF06626:DUF1152,PF06626:DUF1152
DIPPA_29213.mRNA.1	PF00168:C2,PF00168:C2
DIPPA_29213.mRNA.2	PF00168:C2,PF00168:C2
DIPPA_29218.mRNA.1	PF00078:RVT_1,PF17917:RT_RNaseH
DIPPA_29222.mRNA.1	PF00846:Hanta_nucleocap,PF00211:Guanylate_cyc
DIPPA_29226.mRNA.1	PF13418:Kelch_4,PF13418:Kelch_4,PF01344:Kelch_1,PF00669:Flagellin_N
DIPPA_29233.mRNA.1	PF06757:Ins_allergen_rp,PF13740:ACT_6,PF13740:ACT_6
DIPPA_29234.mRNA.1	PF00078:RVT_1,PF00078:RVT_1
DIPPA_29246.mRNA.1	PF05598:DUF772,PF00078:RVT_1,PF00078:RVT_1
DIPPA_29250.mRNA.1	PF05648:PEX11,PF05648:PEX11
DIPPA_29252.mRNA.1	PF12680:SnoaL_2,PF11743:DUF3301
DIPPA_29256.mRNA.1	PF02493:MORN,PF02493:MORN,PF02493:MORN
DIPPA_29260.mRNA.1	PF00078:RVT_1,PF00078:RVT_1
DIPPA_29263.mRNA.1	PF10571:UPF0547,PF21639:ORC5_lid
DIPPA_29275.mRNA.1	PF13041:PPR_2,PF13041:PPR_2
DIPPA_29292.mRNA.1	PF13465:zf-H2C2_2,PF13465:zf-H2C2_2
DIPPA_29311.mRNA.1	PF15943:YdaS_toxin,PF15943:YdaS_toxin
DIPPA_29324.mRNA.1	PF10015:ThermoDBP-RP_arch,PF00505:HMG_box
DIPPA_29340.mRNA.1	PF20413:BLTP1_N,PF20413:BLTP1_N
DIPPA_29344.mRNA.1	PF12795:MscS_porin,PF00350:Dynamin_N,PF12795:MscS_porin,PF20566:Eap1
DIPPA_29350.mRNA.1	PF13964:Kelch_6,PF21314:TM_ErbB1,PF00415:RCC1,PF00415:RCC1,PF00415:RCC1,PF00415:RCC1,PF00415:RCC1,PF00415:RCC1
DIPPA_29372.mRNA.1	PF16477:DUF5054,PF16477:DUF5054
DIPPA_29379.mRNA.1	PF00289:Biotin_carb_N,PF02786:CPSase_L_D2,PF02785:Biotin_carb_C,PF00682:HMGL-like,PF02436:PYC_OADA,PF00364:Biotin_lipoyl
DIPPA_29382.mRNA.1	PF00467:KOW,PF21202:SLX1_C
DIPPA_29388.mRNA.1	PF00078:RVT_1,PF17919:RT_RNaseH_2
DIPPA_29390.mRNA.1	PF08172:CASP_C,PF17820:PDZ_6,PF17807:zf-UBP_var
DIPPA_29411.mRNA.1	PF06347:SH3_4,PF10411:DsbC_N
DIPPA_29417.mRNA.1	PF00400:WD40,PF00400:WD40,PF14779:BBS1
DIPPA_29447.mRNA.1	PF16523:betaPIX_CC,PF16523:betaPIX_CC,PF02183:HALZ
DIPPA_29453.mRNA.1	PF06247:Plasmod_Pvs28,PF06247:Plasmod_Pvs28,PF01788:PsbJ,PF21784:Bflower
DIPPA_29454.mRNA.1	PF04851:ResIII,PF00271:Helicase_C
DIPPA_29463.mRNA.1	PF02338:OTU,PF03372:Exo_endo_phos
DIPPA_29469.mRNA.1	PF00094:VWD,PF07974:EGF_2,PF00094:VWD,PF07974:EGF_2,PF11021:DUF2613
DIPPA_29484.mRNA.1	PF02535:Zip,PF01529:DHHC
DIPPA_29493.mRNA.1	PF16891:STPPase_N,PF00149:Metallophos
DIPPA_29499.mRNA.1	PF06391:MAT1,PF00642:zf-CCCH,PF18044:zf-CCCH_4
DIPPA_29500.mRNA.1	PF00335:Tetraspanin,PF00335:Tetraspanin,PF03189:Otopetrin
DIPPA_29501.mRNA.1	PF01355:HIPIP,PF01355:HIPIP
DIPPA_29503.mRNA.1	PF07399:Na_H_antiport_3,PF11913:DUF3431
DIPPA_29507.mRNA.1	PF00226:DnaJ,PF07709:SRR,PF04612:T2SSM
DIPPA_29526.mRNA.1	PF02535:Zip,PF00642:zf-CCCH,PF00642:zf-CCCH
DIPPA_29530.mRNA.1	PF05838:Glyco_hydro_108,PF01192:RNA_pol_Rpb6
DIPPA_29531.mRNA.1	PF00589:Phage_integrase,PF00589:Phage_integrase
DIPPA_29547.mRNA.1	PF13415:Kelch_3,PF13415:Kelch_3,PF13415:Kelch_3,PF13415:Kelch_3,PF07646:Kelch_2
DIPPA_29552.mRNA.1	PF01457:Peptidase_M8,PF01457:Peptidase_M8,PF13418:Kelch_4,PF13854:Kelch_5,PF13854:Kelch_5
DIPPA_29557.mRNA.1	PF06017:Myosin_TH1,PF20993:CENPH,PF21924:XRCC4_CC,PF20993:CENPH,PF01302:CAP_GLY
DIPPA_29561.mRNA.1	PF12894:ANAPC4_WD40,PF12894:ANAPC4_WD40,PF07064:RIC1
DIPPA_29566.mRNA.1	PF12072:RNase_Y_N,PF13499:EF-hand_7
DIPPA_29573.mRNA.1	PF00734:CBM_1,PF00734:CBM_1,PF12128:DUF3584
DIPPA_29581.mRNA.1	PF13913:zf-C2HC_2,PF19460:DUF5997
DIPPA_29592.mRNA.1	PF05641:Agenet,PF05641:Agenet,PF00397:WW
DIPPA_29597.mRNA.1	PF17820:PDZ_6,PF07719:TPR_2,PF07719:TPR_2
DIPPA_29613.mRNA.1	PF10571:UPF0547,PF21639:ORC5_lid
DIPPA_29614.mRNA.1	PF12435:DUF3678,PF13286:HD_assoc,PF12435:DUF3678
DIPPA_29618.mRNA.1	PF17820:PDZ_6,PF17820:PDZ_6,PF17820:PDZ_6
DIPPA_29619.mRNA.1	PF04912:Dynamitin,PF04912:Dynamitin
DIPPA_29626.mRNA.1	PF03259:Robl_LC7,PF14559:TPR_19,PF04577:Glyco_transf_61
DIPPA_29629.mRNA.1	PF12773:DZR,PF11969:DcpS_C
DIPPA_29629.mRNA.2	PF12773:DZR,PF11969:DcpS_C
DIPPA_29642.mRNA.1	PF14520:HHH_5,PF11155:DUF2935
DIPPA_29653.mRNA.1	PF03811:Zn_Tnp_IS1,PF00293:NUDIX
DIPPA_29659.mRNA.1	PF17675:APG6_N,PF13600:DUF4140
DIPPA_29662.mRNA.1	PF19985:DUF6421,PF00520:Ion_trans,PF00027:cNMP_binding
DIPPA_29668.mRNA.1	PF02338:OTU,PF03372:Exo_endo_phos
DIPPA_29682.mRNA.1	PF00075:RNase_H,PF00075:RNase_H
DIPPA_29691.mRNA.1	PF05598:DUF772,PF00078:RVT_1,PF00078:RVT_1
DIPPA_29693.mRNA.1	PF19269:Anticodon_2,PF21733:Death_3
DIPPA_29697.mRNA.1	PF03584:Herpes_ICP4_N,PF00078:RVT_1,PF21639:ORC5_lid,PF00078:RVT_1,PF21639:ORC5_lid,PF00078:RVT_1
DIPPA_29700.mRNA.1	PF00270:DEAD,PF00271:Helicase_C,PF04408:HA2_N,PF07717:OB_NTP_bind
DIPPA_29707.mRNA.1	PF00078:RVT_1,PF00078:RVT_1,PF00589:Phage_integrase
DIPPA_29731.mRNA.3	PF12937:F-box-like,PF00643:zf-B_box,PF00643:zf-B_box
DIPPA_29746.mRNA.1	PF13812:PPR_3,PF13812:PPR_3
DIPPA_29748.mRNA.1	PF05605:zf-Di19,PF17842:dsRBD2
DIPPA_29787.mRNA.1	PF00078:RVT_1,PF21803:Nab2-zf4,PF00075:RNase_H
DIPPA_29789.mRNA.1	PF18439:zf_UBZ,PF02389:Cornifin
DIPPA_29790.mRNA.1	PF05598:DUF772,PF00078:RVT_1,PF00078:RVT_1
DIPPA_29791.mRNA.1	PF00078:RVT_1,PF00078:RVT_1
DIPPA_29802.mRNA.1	PF00023:Ank,PF00023:Ank,PF00023:Ank,PF00023:Ank,PF00023:Ank,PF00023:Ank
DIPPA_29804.mRNA.1	PF00023:Ank,PF00023:Ank,PF00023:Ank
DIPPA_29813.mRNA.1	PF06017:Myosin_TH1,PF11548:Receptor_IA-2
DIPPA_29816.mRNA.1	PF04294:VanW,PF04294:VanW
DIPPA_29817.mRNA.1	PF02885:Glycos_trans_3N,PF03705:CheR_N,PF00589:Phage_integrase
DIPPA_29818.mRNA.1	PF00722:Glyco_hydro_16,PF03935:SKN1_KRE6_Sbg1
DIPPA_29832.mRNA.1	PF14555:UBA_4,PF02825:WWE,PF15898:PRKG1_interact
DIPPA_29876.mRNA.1	PF09026:CENP-B_dimeris,PF17820:PDZ_6
DIPPA_29881.mRNA.1	PF13499:EF-hand_7,PF13499:EF-hand_7
DIPPA_29887.mRNA.1	PF04277:OAD_gamma,PF13570:PQQ_3,PF05641:Agenet,PF00400:WD40
DIPPA_29888.mRNA.1	PF00027:cNMP_binding,PF00027:cNMP_binding
DIPPA_29889.mRNA.1	PF07163:Pex26,PF14048:MBD_C
DIPPA_29896.mRNA.1	PF12253:CAF1A,PF08926:DUF1908
DIPPA_29899.mRNA.1	PF22379:MCM10_OB,PF09329:zf-primase,PF15761:IMUP,PF09332:Mcm10
DIPPA_29903.mRNA.1	PF03372:Exo_endo_phos,PF03372:Exo_endo_phos
DIPPA_29916.mRNA.1	PF13424:TPR_12,PF20905:ExsD_C,PF13424:TPR_12,PF12286:DUF3622
DIPPA_29933.mRNA.1	PF01442:Apolipoprotein,PF05957:DUF883
DIPPA_29938.mRNA.1	PF16752:TBCC_N,PF03781:FGE-sulfatase
DIPPA_29943.mRNA.1	PF13868:TPH,PF13868:TPH
DIPPA_29953.mRNA.1	PF13374:TPR_10,PF11130:TraC_F_IV,PF10928:DUF2810
DIPPA_29955.mRNA.1	PF16046:FAM76,PF02535:Zip,PF00397:WW
DIPPA_29962.mRNA.1	PF22812:CR_prot_dom_plant,PF22930:PDXDC1-like_cen
DIPPA_29967.mRNA.1	PF00400:WD40,PF17820:PDZ_6,PF00400:WD40,PF00400:WD40,PF16326:ABC_tran_CTD
DIPPA_29984.mRNA.1	PF00024:PAN_1,PF14295:PAN_4,PF00024:PAN_1,PF00024:PAN_1
DIPPA_29988.mRNA.1	PF21040:CEP104-like_TOG,PF21040:CEP104-like_TOG,PF21040:CEP104-like_TOG
DIPPA_29996.mRNA.1	PF06156:YabA,PF06156:YabA,PF02183:HALZ,PF02183:HALZ,PF07989:Cnn_1N,PF02183:HALZ,PF06156:YabA,PF07989:Cnn_1N,PF06156:YabA,PF13180:PDZ_2,PF13180:PDZ_2,PF17820:PDZ_6
DIPPA_29997.mRNA.1	PF00817:IMS,PF00817:IMS,PF00817:IMS
DIPPA_30040.mRNA.1	PF12773:DZR,PF00641:zf-RanBP,PF00641:zf-RanBP
DIPPA_30040.mRNA.2	PF12773:DZR,PF00641:zf-RanBP,PF00641:zf-RanBP
DIPPA_30046.mRNA.1	PF01764:Lipase_3,PF01926:MMR_HSR1
DIPPA_30048.mRNA.1	PF15619:Lebercilin,PF12329:TMF_DNA_bd
DIPPA_30074.mRNA.1	PF06729:CENP-R,PF06729:CENP-R
DIPPA_30076.mRNA.1	PF13977:TetR_C_6,PF13977:TetR_C_6
DIPPA_30078.mRNA.1	PF12139:APS-reductase_C,PF12139:APS-reductase_C,PF13248:zf-ribbon_3,PF00226:DnaJ
DIPPA_30080.mRNA.1	PF07719:TPR_2,PF13428:TPR_14
DIPPA_30083.mRNA.1	PF09787:Golgin_A5,PF15456:Uds1
DIPPA_30084.mRNA.1	PF15898:PRKG1_interact,PF15898:PRKG1_interact,PF15898:PRKG1_interact
DIPPA_30092.mRNA.1	PF02828:L27,PF00254:FKBP_C
DIPPA_30107.mRNA.1	PF14851:FAM176,PF04931:DNA_pol_phi
DIPPA_30115.mRNA.1	PF20352:DUF6647,PF11941:DUF3459
DIPPA_30117.mRNA.1	PF13499:EF-hand_7,PF01129:ART,PF03496:ADPrib_exo_Tox
DIPPA_30117.mRNA.2	PF13499:EF-hand_7,PF06972:GIP1_N
DIPPA_30120.mRNA.1	PF13445:zf-RING_UBOX,PF00533:BRCT
DIPPA_30121.mRNA.1	PF13041:PPR_2,PF13041:PPR_2,PF01535:PPR
DIPPA_30136.mRNA.1	PF12937:F-box-like,PF11282:DUF3082,PF06210:DUF1003
DIPPA_30137.mRNA.1	PF14214:Helitron_like_N,PF14634:zf-RING_5
DIPPA_30146.mRNA.1	PF08172:CASP_C,PF08172:CASP_C
DIPPA_30150.mRNA.1	PF01096:TFIIS_C,PF21911:PG_1098_N,PF21911:PG_1098_N,PF21911:PG_1098_N
DIPPA_30154.mRNA.1	PF04810:zf-Sec23_Sec24,PF04811:Sec23_trunk,PF08033:Sec23_BS,PF04815:Sec23_helical,PF00626:Gelsolin
DIPPA_30155.mRNA.1	PF04048:Sec8_N,PF13851:GAS,PF16457:PH_12
DIPPA_30166.mRNA.1	PF13240:zinc_ribbon_2,PF17820:PDZ_6
DIPPA_30175.mRNA.1	PF06008:Laminin_I,PF15841:TMEM239,PF15841:TMEM239
DIPPA_30181.mRNA.1	PF00611:FCH,PF00611:FCH
DIPPA_30187.mRNA.1	PF20102:DUF6492,PF20102:DUF6492
DIPPA_30198.mRNA.1	PF06013:WXG100,PF15062:ARL6IP6
DIPPA_30205.mRNA.1	PF02830:V4R,PF06143:Baculo_11_kDa
DIPPA_30205.mRNA.2	PF02830:V4R,PF06143:Baculo_11_kDa
DIPPA_30208.mRNA.1	PF01697:Glyco_transf_92,PF14295:PAN_4
DIPPA_30210.mRNA.1	PF13385:Laminin_G_3,PF13385:Laminin_G_3
DIPPA_30220.mRNA.1	PF13160:DUF3995,PF13160:DUF3995,PF01080:Presenilin
DIPPA_30250.mRNA.1	PF05432:BSP_II,PF19056:WD40_2
DIPPA_30254.mRNA.1	PF13424:TPR_12,PF13424:TPR_12,PF13424:TPR_12,PF13424:TPR_12,PF13424:TPR_12
DIPPA_30262.mRNA.1	PF16216:GxGYxYP_N,PF20958:GxGYxYP_N_3rd,PF14323:GxGYxYP_C
DIPPA_30263.mRNA.1	PF07163:Pex26,PF14658:EF-hand_9
DIPPA_30283.mRNA.1	PF06320:GCN5L1,PF00573:Ribosomal_L4
DIPPA_30299.mRNA.1	PF00612:IQ,PF00612:IQ,PF00382:TFIIB,PF00612:IQ,PF00612:IQ,PF00612:IQ,PF00612:IQ,PF00612:IQ,PF00612:IQ,PF00612:IQ,PF00612:IQ,PF00612:IQ,PF00612:IQ,PF01062:Bestrophin
DIPPA_30299.mRNA.2	PF00612:IQ,PF00612:IQ,PF00382:TFIIB,PF00612:IQ,PF00612:IQ,PF00612:IQ,PF00612:IQ,PF00612:IQ,PF00612:IQ,PF00612:IQ,PF00612:IQ,PF00612:IQ,PF00612:IQ,PF01062:Bestrophin
DIPPA_30302.mRNA.1	PF01442:Apolipoprotein,PF06436:Pneumovirus_M2,PF06600:DUF1140
DIPPA_30302.mRNA.2	PF01442:Apolipoprotein,PF06436:Pneumovirus_M2,PF06600:DUF1140
DIPPA_30309.mRNA.1	PF21739:DUF6866_N,PF21739:DUF6866_N
DIPPA_30313.mRNA.1	PF13456:RVT_3,PF00400:WD40,PF00400:WD40
DIPPA_30321.mRNA.1	PF12325:TMF_TATA_bd,PF12325:TMF_TATA_bd,PF12325:TMF_TATA_bd,PF12325:TMF_TATA_bd
DIPPA_30321.mRNA.2	PF12325:TMF_TATA_bd,PF12325:TMF_TATA_bd,PF12325:TMF_TATA_bd,PF12325:TMF_TATA_bd
DIPPA_30321.mRNA.3	PF12325:TMF_TATA_bd,PF12325:TMF_TATA_bd,PF12325:TMF_TATA_bd,PF12325:TMF_TATA_bd
DIPPA_30323.mRNA.1	PF01363:FYVE,PF00013:KH_1
DIPPA_30333.mRNA.1	PF18346:SH3_15,PF18346:SH3_15,PF20297:MSSS,PF18346:SH3_15
DIPPA_30333.mRNA.2	PF18346:SH3_15,PF18346:SH3_15,PF20297:MSSS,PF18346:SH3_15
DIPPA_30337.mRNA.1	PF02845:CUE,PF00350:Dynamin_N,PF05304:DUF728
DIPPA_30344.mRNA.1	PF20297:MSSS,PF20297:MSSS,PF20297:MSSS
DIPPA_30344.mRNA.2	PF20297:MSSS,PF20297:MSSS,PF20297:MSSS
DIPPA_30348.mRNA.1	PF10294:Methyltransf_16,PF10294:Methyltransf_16
DIPPA_30349.mRNA.1	PF21722:Gly_rich_2,PF21722:Gly_rich_2
DIPPA_30350.mRNA.1	PF08265:YL1_C,PF13920:zf-C3HC4_3
DIPPA_30355.mRNA.1	PF00646:F-box,PF01753:zf-MYND
DIPPA_30361.mRNA.1	PF07660:STN,PF01476:LysM
DIPPA_30365.mRNA.1	PF00036:EF-hand_1,PF00036:EF-hand_1
DIPPA_30375.mRNA.1	PF09423:PhoD,PF09423:PhoD
DIPPA_30382.mRNA.1	PF12714:TILa,PF12714:TILa,PF12714:TILa
DIPPA_30382.mRNA.2	PF12714:TILa,PF12714:TILa
DIPPA_30382.mRNA.3	PF12714:TILa,PF12714:TILa
DIPPA_30383.mRNA.1	PF04612:T2SSM,PF19083:DUF5774
DIPPA_30384.mRNA.1	PF14914:LRRC37AB_C,PF14443:DBC1
DIPPA_30389.mRNA.1	PF13424:TPR_12,PF13424:TPR_12
DIPPA_30395.mRNA.1	PF13874:Nup54,PF02346:Vac_Fusion
DIPPA_30397.mRNA.1	PF14200:RicinB_lectin_2,PF14200:RicinB_lectin_2,PF14200:RicinB_lectin_2,PF14200:RicinB_lectin_2,PF14200:RicinB_lectin_2
DIPPA_30403.mRNA.1	PF15387:DUF4611,PF04931:DNA_pol_phi,PF13249:SQHop_cyclase_N
DIPPA_30406.mRNA.1	PF07956:DUF1690,PF10482:CtIP_N,PF22575:Vir1p
DIPPA_30406.mRNA.2	PF07956:DUF1690,PF22575:Vir1p
DIPPA_30416.mRNA.1	PF00072:Response_reg,PF07454:SpoIIP
DIPPA_30418.mRNA.1	PF07498:Rho_N,PF19695:DUF6195,PF19695:DUF6195
DIPPA_30420.mRNA.1	PF21904:CAND6-7_N,PF06814:GOST_TM
DIPPA_30443.mRNA.1	PF09787:Golgin_A5,PF09787:Golgin_A5
DIPPA_30447.mRNA.1	PF13516:LRR_6,PF00560:LRR_1,PF13499:EF-hand_7
DIPPA_30448.mRNA.1	PF13516:LRR_6,PF17739:DUF5576,PF12375:DUF3653
DIPPA_30449.mRNA.1	PF14303:NAM-associated,PF14303:NAM-associated
DIPPA_30458.mRNA.1	PF15451:DUF4632,PF19460:DUF5997,PF00078:RVT_1
DIPPA_30479.mRNA.1	PF18595:Nuf2_DHR10-like,PF05641:Agenet,PF05641:Agenet
DIPPA_30488.mRNA.1	PF21375:POT1_C_insert,PF21375:POT1_C_insert,PF00589:Phage_integrase
DIPPA_30494.mRNA.1	PF04360:Serglycin,PF05598:DUF772,PF00078:RVT_1,PF00078:RVT_1
DIPPA_30502.mRNA.1	PF00078:RVT_1,PF17917:RT_RNaseH
DIPPA_30513.mRNA.1	PF04615:Utp14,PF03372:Exo_endo_phos,PF00078:RVT_1,PF12906:RINGv
DIPPA_30518.mRNA.1	PF18044:zf-CCCH_4,PF14608:zf-CCCH_2,PF00096:zf-C2H2
DIPPA_30534.mRNA.1	PF02862:DDHD,PF01485:IBR
DIPPA_30542.mRNA.1	PF16808:PKcGMP_CC,PF16808:PKcGMP_CC,PF16808:PKcGMP_CC,PF16808:PKcGMP_CC,PF16808:PKcGMP_CC,PF00300:His_Phos_1
DIPPA_30544.mRNA.1	PF12796:Ank_2,PF00023:Ank,PF00023:Ank,PF12796:Ank_2,PF00023:Ank,PF00023:Ank
DIPPA_30551.mRNA.1	PF01080:Presenilin,PF00754:F5_F8_type_C,PF00754:F5_F8_type_C
DIPPA_30551.mRNA.2	PF01080:Presenilin,PF00754:F5_F8_type_C
DIPPA_30570.mRNA.1	PF01547:SBP_bac_1,PF21970:HOXB-AS3
DIPPA_30582.mRNA.2	PF12796:Ank_2,PF12796:Ank_2
DIPPA_30588.mRNA.1	PF01547:SBP_bac_1,PF10643:Cytochrome-c551
DIPPA_30595.mRNA.1	PF00611:FCH,PF00611:FCH
DIPPA_30609.mRNA.1	PF03456:uDENN,PF03456:uDENN
DIPPA_30610.mRNA.1	PF01055:Glyco_hydro_31_2nd,PF21365:Glyco_hydro_31_3rd,PF17137:DUF5110,PF14295:PAN_4
DIPPA_30640.mRNA.1	PF00096:zf-C2H2,PF21823:MUCL1
DIPPA_30646.mRNA.1	PF00672:HAMP,PF00211:Guanylate_cyc
DIPPA_30657.mRNA.1	PF04646:DUF604,PF04646:DUF604
DIPPA_30661.mRNA.1	PF04977:DivIC,PF20244:DUF6599
DIPPA_30666.mRNA.1	PF00076:RRM_1,PF00076:RRM_1
DIPPA_30667.mRNA.1	PF12937:F-box-like,PF11998:DUF3493
DIPPA_30667.mRNA.2	PF12937:F-box-like,PF11998:DUF3493
DIPPA_30676.mRNA.1	PF21961:AppA_4HB,PF21961:AppA_4HB
DIPPA_30682.mRNA.1	PF00078:RVT_1,PF03472:Autoind_bind,PF16018:Anillin_N
DIPPA_30687.mRNA.1	PF04178:Got1,PF10003:DUF2244
DIPPA_30690.mRNA.1	PF02205:WH2,PF02205:WH2
DIPPA_30690.mRNA.2	PF02205:WH2,PF02205:WH2
DIPPA_30702.mRNA.1	PF12479:DUF3698,PF08614:ATG16
DIPPA_30707.mRNA.1	PF13499:EF-hand_7,PF13499:EF-hand_7
DIPPA_30710.mRNA.1	PF15905:HMMR_N,PF00169:PH
DIPPA_30733.mRNA.1	PF00078:RVT_1,PF17917:RT_RNaseH
DIPPA_30740.mRNA.1	PF13901:RH_dom,PF09073:BUD22
DIPPA_30748.mRNA.1	PF01080:Presenilin,PF03107:C1_2
DIPPA_30767.mRNA.1	PF02055:Glyco_hydro_30,PF17189:Glyco_hydro_30C
DIPPA_30770.mRNA.1	PF18439:zf_UBZ,PF06708:DUF1195,PF12773:DZR
DIPPA_30775.mRNA.1	PF12700:HlyD_2,PF10473:CENP-F_leu_zip,PF05359:DUF748
DIPPA_30781.mRNA.1	PF01650:Peptidase_C13,PF01650:Peptidase_C13
DIPPA_30791.mRNA.1	PF15789:Hyr1,PF15789:Hyr1,PF00704:Glyco_hydro_18
DIPPA_30801.mRNA.1	PF22834:Polo_box_4,PF12340:DUF3638
DIPPA_30811.mRNA.1	PF22834:Polo_box_4,PF12340:DUF3638
DIPPA_30816.mRNA.1	PF22834:Polo_box_4,PF12340:DUF3638
DIPPA_30823.mRNA.1	PF00754:F5_F8_type_C,PF15086:UPF0542
DIPPA_30841.mRNA.1	PF08581:Tup_N,PF08581:Tup_N,PF20904:ExsD_M
DIPPA_30846.mRNA.1	PF13290:CHB_HEX_C_1,PF13290:CHB_HEX_C_1,PF13290:CHB_HEX_C_1
DIPPA_30851.mRNA.1	PF13432:TPR_16,PF13432:TPR_16
DIPPA_30867.mRNA.1	PF00075:RNase_H,PF00075:RNase_H
DIPPA_30881.mRNA.1	PF04119:HSP9_HSP12,PF04119:HSP9_HSP12,PF04119:HSP9_HSP12,PF04119:HSP9_HSP12
DIPPA_30888.mRNA.1	PF07808:RED_N,PF07808:RED_N
DIPPA_30897.mRNA.1	PF18077:DUF5595,PF09290:AcetDehyd-dimer,PF13180:PDZ_2
DIPPA_30898.mRNA.1	PF00038:Filament,PF02183:HALZ,PF07989:Cnn_1N,PF02183:HALZ,PF02183:HALZ,PF00038:Filament,PF00038:Filament
DIPPA_30901.mRNA.1	PF17217:UPA,PF00078:RVT_1,PF17919:RT_RNaseH_2
DIPPA_30908.mRNA.1	PF00291:PALP,PF00585:Thr_dehydrat_C,PF00585:Thr_dehydrat_C
DIPPA_30919.mRNA.1	PF04627:ATP-synt_Eps,PF17919:RT_RNaseH_2
DIPPA_30939.mRNA.1	PF02338:OTU,PF10275:Peptidase_C65
DIPPA_30945.mRNA.1	PF04360:Serglycin,PF05598:DUF772,PF00078:RVT_1,PF00078:RVT_1
DIPPA_30947.mRNA.1	PF00078:RVT_1,PF00078:RVT_1
DIPPA_30948.mRNA.1	PF02535:Zip,PF03706:LPG_synthase_TM,PF13922:PHD_3,PF04592:SelP_N
DIPPA_30961.mRNA.1	PF18112:Zn-C2H2_12,PF00627:UBA
DIPPA_30965.mRNA.1	PF00024:PAN_1,PF00024:PAN_1,PF00024:PAN_1,PF00024:PAN_1,PF00024:PAN_1,PF00024:PAN_1,PF00024:PAN_1,PF00024:PAN_1,PF00024:PAN_1,PF00024:PAN_1
DIPPA_30966.mRNA.1	PF13385:Laminin_G_3,PF13385:Laminin_G_3,PF13599:Pentapeptide_4,PF13599:Pentapeptide_4,PF13599:Pentapeptide_4,PF13599:Pentapeptide_4,PF13599:Pentapeptide_4
DIPPA_30978.mRNA.1	PF18439:zf_UBZ,PF02389:Cornifin
DIPPA_30988.mRNA.1	PF00589:Phage_integrase,PF00078:RVT_1
DIPPA_30992.mRNA.1	PF00400:WD40,PF14915:CCDC144C,PF14915:CCDC144C
DIPPA_30996.mRNA.1	PF10516:SHNi-TPR,PF07544:Med9
DIPPA_31009.mRNA.1	PF15133:TASL,PF00642:zf-CCCH
DIPPA_31023.mRNA.1	PF07004:SHIPPO-rpt,PF07004:SHIPPO-rpt,PF07004:SHIPPO-rpt,PF07004:SHIPPO-rpt,PF07004:SHIPPO-rpt
DIPPA_31043.mRNA.1	PF22993:EPH_SAM,PF13870:DUF4201,PF08614:ATG16,PF16559:GIT_CC
DIPPA_31060.mRNA.1	PF07004:SHIPPO-rpt,PF07004:SHIPPO-rpt
DIPPA_31076.mRNA.1	PF04186:FxsA,PF13424:TPR_12,PF00612:IQ,PF00612:IQ,PF00612:IQ,PF00612:IQ
DIPPA_31089.mRNA.1	PF06032:DUF917,PF12329:TMF_DNA_bd
DIPPA_31095.mRNA.1	PF14362:DUF4407,PF06818:Fez1,PF14608:zf-CCCH_2
DIPPA_31110.mRNA.1	PF17917:RT_RNaseH,PF13974:YebO
DIPPA_31113.mRNA.1	PF02892:zf-BED,PF05699:Dimer_Tnp_hAT
DIPPA_31129.mRNA.1	PF00734:CBM_1,PF00734:CBM_1,PF12128:DUF3584
DIPPA_31130.mRNA.1	PF00075:RNase_H,PF04810:zf-Sec23_Sec24
DIPPA_31132.mRNA.1	PF00075:RNase_H,PF14698:ASL_C2,PF13467:RHH_4
DIPPA_31141.mRNA.1	PF00078:RVT_1,PF05598:DUF772
DIPPA_31142.mRNA.1	PF07498:Rho_N,PF19695:DUF6195,PF19695:DUF6195
DIPPA_31156.mRNA.1	PF04403:PqiA,PF04403:PqiA
DIPPA_31158.mRNA.1	PF21419:RoxA-like_Cyt-c,PF21419:RoxA-like_Cyt-c,PF21419:RoxA-like_Cyt-c
DIPPA_31160.mRNA.1	PF13041:PPR_2,PF13041:PPR_2,PF13041:PPR_2
DIPPA_31162.mRNA.1	PF04403:PqiA,PF04403:PqiA
DIPPA_31164.mRNA.1	PF13443:HTH_26,PF13443:HTH_26
DIPPA_31169.mRNA.1	PF12355:Dscam_C,PF10241:KxDL
DIPPA_31177.mRNA.1	PF04403:PqiA,PF04403:PqiA
DIPPA_31179.mRNA.1	PF22216:Sas-6_C_CC,PF22216:Sas-6_C_CC
DIPPA_31188.mRNA.1	PF14214:Helitron_like_N,PF09538:FYDLN_acid
DIPPA_31198.mRNA.1	PF17917:RT_RNaseH,PF13974:YebO
DIPPA_31201.mRNA.1	PF00078:RVT_1,PF00078:RVT_1
DIPPA_31205.mRNA.1	PF04627:ATP-synt_Eps,PF17919:RT_RNaseH_2
DIPPA_31211.mRNA.1	PF12033:DUF3519,PF21928:XLF_CC
DIPPA_31213.mRNA.1	PF04360:Serglycin,PF05598:DUF772,PF00078:RVT_1,PF00078:RVT_1
DIPPA_31224.mRNA.2	PF07059:EDR2_C,PF20678:HV_Gp350_C-term
DIPPA_31225.mRNA.1	PF02817:E3_binding,PF20524:DUF6739
DIPPA_31226.mRNA.1	PF05598:DUF772,PF00078:RVT_1,PF00078:RVT_1
DIPPA_31228.mRNA.1	PF09787:Golgin_A5,PF19191:HEF_HK,PF09787:Golgin_A5,PF09787:Golgin_A5,PF09787:Golgin_A5
DIPPA_31229.mRNA.1	PF12708:Pectate_lyase_3,PF12708:Pectate_lyase_3,PF12708:Pectate_lyase_3
DIPPA_31237.mRNA.1	PF01535:PPR,PF01535:PPR
DIPPA_31239.mRNA.1	PF18394:TBK1_CCD1,PF05739:SNARE
DIPPA_31247.mRNA.1	PF22137:T6SS_Tle1-like_C,PF22137:T6SS_Tle1-like_C
DIPPA_31251.mRNA.1	PF00084:Sushi,PF00084:Sushi,PF16001:DUF4775
DIPPA_31252.mRNA.1	PF14073:Cep57_CLD,PF05667:CCDC22_CC
DIPPA_31253.mRNA.1	PF00084:Sushi,PF00084:Sushi,PF21314:TM_ErbB1
DIPPA_31255.mRNA.1	PF13180:PDZ_2,PF08239:SH3_3
DIPPA_31255.mRNA.2	PF13180:PDZ_2,PF08239:SH3_3
DIPPA_31255.mRNA.3	PF13180:PDZ_2,PF08239:SH3_3
DIPPA_31255.mRNA.4	PF13180:PDZ_2,PF08239:SH3_3
DIPPA_31275.mRNA.1	PF06112:Herpes_capsid,PF00040:fn2,PF11051:Mannosyl_trans3,PF06112:Herpes_capsid
DIPPA_31278.mRNA.1	PF00092:VWA,PF00092:VWA,PF00092:VWA,PF00092:VWA,PF00092:VWA,PF00092:VWA,PF00092:VWA,PF00092:VWA,PF00092:VWA,PF00092:VWA,PF00092:VWA,PF00092:VWA,PF00092:VWA,PF00092:VWA,PF00092:VWA,PF00092:VWA
DIPPA_31281.mRNA.1	PF01129:ART,PF05729:NACHT,PF00805:Pentapeptide,PF12894:ANAPC4_WD40,PF00400:WD40,PF00400:WD40,PF00400:WD40
DIPPA_31281.mRNA.2	PF01129:ART,PF05729:NACHT,PF00805:Pentapeptide
DIPPA_31285.mRNA.1	PF01697:Glyco_transf_92,PF00024:PAN_1
DIPPA_31299.mRNA.1	PF00076:RRM_1,PF10351:FMP27-BLTP2_C
DIPPA_31305.mRNA.1	PF19893:DUF6366,PF20882:Sos7,PF19893:DUF6366
DIPPA_31317.mRNA.1	PF17903:KH_8,PF22891:KH_PNO1_2nd
DIPPA_31320.mRNA.1	PF19030:TSP1_ADAMTS,PF10814:CwsA
DIPPA_31322.mRNA.1	PF07291:MauE,PF07291:MauE
DIPPA_31324.mRNA.2	PF08614:ATG16,PF10392:COG5_N
DIPPA_31334.mRNA.1	PF11461:RILP,PF11559:ADIP,PF16654:DAPDH_C,PF11559:ADIP
DIPPA_31335.mRNA.1	PF04931:DNA_pol_phi,PF02037:SAP
DIPPA_31338.mRNA.1	PF00076:RRM_1,PF00076:RRM_1
DIPPA_31343.mRNA.1	PF00036:EF-hand_1,PF00036:EF-hand_1,PF00400:WD40,PF00400:WD40
DIPPA_31345.mRNA.1	PF12690:BsuPI,PF12690:BsuPI,PF00092:VWA,PF00092:VWA
DIPPA_31350.mRNA.1	PF12690:BsuPI,PF12690:BsuPI,PF00092:VWA
DIPPA_31352.mRNA.1	PF00589:Phage_integrase,PF18885:DUF5648
DIPPA_31353.mRNA.1	PF12690:BsuPI,PF12690:BsuPI,PF00092:VWA
DIPPA_31358.mRNA.1	PF04004:Leo1,PF00092:VWA
DIPPA_31362.mRNA.1	PF00092:VWA,PF00092:VWA,PF07974:EGF_2
DIPPA_31364.mRNA.1	PF00536:SAM_1,PF18346:SH3_15,PF08239:SH3_3,PF08239:SH3_3,PF08239:SH3_3,PF08239:SH3_3,PF08239:SH3_3
DIPPA_31371.mRNA.1	PF00078:RVT_1,PF00078:RVT_1
DIPPA_31375.mRNA.1	PF15387:DUF4611,PF13249:SQHop_cyclase_N
DIPPA_31395.mRNA.1	PF02724:CDC45,PF03221:HTH_Tnp_Tc5,PF03184:DDE_1,PF02178:AT_hook
DIPPA_31406.mRNA.1	PF07974:EGF_2,PF07974:EGF_2,PF13385:Laminin_G_3,PF00730:HhH-GPD,PF22251:PFF1_TM
DIPPA_31412.mRNA.1	PF17917:RT_RNaseH,PF00336:DNA_pol_viral_C
DIPPA_31417.mRNA.1	PF15604:Ntox15,PF15604:Ntox15,PF15604:Ntox15
DIPPA_31441.mRNA.1	PF01705:CX,PF01705:CX
DIPPA_31448.mRNA.1	PF00075:RNase_H,PF00075:RNase_H
DIPPA_31450.mRNA.1	PF16046:FAM76,PF16046:FAM76,PF07321:YscO
DIPPA_31456.mRNA.1	PF03221:HTH_Tnp_Tc5,PF15249:GLTSCR1
DIPPA_31474.mRNA.1	PF11629:Mst1_SARAH,PF06156:YabA
DIPPA_31476.mRNA.1	PF16016:VASt,PF03609:EII-Sor,PF03153:TFIIA
DIPPA_31479.mRNA.1	PF11983:FtsA_C,PF22038:PRC2_EED_ins,PF00626:Gelsolin,PF00626:Gelsolin
DIPPA_31490.mRNA.1	PF18042:ORF_12_N,PF14916:CCDC92
DIPPA_31509.mRNA.1	PF13424:TPR_12,PF13424:TPR_12,PF22883:Consortin_N
DIPPA_31512.mRNA.1	PF16183:Kinesin_assoc,PF16183:Kinesin_assoc
DIPPA_31519.mRNA.1	PF13565:HTH_32,PF02037:SAP
DIPPA_31527.mRNA.1	PF18256:HscB_4_cys,PF18256:HscB_4_cys,PF05308:Mito_fiss_reg,PF20209:DUF6570,PF05308:Mito_fiss_reg
DIPPA_31552.mRNA.1	PF13913:zf-C2HC_2,PF19460:DUF5997
DIPPA_31554.mRNA.1	PF14122:YokU,PF14122:YokU
DIPPA_31555.mRNA.1	PF09243:Rsm22,PF09243:Rsm22,PF09243:Rsm22
DIPPA_31564.mRNA.1	PF21217:PaaA2,PF10571:UPF0547,PF21639:ORC5_lid
DIPPA_31574.mRNA.1	PF00078:RVT_1,PF00078:RVT_1
DIPPA_31576.mRNA.1	PF02338:OTU,PF03372:Exo_endo_phos
DIPPA_31584.mRNA.1	PF13901:RH_dom,PF09073:BUD22
DIPPA_31590.mRNA.1	PF16451:bCoV_S1_N,PF02601:Exonuc_VII_L
DIPPA_31625.mRNA.1	PF00069:Pkinase,PF00069:Pkinase
DIPPA_31629.mRNA.1	PF03372:Exo_endo_phos,PF20905:ExsD_C
DIPPA_31642.mRNA.1	PF22628:zf-CCCH_10,PF15663:zf-CCCH_3
DIPPA_31650.mRNA.1	PF08954:Trimer_CC,PF16326:ABC_tran_CTD
DIPPA_31651.mRNA.3	PF08433:KTI12,PF06428:Sec2p
DIPPA_31658.mRNA.1	PF01547:SBP_bac_1,PF06687:SUR7,PF06687:SUR7
DIPPA_31667.mRNA.1	PF01764:Lipase_3,PF10584:Proteasome_A_N
DIPPA_31691.mRNA.1	PF17820:PDZ_6,PF00842:Ala_racemase_C,PF00787:PX
DIPPA_31702.mRNA.1	PF21848:DUF6907,PF21848:DUF6907
DIPPA_31705.mRNA.1	PF19685:DUF6187,PF03153:TFIIA
DIPPA_31719.mRNA.1	PF08614:ATG16,PF16459:Phage_TAC_13
DIPPA_31720.mRNA.1	PF17272:DUF5337,PF17272:DUF5337
DIPPA_31727.mRNA.1	PF12732:YtxH,PF03909:BSD,PF12732:YtxH
DIPPA_31740.mRNA.1	PF10174:Cast,PF00261:Tropomyosin,PF16619:SUIM_assoc,PF10174:Cast,PF01402:RHH_1
DIPPA_31742.mRNA.1	PF17681:GCP_N_terminal,PF04130:GCP_C_terminal,PF05887:Trypan_PARP,PF04130:GCP_C_terminal
DIPPA_31743.mRNA.1	PF02825:WWE,PF00533:BRCT
DIPPA_31748.mRNA.1	PF00588:SpoU_methylase,PF00588:SpoU_methylase
DIPPA_31754.mRNA.1	PF19893:DUF6366,PF20882:Sos7,PF19893:DUF6366
DIPPA_31763.mRNA.1	PF07691:PA14,PF07691:PA14,PF07691:PA14
DIPPA_31769.mRNA.1	PF07691:PA14,PF07691:PA14,PF07691:PA14,PF07691:PA14
DIPPA_31774.mRNA.1	PF01712:dNK,PF12937:F-box-like
DIPPA_31783.mRNA.1	PF14347:DUF4399,PF07691:PA14,PF00754:F5_F8_type_C
DIPPA_31783.mRNA.2	PF14347:DUF4399,PF07691:PA14,PF00754:F5_F8_type_C
DIPPA_31792.mRNA.1	PF03153:TFIIA,PF00397:WW
DIPPA_31805.mRNA.1	PF15761:IMUP,PF14316:DUF4381
DIPPA_31809.mRNA.1	PF22470:Histone_HNS_N,PF22470:Histone_HNS_N
DIPPA_31835.mRNA.1	PF06320:GCN5L1,PF00573:Ribosomal_L4
DIPPA_31837.mRNA.1	PF15387:DUF4611,PF04931:DNA_pol_phi,PF13249:SQHop_cyclase_N
DIPPA_31843.mRNA.1	PF16619:SUIM_assoc,PF16619:SUIM_assoc,PF05994:FragX_IP
DIPPA_31854.mRNA.1	PF12690:BsuPI,PF14200:RicinB_lectin_2,PF14200:RicinB_lectin_2,PF14200:RicinB_lectin_2,PF14200:RicinB_lectin_2,PF13385:Laminin_G_3
DIPPA_31860.mRNA.1	PF05205:COMPASS-Shg1,PF18616:CdiI_3,PF00078:RVT_1
DIPPA_31862.mRNA.1	PF19491:DUF6026,PF01166:TSC22
DIPPA_31865.mRNA.1	PF05557:MAD,PF20681:DUF6818,PF05791:Bacillus_HBL
DIPPA_31869.mRNA.1	PF20310:HTH_Tnp_2,PF18035:Bap31_Bap29_C,PF09106:SelB-wing_2,PF09106:SelB-wing_2
DIPPA_31870.mRNA.2	PF09134:Invasin_D3,PF09134:Invasin_D3,PF09134:Invasin_D3
DIPPA_31875.mRNA.1	PF13041:PPR_2,PF13041:PPR_2,PF13041:PPR_2
DIPPA_31886.mRNA.1	PF00376:MerR,PF00376:MerR
DIPPA_31898.mRNA.1	PF01142:TruD,PF01142:TruD,PF21853:DUF6912
DIPPA_31903.mRNA.1	PF21924:XRCC4_CC,PF17203:sCache_3_2,PF21909:USP_UIM_N,PF21909:USP_UIM_N
DIPPA_31903.mRNA.2	PF21924:XRCC4_CC,PF17203:sCache_3_2,PF21909:USP_UIM_N,PF21909:USP_UIM_N
DIPPA_31903.mRNA.3	PF21924:XRCC4_CC,PF17203:sCache_3_2,PF21909:USP_UIM_N,PF21909:USP_UIM_N
DIPPA_31904.mRNA.1	PF00211:Guanylate_cyc,PF00211:Guanylate_cyc,PF13191:AAA_16
DIPPA_31906.mRNA.1	PF03094:Mlo,PF03094:Mlo,PF00643:zf-B_box
DIPPA_31914.mRNA.1	PF01129:ART,PF14362:DUF4407,PF06818:Fez1
DIPPA_31921.mRNA.1	PF00621:RhoGEF,PF00169:PH
DIPPA_31922.mRNA.1	PF03040:CemA,PF04102:SlyX,PF22653:DUF7007
DIPPA_31925.mRNA.1	PF10565:NMDAR2_C,PF03872:RseA_N,PF10565:NMDAR2_C
DIPPA_31926.mRNA.1	PF09851:SHOCT,PF09851:SHOCT
DIPPA_31932.mRNA.1	PF14028:Lant_dehydr_C,PF14559:TPR_19,PF00856:SET
DIPPA_31935.mRNA.1	PF03107:C1_2,PF19938:DUF6400,PF03245:Phage_lysis
DIPPA_31939.mRNA.1	PF21827:New_glue,PF07572:BCNT
DIPPA_31943.mRNA.1	PF10551:MULE,PF04434:SWIM,PF02338:OTU,PF08601:PAP1
DIPPA_31948.mRNA.1	PF19565:DUF6087,PF19565:DUF6087
DIPPA_31949.mRNA.1	PF13913:zf-C2HC_2,PF19460:DUF5997
DIPPA_31954.mRNA.1	PF13646:HEAT_2,PF13646:HEAT_2
DIPPA_31956.mRNA.1	PF16635:APC_u14,PF16635:APC_u14
DIPPA_31957.mRNA.1	PF11598:COMP,PF03564:DUF1759
DIPPA_31972.mRNA.1	PF00560:LRR_1,PF00560:LRR_1,PF00560:LRR_1
DIPPA_31975.mRNA.1	PF03228:Adeno_VII,PF02390:Methyltransf_4
DIPPA_31997.mRNA.1	PF00479:G6PD_N,PF02781:G6PD_C
DIPPA_31997.mRNA.2	PF00479:G6PD_N,PF02781:G6PD_C
DIPPA_32006.mRNA.1	PF15862:Coilin_N,PF14362:DUF4407,PF14362:DUF4407
DIPPA_32010.mRNA.2	PF09471:Peptidase_M64,PF09471:Peptidase_M64,PF00335:Tetraspanin,PF13499:EF-hand_7,PF17820:PDZ_6
DIPPA_32017.mRNA.1	PF15213:CDRT4,PF14559:TPR_19,PF01535:PPR,PF01535:PPR
DIPPA_32017.mRNA.2	PF15213:CDRT4,PF14559:TPR_19,PF01535:PPR,PF01535:PPR
DIPPA_32020.mRNA.1	PF15184:TOM6p,PF20226:DUF6585
DIPPA_32063.mRNA.1	PF10152:CCDC53,PF07889:DUF1664,PF13012:MitMem_reg,PF07889:DUF1664,PF04899:MbeD_MobD,PF08954:Trimer_CC
DIPPA_32086.mRNA.1	PF07382:HC2,PF14443:DBC1
DIPPA_32093.mRNA.2	PF08239:SH3_3,PF04931:DNA_pol_phi,PF22949:HRI2_3H,PF12830:Nipped-B_C,PF12830:Nipped-B_C
DIPPA_32094.mRNA.1	PF05598:DUF772,PF00078:RVT_1,PF00078:RVT_1
DIPPA_32098.mRNA.1	PF21253:Mann_GBD_bact,PF21253:Mann_GBD_bact
DIPPA_32100.mRNA.1	PF10350:DUF2428,PF09073:BUD22
DIPPA_32107.mRNA.1	PF17937:TetR_C_28,PF17917:RT_RNaseH,PF04102:SlyX,PF02368:Big_2
DIPPA_32131.mRNA.1	PF05598:DUF772,PF00078:RVT_1,PF00078:RVT_1
DIPPA_32139.mRNA.1	PF01565:FAD_binding_4,PF08031:BBE
DIPPA_32158.mRNA.1	PF00536:SAM_1,PF00397:WW
DIPPA_32162.mRNA.1	PF18703:MALT1_Ig,PF13299:CPSF100_C,PF02262:Cbl_N
DIPPA_32177.mRNA.1	PF00628:PHD,PF00668:Condensation
DIPPA_32187.mRNA.1	PF13180:PDZ_2,PF00109:ketoacyl-synt,PF05505:Ebola_NP
DIPPA_32188.mRNA.1	PF13857:Ank_5,PF00023:Ank,PF00023:Ank
DIPPA_32196.mRNA.1	PF08309:LVIVD,PF08309:LVIVD,PF08309:LVIVD,PF08309:LVIVD,PF08309:LVIVD,PF09826:Beta_propel
DIPPA_32204.mRNA.1	PF05598:DUF772,PF00078:RVT_1,PF00078:RVT_1
DIPPA_32210.mRNA.1	PF05598:DUF772,PF00078:RVT_1,PF00078:RVT_1
DIPPA_32211.mRNA.1	PF14608:zf-CCCH_2,PF14608:zf-CCCH_2
DIPPA_32213.mRNA.1	PF00078:RVT_1,PF17917:RT_RNaseH
DIPPA_32218.mRNA.1	PF22488:Class_2_docking_dom,PF00078:RVT_1,PF00443:UCH
DIPPA_32226.mRNA.1	PF00612:IQ,PF22440:SirC_C,PF04940:BLUF
DIPPA_32237.mRNA.1	PF18888:DUF5650,PF13031:DUF3892,PF18888:DUF5650
DIPPA_32239.mRNA.1	PF10551:MULE,PF00039:fn1,PF00098:zf-CCHC,PF02338:OTU
DIPPA_32247.mRNA.1	PF07498:Rho_N,PF19695:DUF6195,PF19695:DUF6195
DIPPA_32260.mRNA.1	PF00313:CSD,PF00313:CSD,PF00313:CSD
DIPPA_32261.mRNA.1	PF00313:CSD,PF00313:CSD,PF00313:CSD
DIPPA_32269.mRNA.1	PF00313:CSD,PF00313:CSD,PF00313:CSD
DIPPA_32277.mRNA.1	PF02493:MORN,PF02493:MORN
DIPPA_32278.mRNA.1	PF18978:DUF5714,PF05518:Totivirus_coat
DIPPA_32279.mRNA.1	PF08309:LVIVD,PF08309:LVIVD,PF08309:LVIVD,PF13511:DUF4124,PF08309:LVIVD,PF08309:LVIVD
DIPPA_32280.mRNA.1	PF08309:LVIVD,PF08309:LVIVD,PF08309:LVIVD,PF08309:LVIVD,PF08309:LVIVD,PF08309:LVIVD,PF08309:LVIVD
DIPPA_32281.mRNA.1	PF07261:DnaB_2,PF07952:Toxin_trans,PF07952:Toxin_trans,PF03015:Sterile,PF07952:Toxin_trans,PF03015:Sterile
DIPPA_32283.mRNA.1	PF18044:zf-CCCH_4,PF18044:zf-CCCH_4
DIPPA_32290.mRNA.1	PF14915:CCDC144C,PF19443:DAHL
DIPPA_32293.mRNA.1	PF12300:RhlB,PF00098:zf-CCHC
DIPPA_32323.mRNA.1	PF00400:WD40,PF00400:WD40,PF00400:WD40,PF00400:WD40,PF00400:WD40
DIPPA_32327.mRNA.1	PF04012:PspA_IM30,PF17820:PDZ_6
DIPPA_32329.mRNA.1	PF06775:Seipin,PF13018:ESPR
DIPPA_32330.mRNA.1	PF00041:fn3,PF00041:fn3,PF00041:fn3,PF00041:fn3,PF00041:fn3,PF00041:fn3
DIPPA_32330.mRNA.2	PF00041:fn3,PF00041:fn3,PF00041:fn3,PF00041:fn3,PF00041:fn3
DIPPA_32336.mRNA.1	PF02892:zf-BED,PF05699:Dimer_Tnp_hAT
DIPPA_32339.mRNA.1	PF13424:TPR_12,PF13424:TPR_12
DIPPA_32350.mRNA.1	PF03472:Autoind_bind,PF16018:Anillin_N
DIPPA_32351.mRNA.1	PF00656:Peptidase_C14,PF13180:PDZ_2
DIPPA_32356.mRNA.1	PF10350:DUF2428,PF09073:BUD22
DIPPA_32360.mRNA.1	PF07643:DUF1598,PF17917:RT_RNaseH
DIPPA_32372.mRNA.1	PF00397:WW,PF20882:Sos7,PF10422:LRS4
DIPPA_32373.mRNA.1	PF03094:Mlo,PF03094:Mlo,PF03094:Mlo,PF16096:FXR_C1
DIPPA_32387.mRNA.1	PF14769:CLAMP,PF00216:Bac_DNA_binding
DIPPA_32412.mRNA.1	PF07974:EGF_2,PF02010:REJ,PF02010:REJ,PF18630:Peptidase_M60_C,PF01825:GPS
DIPPA_32423.mRNA.1	PF10187:FAM192A_Fyv6_N,PF10187:FAM192A_Fyv6_N
DIPPA_32429.mRNA.1	PF00078:RVT_1,PF13966:zf-RVT
DIPPA_32441.mRNA.1	PF00225:Kinesin,PF00225:Kinesin,PF15819:Fibin,PF11559:ADIP
DIPPA_32452.mRNA.1	PF15070:GOLGA2L5,PF08369:PCP_red
DIPPA_32469.mRNA.1	PF12253:CAF1A,PF08926:DUF1908
DIPPA_32476.mRNA.1	PF13365:Trypsin_2,PF00514:Arm,PF13646:HEAT_2
DIPPA_32495.mRNA.1	PF00188:CAP,PF00462:Glutaredoxin,PF00462:Glutaredoxin,PF13499:EF-hand_7
DIPPA_32498.mRNA.1	PF21928:XLF_CC,PF06156:YabA,PF17383:kleA_kleC
DIPPA_32499.mRNA.1	PF16550:RPN13_C,PF16550:RPN13_C
DIPPA_32500.mRNA.1	PF03707:MHYT,PF03707:MHYT
DIPPA_32519.mRNA.1	PF19889:DUF6362,PF16503:zn-ribbon_14,PF16503:zn-ribbon_14,PF16503:zn-ribbon_14
DIPPA_32521.mRNA.1	PF09849:DUF2076,PF13389:DUF4107
DIPPA_32542.mRNA.1	PF16503:zn-ribbon_14,PF16503:zn-ribbon_14,PF16503:zn-ribbon_14,PF16503:zn-ribbon_14,PF16503:zn-ribbon_14,PF16503:zn-ribbon_14
DIPPA_32548.mRNA.1	PF16808:PKcGMP_CC,PF10737:GerPC,PF22023:Pus10_THUMP_arc,PF00126:HTH_1,PF17489:Tnp_22_trimer
DIPPA_32558.mRNA.1	PF00024:PAN_1,PF13540:RCC1_2,PF13540:RCC1_2,PF13540:RCC1_2,PF13540:RCC1_2,PF13540:RCC1_2,PF13540:RCC1_2,PF13540:RCC1_2,PF13540:RCC1_2,PF13540:RCC1_2,PF13540:RCC1_2,PF13540:RCC1_2,PF13540:RCC1_2,PF13540:RCC1_2,PF13540:RCC1_2,PF13540:RCC1_2,PF13540:RCC1_2,PF13540:RCC1_2,PF13540:RCC1_2,PF13540:RCC1_2,PF13540:RCC1_2,PF02140:Gal_Lectin,PF02140:Gal_Lectin
DIPPA_32561.mRNA.1	PF22846:CATSPERG_C,PF22846:CATSPERG_C,PF19172:DUF5854,PF19172:DUF5854
DIPPA_32565.mRNA.1	PF16503:zn-ribbon_14,PF16503:zn-ribbon_14,PF16503:zn-ribbon_14,PF16503:zn-ribbon_14
DIPPA_32603.mRNA.1	PF09826:Beta_propel,PF03478:DUF295,PF20606:DUF6799,PF09826:Beta_propel,PF08450:SGL
DIPPA_32607.mRNA.1	PF22535:DUF7003,PF11640:TAN
DIPPA_32608.mRNA.1	PF04360:Serglycin,PF05598:DUF772,PF00078:RVT_1,PF00078:RVT_1
DIPPA_32631.mRNA.1	PF16690:MMACHC,PF16690:MMACHC
DIPPA_32638.mRNA.1	PF03153:TFIIA,PF02338:OTU
DIPPA_32639.mRNA.1	PF00078:RVT_1,PF00078:RVT_1
DIPPA_32651.mRNA.1	PF14362:DUF4407,PF06818:Fez1,PF14608:zf-CCCH_2
DIPPA_32652.mRNA.1	PF12781:AAA_9,PF06505:XylR_N,PF06505:XylR_N
DIPPA_32653.mRNA.1	PF13229:Beta_helix,PF13229:Beta_helix,PF14737:DUF4470
DIPPA_32660.mRNA.1	PF03707:MHYT,PF03707:MHYT
DIPPA_32664.mRNA.1	PF00078:RVT_1,PF00078:RVT_1
DIPPA_32669.mRNA.1	PF18345:zf_CCCH_4,PF18345:zf_CCCH_4,PF18345:zf_CCCH_4,PF18345:zf_CCCH_4,PF18345:zf_CCCH_4,PF18345:zf_CCCH_4,PF18345:zf_CCCH_4,PF18345:zf_CCCH_4,PF18345:zf_CCCH_4,PF18345:zf_CCCH_4
DIPPA_32691.mRNA.1	PF12796:Ank_2,PF00023:Ank,PF12796:Ank_2,PF00023:Ank
DIPPA_32700.mRNA.1	PF14799:FAM195,PF09849:DUF2076
DIPPA_32704.mRNA.1	PF18004:RPN2_C,PF00436:SSB
DIPPA_32715.mRNA.1	PF19111:DUF5798,PF07798:CCDC90-like,PF13180:PDZ_2
DIPPA_32722.mRNA.1	PF02854:MIF4G,PF00076:RRM_1
DIPPA_32723.mRNA.1	PF00514:Arm,PF00514:Arm,PF00514:Arm,PF00514:Arm
DIPPA_32724.mRNA.1	PF10507:TMEM65,PF00027:cNMP_binding
DIPPA_32727.mRNA.1	PF13041:PPR_2,PF13514:AAA_27
DIPPA_32737.mRNA.1	PF07716:bZIP_2,PF07716:bZIP_2
DIPPA_32762.mRNA.1	PF09098:Dehyd-heme_bind,PF01166:TSC22
DIPPA_32766.mRNA.1	PF00313:CSD,PF00313:CSD,PF00313:CSD,PF00313:CSD
DIPPA_32767.mRNA.1	PF12867:DinB_2,PF18171:LSDAT_prok,PF14015:DUF4231,PF18181:SLATT_1,PF08280:HTH_Mga
DIPPA_32770.mRNA.1	PF01437:PSI,PF10917:Fungus-induced,PF04130:GCP_C_terminal,PF01437:PSI,PF10917:Fungus-induced,PF04130:GCP_C_terminal
DIPPA_32773.mRNA.1	PF18879:EspA_EspE,PF18879:EspA_EspE,PF10410:DnaB_bind
DIPPA_32791.mRNA.1	PF00564:PB1,PF13909:zf-H2C2_5,PF02069:Metallothio_Pro,PF13581:HATPase_c_2,PF13909:zf-H2C2_5,PF02069:Metallothio_Pro
DIPPA_32792.mRNA.1	PF00076:RRM_1,PF04146:YTH
DIPPA_32796.mRNA.1	PF00564:PB1,PF13909:zf-H2C2_5,PF14599:zinc_ribbon_6,PF13909:zf-H2C2_5
DIPPA_32802.mRNA.1	PF21928:XLF_CC,PF13405:EF-hand_6,PF13405:EF-hand_6,PF13405:EF-hand_6
DIPPA_32802.mRNA.2	PF21928:XLF_CC,PF13405:EF-hand_6,PF13405:EF-hand_6,PF13405:EF-hand_6
DIPPA_32802.mRNA.3	PF21928:XLF_CC,PF13405:EF-hand_6,PF13405:EF-hand_6,PF13405:EF-hand_6,PF13405:EF-hand_6
DIPPA_32803.mRNA.1	PF04615:Utp14,PF02924:HDPD,PF03107:C1_2
DIPPA_32817.mRNA.1	PF05186:Dpy-30,PF12008:EcoR124_C,PF11545:HemeBinding_Shp
DIPPA_32822.mRNA.1	PF16046:FAM76,PF16046:FAM76,PF07321:YscO
DIPPA_32827.mRNA.1	PF07719:TPR_2,PF13371:TPR_9,PF14559:TPR_19
DIPPA_32838.mRNA.1	PF12437:GSIII_N,PF02656:DUF202
DIPPA_32843.mRNA.1	PF08614:ATG16,PF06693:DUF1190
DIPPA_32866.mRNA.1	PF00989:PAS,PF06658:DUF1168
DIPPA_32866.mRNA.2	PF00989:PAS,PF06658:DUF1168
DIPPA_32866.mRNA.3	PF00989:PAS,PF06658:DUF1168
DIPPA_32868.mRNA.1	PF12435:DUF3678,PF17347:DUF5377
DIPPA_32871.mRNA.1	PF02325:YGGT,PF12804:NTP_transf_3
DIPPA_32899.mRNA.1	PF07719:TPR_2,PF07719:TPR_2,PF12611:Flagellar_put
DIPPA_32923.mRNA.1	PF00078:RVT_1,PF00078:RVT_1
DIPPA_32932.mRNA.1	PF20885:NPB13-l_MII_rpt,PF15456:Uds1
DIPPA_32945.mRNA.1	PF08167:RIX1,PF09030:Creb_binding,PF11865:mTOR_dom,PF11865:mTOR_dom,PF02259:FAT,PF08771:FRB_dom,PF00454:PI3_PI4_kinase,PF00612:IQ,PF02260:FATC
DIPPA_32947.mRNA.1	PF01547:SBP_bac_1,PF20990:DUF2207_C,PF20990:DUF2207_C
DIPPA_32962.mRNA.1	PF12277:DUF3618,PF17109:Goodbye,PF12277:DUF3618
DIPPA_32963.mRNA.1	PF09011:HMG_box_2,PF09011:HMG_box_2
DIPPA_32975.mRNA.1	PF04718:ATP-synt_G,PF21744:BAHCC1-like_Tudor,PF05641:Agenet
DIPPA_32987.mRNA.1	PF00075:RNase_H,PF07205:DUF1413
DIPPA_32992.mRNA.1	PF17855:MCM_lid,PF06816:NOD
DIPPA_32999.mRNA.1	PF02709:Glyco_transf_7C,PF12757:Eisosome1
DIPPA_33004.mRNA.1	PF03472:Autoind_bind,PF16018:Anillin_N
DIPPA_33007.mRNA.1	PF08274:YjdM_Zn_Ribbon,PF08274:YjdM_Zn_Ribbon,PF13717:zinc_ribbon_4,PF02724:CDC45
DIPPA_33010.mRNA.1	PF04912:Dynamitin,PF04412:AcnX
DIPPA_33015.mRNA.1	PF04408:HA2_N,PF21010:HA2_C,PF20182:DUF6545,PF07717:OB_NTP_bind
DIPPA_33017.mRNA.1	PF12807:eIF3_p135,PF09256:BaffR-Tall_bind
DIPPA_33025.mRNA.1	PF08709:Ins145_P3_rec,PF02815:MIR,PF08454:RIH_assoc,PF00520:Ion_trans,PF05055:DUF677
DIPPA_33033.mRNA.1	PF17557:Conotoxin_I2,PF02322:Cyt_bd_oxida_II
DIPPA_33034.mRNA.1	PF05598:DUF772,PF00078:RVT_1,PF00078:RVT_1
DIPPA_33035.mRNA.1	PF22488:Class_2_docking_dom,PF00078:RVT_1,PF00443:UCH
DIPPA_33054.mRNA.1	PF16293:zf-C2H2_9,PF00589:Phage_integrase
DIPPA_33058.mRNA.1	PF08926:DUF1908,PF14441:OTT_1508_deam,PF08926:DUF1908
DIPPA_33058.mRNA.2	PF08926:DUF1908,PF14441:OTT_1508_deam,PF08926:DUF1908
DIPPA_33058.mRNA.3	PF08926:DUF1908,PF14441:OTT_1508_deam,PF08926:DUF1908
DIPPA_33060.mRNA.1	PF00075:RNase_H,PF00499:Oxidored_q3,PF02990:EMP70
DIPPA_33062.mRNA.1	PF18504:Csm1_N,PF12072:RNase_Y_N
DIPPA_33069.mRNA.1	PF00397:WW,PF08803:ydhR
DIPPA_33074.mRNA.1	PF05391:Lsm_interact,PF05391:Lsm_interact,PF05391:Lsm_interact,PF05391:Lsm_interact,PF05391:Lsm_interact,PF05391:Lsm_interact,PF05391:Lsm_interact,PF05391:Lsm_interact,PF05391:Lsm_interact,PF05391:Lsm_interact,PF05391:Lsm_interact,PF05391:Lsm_interact
DIPPA_33075.mRNA.1	PF04421:Mss4,PF04421:Mss4
DIPPA_33092.mRNA.1	PF10152:CCDC53,PF04153:NOT2_3_5_C
DIPPA_33122.mRNA.1	PF13180:PDZ_2,PF11471:Sugarporin_N
DIPPA_33124.mRNA.1	PF20664:DUF6814,PF13180:PDZ_2
DIPPA_33132.mRNA.1	PF02601:Exonuc_VII_L,PF04641:Rtf2
DIPPA_33139.mRNA.1	PF13405:EF-hand_6,PF13405:EF-hand_6,PF13405:EF-hand_6,PF13405:EF-hand_6
DIPPA_33162.mRNA.1	PF03580:Herpes_UL14,PF06746:DUF1216
DIPPA_33162.mRNA.2	PF03580:Herpes_UL14,PF06746:DUF1216
DIPPA_33162.mRNA.3	PF03580:Herpes_UL14,PF06746:DUF1216
DIPPA_33175.mRNA.1	PF14357:DUF4404,PF04728:LPP,PF04899:MbeD_MobD,PF16043:DUF4795
DIPPA_33178.mRNA.1	PF06017:Myosin_TH1,PF21408:MTR4-like_stalk
DIPPA_33179.mRNA.1	PF01764:Lipase_3,PF18248:RalF_SCD
DIPPA_33182.mRNA.1	PF06299:DUF1045,PF07258:COMM_domain
DIPPA_33188.mRNA.1	PF00240:ubiquitin,PF00024:PAN_1
DIPPA_33203.mRNA.1	PF15840:ARL17,PF15840:ARL17
DIPPA_33233.mRNA.1	PF02761:Cbl_N2,PF12796:Ank_2,PF00023:Ank
DIPPA_33234.mRNA.1	PF04515:Choline_transpo,PF00892:EamA
DIPPA_33241.mRNA.1	PF19203:DUF5875,PF04410:Gar1,PF00076:RRM_1
DIPPA_33248.mRNA.1	PF18115:Tudor_3,PF18115:Tudor_3
DIPPA_33255.mRNA.1	PF00111:Fer2,PF01799:Fer2_2,PF00941:FAD_binding_5,PF03450:CO_deh_flav_C,PF01315:Ald_Xan_dh_C,PF02738:MoCoBD_1,PF20256:MoCoBD_2
DIPPA_33262.mRNA.1	PF00078:RVT_1,PF00078:RVT_1
DIPPA_33272.mRNA.1	PF13424:TPR_12,PF13424:TPR_12,PF14559:TPR_19,PF13374:TPR_10
DIPPA_33283.mRNA.1	PF13537:GATase_7,PF00733:Asn_synthase
DIPPA_33286.mRNA.1	PF12008:EcoR124_C,PF06305:LapA_dom
DIPPA_33294.mRNA.1	PF08309:LVIVD,PF08309:LVIVD
DIPPA_33300.mRNA.1	PF02656:DUF202,PF05641:Agenet,PF07306:DUF1455
DIPPA_33306.mRNA.1	PF01412:ArfGap,PF10563:CA_like
DIPPA_33312.mRNA.1	PF03619:Solute_trans_a,PF03619:Solute_trans_a
DIPPA_33313.mRNA.1	PF10571:UPF0547,PF21639:ORC5_lid
DIPPA_33319.mRNA.1	PF07974:EGF_2,PF17870:Insulin_TMD
DIPPA_33322.mRNA.1	PF22806:M_C,PF21831:DUF6891,PF04102:SlyX
DIPPA_33332.mRNA.1	PF19893:DUF6366,PF20882:Sos7,PF19893:DUF6366
DIPPA_33339.mRNA.1	PF17223:CPCFC,PF09179:TilS,PF09179:TilS,PF17223:CPCFC,PF09179:TilS
DIPPA_33341.mRNA.1	PF01905:DevR,PF08663:HalX
DIPPA_33355.mRNA.1	PF03099:BPL_LplA_LipB,PF12913:SH3_6,PF15684:AROS,PF12913:SH3_6
DIPPA_33363.mRNA.1	PF00728:Glyco_hydro_20,PF00728:Glyco_hydro_20,PF00728:Glyco_hydro_20
DIPPA_33377.mRNA.1	PF17652:Glyco_hydro81C,PF02364:Glucan_synthase,PF02364:Glucan_synthase,PF20347:DUF6642,PF17820:PDZ_6
DIPPA_33378.mRNA.2	PF09753:Use1,PF07531:TAFH
DIPPA_33382.mRNA.1	PF13570:PQQ_3,PF02439:Adeno_E3_CR2
DIPPA_33383.mRNA.1	PF00078:RVT_1,PF15786:PET117
DIPPA_33385.mRNA.1	PF08709:Ins145_P3_rec,PF08709:Ins145_P3_rec,PF02815:MIR,PF02815:MIR,PF01365:RYDR_ITPR
DIPPA_33387.mRNA.1	PF10817:DUF2563,PF10817:DUF2563
DIPPA_33392.mRNA.1	PF13920:zf-C3HC4_3,PF13920:zf-C3HC4_3
DIPPA_33393.mRNA.1	PF06268:Fascin,PF22816:CatAgl_D2
DIPPA_33395.mRNA.1	PF10025:DUF2267,PF01535:PPR,PF03221:HTH_Tnp_Tc5
DIPPA_33419.mRNA.1	PF13913:zf-C2HC_2,PF19460:DUF5997
DIPPA_33423.mRNA.1	PF14477:Mso1_C,PF14477:Mso1_C,PF14477:Mso1_C
DIPPA_33430.mRNA.1	PF09471:Peptidase_M64,PF09471:Peptidase_M64
DIPPA_33433.mRNA.1	PF05270:AbfB,PF13472:Lipase_GDSL_2
DIPPA_33436.mRNA.1	PF21905:Zf-Nsp1alpha,PF04048:Sec8_N,PF03961:FapA,PF01505:Vault
DIPPA_33444.mRNA.1	PF04452:Methyltrans_RNA,PF03909:BSD,PF07034:ORC3_N
DIPPA_33458.mRNA.1	PF00078:RVT_1,PF00078:RVT_1
DIPPA_33467.mRNA.1	PF02238:COX7a,PF02238:COX7a
DIPPA_33487.mRNA.1	PF05793:TFIIF_alpha,PF00241:Cofilin_ADF
DIPPA_33499.mRNA.1	PF12756:zf-C2H2_2,PF12756:zf-C2H2_2,PF20209:DUF6570
DIPPA_33509.mRNA.1	PF01899:MNHE,PF00211:Guanylate_cyc
DIPPA_33512.mRNA.1	PF13499:EF-hand_7,PF13405:EF-hand_6
DIPPA_33533.mRNA.1	PF02338:OTU,PF10275:Peptidase_C65
DIPPA_33536.mRNA.1	PF13202:EF-hand_5,PF13202:EF-hand_5,PF10507:TMEM65
DIPPA_33556.mRNA.1	PF13456:RVT_3,PF06800:Sugar_transport
DIPPA_33561.mRNA.1	PF00179:UQ_con,PF11347:CRR42-like,PF07200:Mod_r
DIPPA_33569.mRNA.1	PF00225:Kinesin,PF05859:Mis12
DIPPA_33571.mRNA.1	PF22671:Gp18_domIII_N,PF22671:Gp18_domIII_N
DIPPA_33572.mRNA.1	PF02724:CDC45,PF08302:tRNA_lig_CPD
DIPPA_33574.mRNA.1	PF00169:PH,PF10046:BLOC1_2
DIPPA_33574.mRNA.2	PF00169:PH,PF10046:BLOC1_2
DIPPA_33574.mRNA.3	PF00169:PH,PF10046:BLOC1_2
DIPPA_33575.mRNA.1	PF20947:Flu_PB2_1st,PF20947:Flu_PB2_1st,PF07058:MAP70
DIPPA_33611.mRNA.1	PF13099:DUF3944,PF16840:ACTL7A_N,PF16840:ACTL7A_N
DIPPA_33626.mRNA.1	PF13516:LRR_6,PF13516:LRR_6
DIPPA_33632.mRNA.1	PF13424:TPR_12,PF13675:PilJ,PF13424:TPR_12
DIPPA_33653.mRNA.1	PF13041:PPR_2,PF07350:Gig2-like
DIPPA_33658.mRNA.1	PF08525:OapA_N,PF11382:MctB
DIPPA_33663.mRNA.1	PF14922:FWWh,PF14922:FWWh,PF14922:FWWh
DIPPA_33663.mRNA.2	PF14922:FWWh,PF14922:FWWh,PF14922:FWWh
DIPPA_33665.mRNA.1	PF21760:SecD_1st,PF05970:PIF1
DIPPA_33674.mRNA.1	PF12072:RNase_Y_N,PF09278:MerR-DNA-bind,PF09278:MerR-DNA-bind,PF22628:zf-CCCH_10
DIPPA_33677.mRNA.1	PF00078:RVT_1,PF07174:FAP,PF00078:RVT_1
DIPPA_33713.mRNA.1	PF00787:PX,PF14771:DUF4476
DIPPA_33715.mRNA.1	PF20706:GT4-conflict,PF13692:Glyco_trans_1_4
DIPPA_33722.mRNA.1	PF12090:Spt20_SEP,PF06785:UPF0242,PF06785:UPF0242
DIPPA_33724.mRNA.1	PF00589:Phage_integrase,PF00078:RVT_1
DIPPA_33736.mRNA.1	PF04697:Pinin_SDK_N,PF07647:SAM_2
DIPPA_33737.mRNA.1	PF18780:HNH_repeat,PF18780:HNH_repeat
DIPPA_33743.mRNA.1	PF08309:LVIVD,PF08309:LVIVD,PF13570:PQQ_3,PF19659:DUF6162
DIPPA_33746.mRNA.1	PF01266:DAO,PF01266:DAO
DIPPA_33751.mRNA.1	PF15387:DUF4611,PF04931:DNA_pol_phi,PF13249:SQHop_cyclase_N
DIPPA_33758.mRNA.1	PF15044:CLU_N,PF13236:CLU,PF12807:eIF3_p135,PF12807:eIF3_p135
DIPPA_33764.mRNA.1	PF19220:Crescentin,PF16326:ABC_tran_CTD
DIPPA_33781.mRNA.1	PF00023:Ank,PF00023:Ank
DIPPA_33794.mRNA.1	PF00400:WD40,PF00400:WD40
DIPPA_33796.mRNA.1	PF13472:Lipase_GDSL_2,PF13639:zf-RING_2
DIPPA_33797.mRNA.1	PF21215:CSN3-like_C,PF09070:PFU
DIPPA_33807.mRNA.1	PF20520:Ac45-VOA1_TM,PF00672:HAMP,PF09799:Transmemb_17
DIPPA_33825.mRNA.1	PF08316:Pal1,PF08316:Pal1
DIPPA_33837.mRNA.1	PF00078:RVT_1,PF17919:RT_RNaseH_2
DIPPA_33853.mRNA.1	PF05694:SBP56,PF00641:zf-RanBP
DIPPA_33877.mRNA.1	PF08389:Xpo1,PF08389:Xpo1,PF19273:Exportin-5
DIPPA_33888.mRNA.1	PF21928:XLF_CC,PF21996:HisZ-like,PF18504:Csm1_N
DIPPA_33903.mRNA.1	PF04513:Baculo_PEP_C,PF16751:RsdA_SigD_bd,PF07400:IL11
DIPPA_33914.mRNA.1	PF06818:Fez1,PF00038:Filament
DIPPA_33920.mRNA.1	PF15562:Imm17,PF03413:PepSY
DIPPA_33926.mRNA.1	PF15912:VIR_N,PF05641:Agenet
DIPPA_33927.mRNA.1	PF13094:CENP-Q,PF18949:DUF5693
DIPPA_33933.mRNA.1	PF18504:Csm1_N,PF18504:Csm1_N
DIPPA_33946.mRNA.1	PF17217:UPA,PF00078:RVT_1,PF17919:RT_RNaseH_2
DIPPA_33948.mRNA.1	PF00589:Phage_integrase,PF00589:Phage_integrase,PF18885:DUF5648
DIPPA_33951.mRNA.1	PF11913:DUF3431,PF01239:PPTA,PF11913:DUF3431
DIPPA_33954.mRNA.1	PF10419:TFIIIC_sub6,PF03377:TAL_effector,PF03377:TAL_effector,PF03377:TAL_effector
DIPPA_33960.mRNA.3	PF21924:XRCC4_CC,PF08432:Vfa1
DIPPA_33972.mRNA.1	PF00096:zf-C2H2,PF00096:zf-C2H2
DIPPA_33973.mRNA.1	PF13405:EF-hand_6,PF05091:eIF-3_zeta
DIPPA_33984.mRNA.1	PF13600:DUF4140,PF09211:DUF1958
DIPPA_33991.mRNA.1	PF00078:RVT_1,PF05598:DUF772
DIPPA_34005.mRNA.1	PF11716:MDMPI_N,PF02893:GRAM
DIPPA_34017.mRNA.1	PF09986:DUF2225,PF22352:K319L-like_PKD,PF06353:DUF1062
DIPPA_34025.mRNA.1	PF22575:Vir1p,PF17820:PDZ_6,PF17820:PDZ_6
DIPPA_34025.mRNA.2	PF22575:Vir1p,PF17820:PDZ_6,PF17820:PDZ_6
DIPPA_34025.mRNA.3	PF22575:Vir1p,PF17820:PDZ_6,PF17820:PDZ_6
DIPPA_34025.mRNA.4	PF22575:Vir1p,PF17820:PDZ_6,PF17820:PDZ_6
DIPPA_34026.mRNA.1	PF13236:CLU,PF00612:IQ,PF00612:IQ,PF00612:IQ,PF00612:IQ,PF00612:IQ,PF00612:IQ,PF00612:IQ,PF00612:IQ,PF00612:IQ,PF00612:IQ,PF00612:IQ,PF00612:IQ,PF00612:IQ,PF00612:IQ
DIPPA_34035.mRNA.1	PF06017:Myosin_TH1,PF11548:Receptor_IA-2
DIPPA_34088.mRNA.1	PF03861:ANTAR,PF02037:SAP
DIPPA_34104.mRNA.1	PF17059:MGTL,PF08531:Bac_rhamnosid_N,PF05592:Bac_rhamnosid,PF17389:Bac_rhamnosid6H,PF17390:Bac_rhamnosid_C
DIPPA_34116.mRNA.1	PF00022:Actin,PF00022:Actin
DIPPA_34119.mRNA.1	PF06103:DUF948,PF02535:Zip
DIPPA_34122.mRNA.1	PF01166:TSC22,PF08828:DSX_dimer,PF00038:Filament,PF21037:CCDC138_cc,PF21037:CCDC138_cc,PF01166:TSC22,PF00038:Filament
DIPPA_34124.mRNA.1	PF13408:Zn_ribbon_recom,PF10551:MULE,PF00039:fn1,PF00098:zf-CCHC
DIPPA_34129.mRNA.1	PF13717:zinc_ribbon_4,PF13717:zinc_ribbon_4
DIPPA_34159.mRNA.1	PF10551:MULE,PF04434:SWIM,PF10275:Peptidase_C65
DIPPA_34166.mRNA.1	PF10350:DUF2428,PF09073:BUD22
DIPPA_34183.mRNA.1	PF14908:HU-CCDC81_euk_1,PF18289:HU-CCDC81_euk_2
DIPPA_34188.mRNA.1	PF05377:FlaC_arch,PF05377:FlaC_arch,PF19525:Ets1_N_flank
DIPPA_34194.mRNA.1	PF04577:Glyco_transf_61,PF12717:Cnd1
DIPPA_34203.mRNA.1	PF05377:FlaC_arch,PF08614:ATG16,PF01166:TSC22,PF08614:ATG16
DIPPA_34208.mRNA.1	PF06818:Fez1,PF11159:DUF2939
DIPPA_34214.mRNA.1	PF05308:Mito_fiss_reg,PF08614:ATG16,PF15819:Fibin
DIPPA_34216.mRNA.1	PF20033:DUF6438,PF00092:VWA,PF00092:VWA,PF00092:VWA,PF00092:VWA,PF00092:VWA,PF07974:EGF_2
DIPPA_34219.mRNA.1	PF01323:DSBA,PF01323:DSBA
DIPPA_34228.mRNA.1	PF07885:Ion_trans_2,PF00137:ATP-synt_C
DIPPA_34241.mRNA.1	PF15794:CCDC106,PF00569:ZZ,PF00098:zf-CCHC
DIPPA_34250.mRNA.1	PF10098:DUF2336,PF14019:DUF4235
DIPPA_34262.mRNA.1	PF11850:DUF3370,PF11850:DUF3370,PF12057:BAG6
DIPPA_34264.mRNA.1	PF21928:XLF_CC,PF10805:DUF2730,PF21423:AhtL-like_1st
DIPPA_34264.mRNA.2	PF07889:DUF1664,PF10805:DUF2730,PF21423:AhtL-like_1st
DIPPA_34268.mRNA.1	PF00024:PAN_1,PF00024:PAN_1,PF00053:Laminin_EGF,PF06305:LapA_dom,PF17815:PDZ_3
DIPPA_34281.mRNA.1	PF09471:Peptidase_M64,PF00335:Tetraspanin,PF00036:EF-hand_1,PF00036:EF-hand_1
DIPPA_34293.mRNA.1	PF07004:SHIPPO-rpt,PF07004:SHIPPO-rpt,PF07004:SHIPPO-rpt
DIPPA_34297.mRNA.1	PF20524:DUF6739,PF20524:DUF6739
DIPPA_34310.mRNA.1	PF15898:PRKG1_interact,PF00023:Ank
DIPPA_34316.mRNA.1	PF15626:mono-CXXC,PF04977:DivIC
DIPPA_34326.mRNA.1	PF19731:DUF6222,PF02338:OTU
DIPPA_34330.mRNA.1	PF04232:SpoVS,PF04232:SpoVS
DIPPA_34361.mRNA.1	PF04842:DUF639,PF00787:PX
DIPPA_34364.mRNA.1	PF13456:RVT_3,PF23020:PEX14-like_2nd
DIPPA_34372.mRNA.1	PF22554:Chap-C,PF22554:Chap-C
DIPPA_34375.mRNA.1	PF00628:PHD,PF00668:Condensation
DIPPA_34380.mRNA.1	PF00078:RVT_1,PF00075:RNase_H
DIPPA_34390.mRNA.1	PF13913:zf-C2HC_2,PF19460:DUF5997
DIPPA_34411.mRNA.1	PF09073:BUD22,PF00872:Transposase_mut,PF04434:SWIM
DIPPA_34412.mRNA.1	PF10571:UPF0547,PF21639:ORC5_lid,PF13776:DUF4172,PF10571:UPF0547,PF21639:ORC5_lid
DIPPA_34419.mRNA.1	PF10021:PARG_cat_microb,PF01661:Macro
DIPPA_34425.mRNA.1	PF04724:Glyco_transf_17,PF04724:Glyco_transf_17,PF02439:Adeno_E3_CR2
DIPPA_34429.mRNA.1	PF03472:Autoind_bind,PF16018:Anillin_N
DIPPA_34437.mRNA.1	PF11052:Tr-sialidase_C,PF11052:Tr-sialidase_C
DIPPA_34452.mRNA.1	PF03695:UPF0149,PF02448:L71
DIPPA_34463.mRNA.1	PF00004:AAA,PF07228:SpoIIE
DIPPA_34465.mRNA.1	PF00789:UBX,PF00789:UBX
DIPPA_34468.mRNA.1	PF13499:EF-hand_7,PF13499:EF-hand_7
DIPPA_34469.mRNA.1	PF05859:Mis12,PF05859:Mis12
DIPPA_34475.mRNA.1	PF00628:PHD,PF00668:Condensation
DIPPA_34477.mRNA.1	PF05598:DUF772,PF00078:RVT_1,PF00078:RVT_1
DIPPA_34483.mRNA.1	PF00240:ubiquitin,PF13570:PQQ_3
DIPPA_34494.mRNA.1	PF13812:PPR_3,PF13812:PPR_3
DIPPA_34516.mRNA.1	PF01699:Na_Ca_ex,PF11176:Tma16,PF01699:Na_Ca_ex
DIPPA_34518.mRNA.1	PF20966:MASE6,PF16591:HBM
DIPPA_34523.mRNA.1	PF19893:DUF6366,PF20882:Sos7,PF19893:DUF6366
DIPPA_34531.mRNA.1	PF13812:PPR_3,PF13812:PPR_3,PF13812:PPR_3
DIPPA_34534.mRNA.1	PF02012:BNR,PF02012:BNR
DIPPA_34552.mRNA.1	PF09770:PAT1,PF00642:zf-CCCH
DIPPA_34558.mRNA.1	PF14922:FWWh,PF14922:FWWh
DIPPA_34562.mRNA.1	PF11795:DUF3322,PF06267:DUF1028,PF17917:RT_RNaseH,PF11795:DUF3322,PF06267:DUF1028,PF17917:RT_RNaseH
DIPPA_34579.mRNA.1	PF13870:DUF4201,PF13870:DUF4201,PF13870:DUF4201,PF13870:DUF4201,PF13870:DUF4201
DIPPA_34579.mRNA.2	PF13870:DUF4201,PF13870:DUF4201,PF13870:DUF4201,PF13870:DUF4201,PF13870:DUF4201
DIPPA_34579.mRNA.3	PF16519:TRPM_tetra,PF16519:TRPM_tetra,PF16519:TRPM_tetra
DIPPA_34579.mRNA.4	PF16519:TRPM_tetra,PF16519:TRPM_tetra,PF16519:TRPM_tetra
DIPPA_34586.mRNA.1	PF13499:EF-hand_7,PF21037:CCDC138_cc
DIPPA_34599.mRNA.1	PF00443:UCH,PF19768:DUF6255
DIPPA_34600.mRNA.1	PF22216:Sas-6_C_CC,PF12795:MscS_porin
DIPPA_34602.mRNA.1	PF00589:Phage_integrase,PF00078:RVT_1
DIPPA_34619.mRNA.1	PF00076:RRM_1,PF00098:zf-CCHC,PF00098:zf-CCHC
DIPPA_34620.mRNA.1	PF00989:PAS,PF00989:PAS
DIPPA_34623.mRNA.1	PF13041:PPR_2,PF13041:PPR_2,PF13041:PPR_2
DIPPA_34626.mRNA.1	PF13416:SBP_bac_8,PF13416:SBP_bac_8,PF00892:EamA
DIPPA_34637.mRNA.1	PF02439:Adeno_E3_CR2,PF14685:Tricorn_PDZ,PF14685:Tricorn_PDZ
DIPPA_34638.mRNA.1	PF03153:TFIIA,PF03107:C1_2
DIPPA_34641.mRNA.1	PF14159:CAAD,PF01545:Cation_efflux
DIPPA_34645.mRNA.1	PF01442:Apolipoprotein,PF05778:Apo-CIII,PF01442:Apolipoprotein,PF01442:Apolipoprotein
DIPPA_34645.mRNA.2	PF04286:DUF445,PF01442:Apolipoprotein,PF01442:Apolipoprotein,PF01442:Apolipoprotein,PF07338:YdgH_BhsA-like
DIPPA_34649.mRNA.1	PF09550:Phage_TAC_6,PF17850:CysA_C_terminal,PF09550:Phage_TAC_6,PF17850:CysA_C_terminal
DIPPA_34663.mRNA.1	PF14197:Cep57_CLD_2,PF01501:Glyco_transf_8,PF15024:Glyco_transf_18
DIPPA_34665.mRNA.1	PF22488:Class_2_docking_dom,PF00078:RVT_1,PF00443:UCH
DIPPA_34685.mRNA.1	PF01477:PLAT,PF13619:KTSC,PF06024:Orf78
DIPPA_34692.mRNA.1	PF01477:PLAT,PF03927:NapD,PF01477:PLAT,PF03927:NapD,PF18708:MapZ_C2,PF01477:PLAT,PF03927:NapD,PF01477:PLAT,PF03927:NapD,PF01477:PLAT,PF03927:NapD,PF01477:PLAT,PF03927:NapD
DIPPA_34692.mRNA.2	PF01477:PLAT,PF03927:NapD,PF01477:PLAT,PF03927:NapD,PF01477:PLAT,PF03927:NapD,PF01477:PLAT,PF03927:NapD,PF01477:PLAT,PF03927:NapD
DIPPA_34702.mRNA.1	PF00225:Kinesin,PF00397:WW,PF06818:Fez1,PF07889:DUF1664,PF16619:SUIM_assoc
DIPPA_34706.mRNA.1	PF00092:VWA,PF00092:VWA,PF00092:VWA,PF00092:VWA,PF00092:VWA,PF00092:VWA,PF00092:VWA,PF00092:VWA,PF00092:VWA,PF00092:VWA,PF00092:VWA,PF00092:VWA,PF00092:VWA,PF00092:VWA
DIPPA_34721.mRNA.1	PF08477:Roc,PF02421:FeoB_N,PF18685:DUF5635
DIPPA_34723.mRNA.1	PF18346:SH3_15,PF11604:CusF_Ec,PF11604:CusF_Ec
DIPPA_34745.mRNA.1	PF10045:DUF2280,PF20310:HTH_Tnp_2,PF04298:Zn_peptidase_2
DIPPA_34764.mRNA.1	PF10414:CysG_dimeriser,PF10414:CysG_dimeriser
DIPPA_34768.mRNA.1	PF13833:EF-hand_8,PF13833:EF-hand_8
DIPPA_34770.mRNA.1	PF00642:zf-CCCH,PF00642:zf-CCCH,PF15713:PTPRCAP
DIPPA_34771.mRNA.1	PF13428:TPR_14,PF01535:PPR
DIPPA_34781.mRNA.1	PF01363:FYVE,PF18358:Tudor_4
DIPPA_34793.mRNA.1	PF01073:3Beta_HSD,PF04321:RmlD_sub_bind
DIPPA_34817.mRNA.1	PF05186:Dpy-30,PF00581:Rhodanese
DIPPA_34819.mRNA.1	PF14952:zf-tcix,PF22564:HAAS
DIPPA_34820.mRNA.1	PF12937:F-box-like,PF00400:WD40,PF00400:WD40,PF00400:WD40
DIPPA_34829.mRNA.1	PF06487:SAP18,PF07218:RAP1
DIPPA_34830.mRNA.1	PF00078:RVT_1,PF00078:RVT_1
DIPPA_34834.mRNA.1	PF15898:PRKG1_interact,PF04859:DUF641,PF00038:Filament,PF04859:DUF641,PF00038:Filament,PF00038:Filament,PF00038:Filament
DIPPA_34838.mRNA.1	PF00078:RVT_1,PF00078:RVT_1
DIPPA_34842.mRNA.1	PF16860:CX9C,PF16860:CX9C
DIPPA_34858.mRNA.1	PF07889:DUF1664,PF07889:DUF1664,PF07889:DUF1664
DIPPA_34860.mRNA.1	PF19719:DUF6213,PF19719:DUF6213
DIPPA_34869.mRNA.1	PF00078:RVT_1,PF00078:RVT_1
DIPPA_34871.mRNA.1	PF07690:MFS_1,PF07690:MFS_1
DIPPA_34884.mRNA.1	PF18455:GBR2_CC,PF18455:GBR2_CC,PF18455:GBR2_CC
DIPPA_34889.mRNA.1	PF00879:Defensin_propep,PF13565:HTH_32
DIPPA_34894.mRNA.1	PF17917:RT_RNaseH,PF00336:DNA_pol_viral_C
DIPPA_34895.mRNA.1	PF12722:Hid1,PF07647:SAM_2
DIPPA_34901.mRNA.1	PF03226:Yippee-Mis18,PF03226:Yippee-Mis18
DIPPA_34920.mRNA.1	PF09747:CCD97-like_C,PF02037:SAP
DIPPA_34922.mRNA.1	PF00313:CSD,PF03153:TFIIA
DIPPA_34932.mRNA.1	PF08977:BOFC_N,PF13180:PDZ_2
DIPPA_34934.mRNA.1	PF03105:SPX,PF04741:InvH
DIPPA_34935.mRNA.1	PF02888:CaMBD,PF12773:DZR
DIPPA_34938.mRNA.1	PF12290:DUF3802,PF08647:BRE1
DIPPA_34941.mRNA.1	PF13041:PPR_2,PF13041:PPR_2,PF18915:DUF5667
DIPPA_34948.mRNA.1	PF08389:Xpo1,PF19282:Exportin-T
DIPPA_34952.mRNA.1	PF13229:Beta_helix,PF13229:Beta_helix
DIPPA_34958.mRNA.1	PF00934:PE,PF13890:Rab3-GTPase_cat,PF00466:Ribosomal_L10
DIPPA_34974.mRNA.1	PF15341:SLX9,PF15341:SLX9
DIPPA_34979.mRNA.1	PF01699:Na_Ca_ex,PF03160:Calx-beta,PF03160:Calx-beta,PF01699:Na_Ca_ex
DIPPA_34991.mRNA.1	PF01342:SAND,PF01342:SAND
DIPPA_35001.mRNA.1	PF18482:Pih1_fungal_CS,PF18482:Pih1_fungal_CS
DIPPA_35003.mRNA.1	PF00225:Kinesin,PF00225:Kinesin,PF19793:DUF6277,PF04433:SWIRM
DIPPA_35004.mRNA.1	PF12796:Ank_2,PF03153:TFIIA
DIPPA_35005.mRNA.1	PF02776:TPP_enzyme_N,PF02966:DIM1,PF00205:TPP_enzyme_M,PF02775:TPP_enzyme_C
DIPPA_35006.mRNA.1	PF02548:Pantoate_transf,PF02558:ApbA,PF08546:ApbA_C
DIPPA_35031.mRNA.1	PF14362:DUF4407,PF00536:SAM_1,PF00397:WW
DIPPA_35031.mRNA.2	PF14362:DUF4407,PF00536:SAM_1,PF00397:WW
DIPPA_35032.mRNA.1	PF03153:TFIIA,PF03153:TFIIA
DIPPA_35036.mRNA.1	PF06320:GCN5L1,PF00573:Ribosomal_L4
DIPPA_35049.mRNA.1	PF09664:DUF2399,PF16366:CEBP_ZZ
DIPPA_35055.mRNA.1	PF20336:DUF6631,PF19110:DUF5797
DIPPA_35063.mRNA.1	PF19421:Fry_C,PF05129:Elf1,PF00642:zf-CCCH,PF05129:Elf1,PF17820:PDZ_6,PF17820:PDZ_6,PF17820:PDZ_6
DIPPA_35067.mRNA.1	PF12365:DUF3649,PF00612:IQ
DIPPA_35086.mRNA.1	PF10551:MULE,PF04434:SWIM,PF02338:OTU
DIPPA_35090.mRNA.1	PF03153:TFIIA,PF01105:EMP24_GP25L
DIPPA_35093.mRNA.1	PF10571:UPF0547,PF21639:ORC5_lid
DIPPA_35099.mRNA.1	PF13600:DUF4140,PF13600:DUF4140
DIPPA_35103.mRNA.1	PF00589:Phage_integrase,PF00589:Phage_integrase,PF03959:FSH1,PF12146:Hydrolase_4
DIPPA_35111.mRNA.1	PF09770:PAT1,PF03107:C1_2
DIPPA_35114.mRNA.1	PF14738:CFAP91,PF03474:DMA
DIPPA_35124.mRNA.1	PF02154:FliM,PF05531:NPV_P10
DIPPA_35135.mRNA.1	PF17858:Defensin_int,PF17858:Defensin_int
DIPPA_35142.mRNA.1	PF17820:PDZ_6,PF03153:TFIIA,PF17820:PDZ_6,PF03107:C1_2,PF03153:TFIIA
DIPPA_35142.mRNA.2	PF17820:PDZ_6,PF17820:PDZ_6
DIPPA_35143.mRNA.1	PF04810:zf-Sec23_Sec24,PF04811:Sec23_trunk,PF08033:Sec23_BS,PF04815:Sec23_helical,PF00626:Gelsolin
DIPPA_35147.mRNA.1	PF03472:Autoind_bind,PF16018:Anillin_N
DIPPA_35149.mRNA.1	PF02338:OTU,PF07704:PSK_trans_fac,PF03372:Exo_endo_phos
DIPPA_35151.mRNA.1	PF00078:RVT_1,PF17919:RT_RNaseH_2
DIPPA_35165.mRNA.1	PF10551:MULE,PF04434:SWIM,PF02338:OTU,PF08601:PAP1
DIPPA_35181.mRNA.1	PF13540:RCC1_2,PF00024:PAN_1,PF00024:PAN_1,PF00024:PAN_1,PF00024:PAN_1
DIPPA_35183.mRNA.1	PF00396:Granulin,PF00396:Granulin
DIPPA_35190.mRNA.1	PF15075:SPMAP1-like,PF17516:ProQ_C
DIPPA_35204.mRNA.1	PF13010:pRN1_helical,PF19375:DurN
DIPPA_35206.mRNA.1	PF00092:VWA,PF00092:VWA
DIPPA_35208.mRNA.1	PF00188:CAP,PF09507:CDC27
DIPPA_35212.mRNA.1	PF00435:Spectrin,PF00435:Spectrin
DIPPA_35229.mRNA.1	PF14634:zf-RING_5,PF08095:Toxin_25
DIPPA_35240.mRNA.1	PF00350:Dynamin_N,PF09209:CecR_C,PF09209:CecR_C
DIPPA_35262.mRNA.1	PF06156:YabA,PF00595:PDZ
DIPPA_35278.mRNA.1	PF00078:RVT_1,PF00078:RVT_1
DIPPA_35284.mRNA.1	PF06320:GCN5L1,PF00573:Ribosomal_L4
DIPPA_35288.mRNA.1	PF13516:LRR_6,PF13516:LRR_6,PF13516:LRR_6,PF13516:LRR_6,PF13516:LRR_6,PF13516:LRR_6,PF13516:LRR_6
DIPPA_35289.mRNA.1	PF14429:DOCK-C2,PF06920:DHR-2_Lobe_A
DIPPA_35300.mRNA.1	PF00078:RVT_1,PF00078:RVT_1
DIPPA_35308.mRNA.1	PF15387:DUF4611,PF04931:DNA_pol_phi,PF13249:SQHop_cyclase_N
DIPPA_35314.mRNA.1	PF08588:DUF1769,PF08588:DUF1769,PF02517:Rce1-like
DIPPA_35323.mRNA.1	PF13600:DUF4140,PF10002:DUF2243
DIPPA_35343.mRNA.1	PF00787:PX,PF08621:RPAP1_N,PF08621:RPAP1_N
DIPPA_35359.mRNA.1	PF00036:EF-hand_1,PF00036:EF-hand_1,PF08614:ATG16,PF04102:SlyX
DIPPA_35369.mRNA.1	PF05666:Fels1,PF10754:DUF2569
DIPPA_35370.mRNA.1	PF01169:UPF0016,PF01169:UPF0016
DIPPA_35371.mRNA.1	PF19893:DUF6366,PF20882:Sos7,PF19893:DUF6366
DIPPA_35373.mRNA.1	PF00038:Filament,PF08614:ATG16
DIPPA_35377.mRNA.1	PF05666:Fels1,PF10754:DUF2569
DIPPA_35377.mRNA.2	PF05666:Fels1,PF10754:DUF2569
DIPPA_35379.mRNA.1	PF00132:Hexapep,PF00132:Hexapep,PF00132:Hexapep
DIPPA_35389.mRNA.1	PF06495:Transformer,PF06388:DUF1075
DIPPA_35393.mRNA.1	PF05641:Agenet,PF04453:LptD,PF00169:PH
DIPPA_35396.mRNA.1	PF01051:Rep3_N,PF16559:GIT_CC,PF18077:DUF5595
DIPPA_35398.mRNA.1	PF12796:Ank_2,PF12796:Ank_2,PF12796:Ank_2,PF12796:Ank_2,PF12796:Ank_2,PF00023:Ank,PF00023:Ank,PF12796:Ank_2,PF12796:Ank_2
DIPPA_35399.mRNA.1	PF13456:RVT_3,PF16026:MIEAP
DIPPA_35403.mRNA.1	PF02211:NHase_beta_C,PF14192:DUF4314
DIPPA_35403.mRNA.2	PF02211:NHase_beta_C,PF14192:DUF4314
DIPPA_35407.mRNA.1	PF04102:SlyX,PF09886:DUF2113,PF04102:SlyX,PF02183:HALZ
DIPPA_35407.mRNA.2	PF09886:DUF2113,PF02183:HALZ
DIPPA_35409.mRNA.1	PF04388:Hamartin,PF03432:Relaxase
DIPPA_35409.mRNA.2	PF10187:FAM192A_Fyv6_N,PF03432:Relaxase,PF10187:FAM192A_Fyv6_N
DIPPA_35411.mRNA.1	PF13670:PepSY_2,PF07897:EAR
DIPPA_35414.mRNA.1	PF00795:CN_hydrolase,PF13639:zf-RING_2
DIPPA_35425.mRNA.1	PF11302:DUF3104,PF02183:HALZ
DIPPA_35427.mRNA.1	PF21314:TM_ErbB1,PF01789:PsbP,PF22712:SNaCT7
DIPPA_35431.mRNA.1	PF12253:CAF1A,PF08926:DUF1908
DIPPA_35440.mRNA.1	PF07897:EAR,PF18226:QslA,PF07897:EAR,PF18226:QslA
DIPPA_35440.mRNA.2	PF07897:EAR,PF18226:QslA,PF07897:EAR,PF18226:QslA
DIPPA_35448.mRNA.1	PF14362:DUF4407,PF12329:TMF_DNA_bd
DIPPA_35450.mRNA.1	PF02211:NHase_beta_C,PF02211:NHase_beta_C
DIPPA_35462.mRNA.1	PF10002:DUF2243,PF15663:zf-CCCH_3
DIPPA_35466.mRNA.1	PF13432:TPR_16,PF00226:DnaJ
DIPPA_35491.mRNA.1	PF18594:Sas6_CC,PF02601:Exonuc_VII_L,PF02601:Exonuc_VII_L,PF02601:Exonuc_VII_L
DIPPA_35491.mRNA.2	PF18594:Sas6_CC,PF02601:Exonuc_VII_L,PF02601:Exonuc_VII_L,PF02601:Exonuc_VII_L
DIPPA_35498.mRNA.1	PF11220:DUF3015,PF05205:COMPASS-Shg1,PF00078:RVT_1
DIPPA_35501.mRNA.1	PF19220:Crescentin,PF19111:DUF5798
DIPPA_35502.mRNA.1	PF17900:Peptidase_M1_N,PF01433:Peptidase_M1
DIPPA_35505.mRNA.1	PF00078:RVT_1,PF00078:RVT_1,PF10571:UPF0547
DIPPA_35508.mRNA.1	PF01080:Presenilin,PF13842:Tnp_zf-ribbon_2
DIPPA_35514.mRNA.1	PF07719:TPR_2,PF02814:UreE_N
DIPPA_35515.mRNA.1	PF00855:PWWP,PF07411:DUF1508
DIPPA_35534.mRNA.1	PF06737:Transglycosylas,PF06737:Transglycosylas
DIPPA_35536.mRNA.1	PF22600:MTPAP-like_central,PF14932:HAUS-augmin3
DIPPA_35538.mRNA.1	PF01541:GIY-YIG,PF21805:Imm5_like
DIPPA_35553.mRNA.1	PF02173:pKID,PF02173:pKID
DIPPA_35556.mRNA.2	PF11912:CfaA_B_C,PF11912:CfaA_B_C
DIPPA_35560.mRNA.1	PF21264:DYNC2H1_AAA_dom,PF21264:DYNC2H1_AAA_dom
DIPPA_35564.mRNA.1	PF13637:Ank_4,PF13637:Ank_4,PF10428:SOG2,PF00641:zf-RanBP
DIPPA_35582.mRNA.1	PF00536:SAM_1,PF13972:TetR
DIPPA_35582.mRNA.2	PF00536:SAM_1,PF13972:TetR
DIPPA_35594.mRNA.1	PF05262:Borrelia_P83,PF00642:zf-CCCH,PF00642:zf-CCCH
DIPPA_35622.mRNA.1	PF14073:Cep57_CLD,PF08601:PAP1,PF06419:COG6_N
DIPPA_35638.mRNA.1	PF05615:THOC7,PF01496:V_ATPase_I
DIPPA_35650.mRNA.1	PF00078:RVT_1,PF17919:RT_RNaseH_2
DIPPA_35660.mRNA.1	PF13516:LRR_6,PF13516:LRR_6
DIPPA_35665.mRNA.1	PF13456:RVT_3,PF13456:RVT_3
DIPPA_35666.mRNA.1	PF13456:RVT_3,PF06800:Sugar_transport
DIPPA_35669.mRNA.1	PF12329:TMF_DNA_bd,PF02183:HALZ,PF12104:Tcell_CD4_C
DIPPA_35671.mRNA.1	PF14608:zf-CCCH_2,PF14608:zf-CCCH_2
DIPPA_35673.mRNA.1	PF02845:CUE,PF05641:Agenet
DIPPA_35675.mRNA.1	PF00078:RVT_1,PF00075:RNase_H
DIPPA_35686.mRNA.1	PF05598:DUF772,PF00078:RVT_1,PF00078:RVT_1
DIPPA_35702.mRNA.1	PF00078:RVT_1,PF15451:DUF4632,PF21393:Phage_pb10_N
DIPPA_35709.mRNA.1	PF00734:CBM_1,PF00734:CBM_1,PF12128:DUF3584
DIPPA_35733.mRNA.1	PF08583:Cmc1,PF08583:Cmc1
DIPPA_35739.mRNA.1	PF12329:TMF_DNA_bd,PF10046:BLOC1_2
DIPPA_35739.mRNA.2	PF12329:TMF_DNA_bd,PF10046:BLOC1_2
DIPPA_35760.mRNA.1	PF00397:WW,PF00397:WW,PF15240:Pro-rich
DIPPA_35768.mRNA.1	PF00075:RNase_H,PF00075:RNase_H
DIPPA_35774.mRNA.1	PF00078:RVT_1,PF00078:RVT_1
DIPPA_35781.mRNA.1	PF16744:zf-RING_15,PF16744:zf-RING_15,PF16744:zf-RING_15
DIPPA_35782.mRNA.1	PF09316:Cmyb_C,PF00589:Phage_integrase
DIPPA_35788.mRNA.1	PF13166:AAA_13,PF15036:IL34
DIPPA_35793.mRNA.1	PF13913:zf-C2HC_2,PF19460:DUF5997
DIPPA_35794.mRNA.1	PF00027:cNMP_binding,PF00027:cNMP_binding,PF00027:cNMP_binding
DIPPA_35796.mRNA.1	PF00078:RVT_1,PF14777:BBIP10,PF00078:RVT_1,PF14777:BBIP10,PF13776:DUF4172
DIPPA_35800.mRNA.1	PF00569:ZZ,PF13894:zf-C2H2_4
DIPPA_35805.mRNA.1	PF00734:CBM_1,PF00734:CBM_1
DIPPA_35806.mRNA.1	PF01370:Epimerase,PF01370:Epimerase
DIPPA_35830.mRNA.1	PF00520:Ion_trans,PF00520:Ion_trans,PF00520:Ion_trans,PF00520:Ion_trans,PF00397:WW,PF00397:WW
DIPPA_35831.mRNA.1	PF08923:MAPKK1_Int,PF08923:MAPKK1_Int,PF08923:MAPKK1_Int
DIPPA_35844.mRNA.1	PF13855:LRR_8,PF13855:LRR_8,PF08271:TF_Zn_Ribbon,PF12052:VGCC_beta4Aa_N
DIPPA_35847.mRNA.1	PF01166:TSC22,PF01166:TSC22,PF19220:Crescentin,PF17469:GP68
DIPPA_35847.mRNA.2	PF19220:Crescentin,PF19220:Crescentin,PF17469:GP68
DIPPA_35851.mRNA.1	PF15469:Sec5,PF15469:Sec5,PF15469:Sec5
DIPPA_35852.mRNA.1	PF02272:DHHA1,PF04712:Radial_spoke,PF06743:FAST_1,PF06743:FAST_1
DIPPA_35853.mRNA.1	PF00295:Glyco_hydro_28,PF12708:Pectate_lyase_3
DIPPA_35853.mRNA.2	PF00295:Glyco_hydro_28,PF12708:Pectate_lyase_3
DIPPA_35869.mRNA.1	PF14608:zf-CCCH_2,PF00397:WW
DIPPA_35874.mRNA.1	PF21147:AMPK_alpha_AID,PF21147:AMPK_alpha_AID,PF21147:AMPK_alpha_AID
DIPPA_35879.mRNA.1	PF09272:Hepsin-SRCR,PF15243:ANAPC15,PF17915:zf_Rg,PF17915:zf_Rg,PF16820:PKD_3,PF15243:ANAPC15
DIPPA_35891.mRNA.1	PF09272:Hepsin-SRCR,PF15243:ANAPC15,PF17915:zf_Rg,PF17915:zf_Rg,PF16820:PKD_3,PF15243:ANAPC15
DIPPA_35904.mRNA.1	PF19893:DUF6366,PF20882:Sos7,PF19893:DUF6366
DIPPA_35910.mRNA.1	PF00397:WW,PF00096:zf-C2H2
DIPPA_35920.mRNA.1	PF05960:DUF885,PF00917:MATH
DIPPA_35927.mRNA.1	PF06667:PspB,PF05149:Flagellar_rod,PF15615:TerB_C,PF05823:Gp-FAR-1
DIPPA_35928.mRNA.1	PF13405:EF-hand_6,PF13405:EF-hand_6,PF00240:ubiquitin,PF00240:ubiquitin
DIPPA_35935.mRNA.1	PF00036:EF-hand_1,PF00036:EF-hand_1,PF00036:EF-hand_1,PF06511:T3SS_TC
DIPPA_35942.mRNA.1	PF05010:TACC_C,PF11034:Grg1
DIPPA_35959.mRNA.1	PF00435:Spectrin,PF05531:NPV_P10,PF22456:PqqF-like_C_4,PF16101:PRIMA1
DIPPA_35974.mRNA.1	PF00732:GMC_oxred_N,PF05199:GMC_oxred_C
DIPPA_35976.mRNA.1	PF00226:DnaJ,PF16727:REV1_C
DIPPA_35977.mRNA.1	PF18321:3HCDH_RFF,PF13412:HTH_24,PF18321:3HCDH_RFF,PF13412:HTH_24
DIPPA_35978.mRNA.1	PF00153:Mito_carr,PF00153:Mito_carr
DIPPA_50068.mRNA.1	PF00642:zf-CCCH,PF00642:zf-CCCH
DIPPA_50085.mRNA.2	PF00501:AMP-binding,PF13193:AMP-binding_C,PF12796:Ank_2,PF00023:Ank
DIPPA_50172.mRNA.1	PF19491:DUF6026,PF19491:DUF6026,PF19491:DUF6026
DIPPA_50221.mRNA.1	PF07653:SH3_2,PF13054:DUF3915
DIPPA_50568.mRNA.1	PF12855:Ecl1,PF20332:DUF6627
DIPPA_50568.mRNA.2	PF11559:ADIP,PF15188:CCDC-167
DIPPA_50568.mRNA.3	PF12855:Ecl1,PF11559:ADIP,PF15188:CCDC-167
DIPPA_50574.mRNA.1	PF04341:DUF485,PF00211:Guanylate_cyc
DIPPA_50783.mRNA.1	PF21481:DIKK1-2-4_C-subdom1,PF02977:CarbpepA_inh
DIPPA_50788.mRNA.1	PF11521:TFIIE-A_C,PF11521:TFIIE-A_C
DIPPA_50788.mRNA.2	PF11521:TFIIE-A_C,PF11521:TFIIE-A_C
DIPPA_50922.mRNA.1	PF13675:PilJ,PF00300:His_Phos_1,PF00300:His_Phos_1
DIPPA_50922.mRNA.2	PF13675:PilJ,PF00300:His_Phos_1,PF00300:His_Phos_1
DIPPA_51122.mRNA.1	PF15288:zf-CCHC_6,PF06990:Gal-3-0_sulfotr
DIPPA_51420.mRNA.1	PF20091:Abhydrolase_10,PF18912:DZR_2
DIPPA_51432.mRNA.1	PF11259:DUF3060,PF11259:DUF3060,PF10071:DUF2310
DIPPA_51440.mRNA.1	PF04410:Gar1,PF14898:DUF4491
DIPPA_51444.mRNA.2	PF09971:DUF2206,PF21659:Flavi_E_stem
DIPPA_51462.mRNA.1	PF03961:FapA,PF18828:LPD15
DIPPA_51747.mRNA.2	PF16573:CLP1_N,PF16575:CLP1_P,PF00365:PFK,PF06807:Clp1
DIPPA_51837.mRNA.1	PF09605:Trep_Strep,PF00211:Guanylate_cyc,PF00211:Guanylate_cyc
DIPPA_51855.mRNA.2	PF00400:WD40,PF00400:WD40,PF00400:WD40,PF00400:WD40,PF00038:Filament,PF00038:Filament,PF14077:WD40_alt,PF18455:GBR2_CC
DIPPA_51858.mRNA.1	PF03121:Herpes_UL52,PF03121:Herpes_UL52
DIPPA_52144.mRNA.1	PF01155:HypA,PF01155:HypA
DIPPA_52145.mRNA.1	PF00871:Acetate_kinase,PF06350:HSL_N,PF06350:HSL_N,PF07859:Abhydrolase_3
DIPPA_52184.mRNA.1	PF03351:DOMON,PF03351:DOMON
DIPPA_52243.mRNA.1	PF00612:IQ,PF00612:IQ,PF00612:IQ,PF00612:IQ,PF00612:IQ,PF00612:IQ,PF00612:IQ,PF00612:IQ,PF00612:IQ,PF00612:IQ,PF00612:IQ,PF00612:IQ,PF00612:IQ,PF00612:IQ,PF00612:IQ,PF00612:IQ,PF00612:IQ,PF00612:IQ,PF00612:IQ,PF00612:IQ,PF13516:LRR_6
DIPPA_52267.mRNA.1	PF00431:CUB,PF00431:CUB,PF00431:CUB,PF00431:CUB,PF00431:CUB
DIPPA_52267.mRNA.2	PF00431:CUB,PF00431:CUB,PF00431:CUB
DIPPA_52271.mRNA.1	PF00431:CUB,PF00431:CUB,PF00431:CUB
DIPPA_52337.mRNA.1	PF16736:sCache_like,PF00630:Filamin,PF13180:PDZ_2
DIPPA_52338.mRNA.1	PF02985:HEAT,PF02985:HEAT
DIPPA_52354.mRNA.1	PF00023:Ank,PF13857:Ank_5
DIPPA_52436.mRNA.1	PF10415:FumaraseC_C,PF13516:LRR_6,PF13516:LRR_6,PF13516:LRR_6,PF13516:LRR_6,PF13516:LRR_6,PF13516:LRR_6
DIPPA_52436.mRNA.3	PF13516:LRR_6,PF13516:LRR_6,PF13516:LRR_6
DIPPA_52526.mRNA.1	PF02862:DDHD,PF03107:C1_2,PF15341:SLX9,PF04810:zf-Sec23_Sec24
DIPPA_52535.mRNA.1	PF00612:IQ,PF02790:COX2_TM
DIPPA_52575.mRNA.1	PF07084:Spot_14,PF13376:OmdA,PF00307:CH
DIPPA_52612.mRNA.1	PF13516:LRR_6,PF13516:LRR_6,PF13516:LRR_6,PF13516:LRR_6,PF13516:LRR_6,PF13516:LRR_6
DIPPA_52614.mRNA.1	PF13317:DUF4088,PF07191:zinc-ribbons_6
DIPPA_52830.mRNA.1	PF17820:PDZ_6,PF08531:Bac_rhamnosid_N
DIPPA_52957.mRNA.1	PF19172:DUF5854,PF19172:DUF5854,PF19172:DUF5854
DIPPA_53115.mRNA.1	PF08240:ADH_N,PF00107:ADH_zinc_N,PF13602:ADH_zinc_N_2
DIPPA_53367.mRNA.1	PF00373:FERM_M,PF12089:DUF3566
DIPPA_53542.mRNA.1	PF00520:Ion_trans,PF00520:Ion_trans,PF00520:Ion_trans,PF00520:Ion_trans,PF16905:GPHH,PF00612:IQ
DIPPA_53544.mRNA.1	PF19036:Fuz_longin_1,PF19037:Fuz_longin_2,PF19038:Fuz_longin_3
DIPPA_53615.mRNA.1	PF00643:zf-B_box,PF13838:Clathrin_H_link
DIPPA_53811.mRNA.1	PF19010:DUF5739,PF19010:DUF5739
DIPPA_53935.mRNA.1	PF00400:WD40,PF06521:PAR1
DIPPA_54563.mRNA.1	PF18780:HNH_repeat,PF18780:HNH_repeat
DIPPA_54602.mRNA.1	PF00017:SH2,PF00017:SH2
DIPPA_54606.mRNA.1	PF21584:2L_N_poxvirus,PF07941:K_channel_TID
DIPPA_54632.mRNA.1	PF18044:zf-CCCH_4,PF14608:zf-CCCH_2
DIPPA_54718.mRNA.1	PF09731:Mitofilin,PF22586:ANCHR-like_BBOX
DIPPA_54831.mRNA.1	PF16819:DUF5074,PF13570:PQQ_3
DIPPA_54873.mRNA.1	PF04138:GtrA,PF04138:GtrA
DIPPA_54908.mRNA.1	PF13041:PPR_2,PF13041:PPR_2
DIPPA_54917.mRNA.1	PF00240:ubiquitin,PF00240:ubiquitin
DIPPA_54932.mRNA.1	PF16836:PSY3,PF00397:WW,PF00397:WW,PF00397:WW
DIPPA_54995.mRNA.1	PF00008:EGF,PF12968:DUF3856
DIPPA_55015.mRNA.1	PF02862:DDHD,PF03107:C1_2,PF15341:SLX9,PF04810:zf-Sec23_Sec24
DIPPA_55090.mRNA.1	PF02535:Zip,PF02535:Zip
DIPPA_55091.mRNA.1	PF20883:Kbp-5,PF08239:SH3_3
DIPPA_55124.mRNA.1	PF04849:HAP1_N,PF07200:Mod_r,PF12000:Glyco_trans_4_3,PF11726:Inovirus_Gp2
DIPPA_55144.mRNA.1	PF10809:DUF2732,PF10809:DUF2732
DIPPA_55145.mRNA.1	PF01963:TraB_PrgY_gumN,PF01963:TraB_PrgY_gumN
DIPPA_55152.mRNA.1	PF07334:IFP_35_N,PF15854:GPR15L,PF07334:IFP_35_N
DIPPA_55223.mRNA.1	PF10498:IFT57,PF17959:EF-hand_14
DIPPA_55270.mRNA.2	PF13639:zf-RING_2,PF22191:IBR_1,PF22191:IBR_1,PF13639:zf-RING_2
DIPPA_55314.mRNA.1	PF10498:IFT57,PF12795:MscS_porin
DIPPA_55314.mRNA.2	PF10498:IFT57,PF04065:Not3,PF10498:IFT57
DIPPA_55346.mRNA.1	PF03107:C1_2,PF12399:BCA_ABC_TP_C,PF12796:Ank_2,PF12796:Ank_2,PF12796:Ank_2,PF12796:Ank_2,PF12796:Ank_2,PF12796:Ank_2,PF12796:Ank_2,PF12796:Ank_2
DIPPA_55424.mRNA.2	PF00027:cNMP_binding,PF00027:cNMP_binding,PF00027:cNMP_binding,PF00027:cNMP_binding
DIPPA_55424.mRNA.3	PF00027:cNMP_binding,PF00027:cNMP_binding,PF00027:cNMP_binding,PF00027:cNMP_binding
DIPPA_55424.mRNA.4	PF00027:cNMP_binding,PF00027:cNMP_binding,PF00027:cNMP_binding,PF00027:cNMP_binding
DIPPA_55424.mRNA.5	PF00027:cNMP_binding,PF00027:cNMP_binding
DIPPA_55470.mRNA.1	PF11521:TFIIE-A_C,PF11521:TFIIE-A_C
DIPPA_55495.mRNA.1	PF01683:EB,PF01683:EB
DIPPA_55505.mRNA.1	PF00096:zf-C2H2,PF00096:zf-C2H2,PF00096:zf-C2H2
DIPPA_55552.mRNA.1	PF16689:APC_N_CC,PF04508:Pox_A_type_inc
DIPPA_55639.mRNA.1	PF00085:Thioredoxin,PF00612:IQ,PF00612:IQ
DIPPA_55684.mRNA.1	PF14149:YhfH,PF09040:H-K_ATPase_N,PF14149:YhfH,PF19811:DUF6294
DIPPA_55751.mRNA.1	PF00069:Pkinase,PF12731:Mating_N
DIPPA_55753.mRNA.1	PF11521:TFIIE-A_C,PF11521:TFIIE-A_C
DIPPA_55753.mRNA.2	PF11521:TFIIE-A_C,PF11521:TFIIE-A_C
DIPPA_55754.mRNA.1	PF10267:Tmemb_cc2,PF12743:ESR1_C
DIPPA_55754.mRNA.2	PF10267:Tmemb_cc2,PF12743:ESR1_C
DIPPA_55817.mRNA.1	PF00589:Phage_integrase,PF00589:Phage_integrase
DIPPA_55829.mRNA.1	PF12294:DUF3626,PF12294:DUF3626
DIPPA_55871.mRNA.1	PF13202:EF-hand_5,PF00404:Dockerin_1,PF13202:EF-hand_5
DIPPA_56131.mRNA.2	PF05478:Prominin,PF06197:DUF998
DIPPA_56299.mRNA.1	PF18289:HU-CCDC81_euk_2,PF01636:APH
DIPPA_56319.mRNA.1	PF03999:MAP65_ASE1,PF01395:PBP_GOBP
DIPPA_56399.mRNA.1	PF00642:zf-CCCH,PF00642:zf-CCCH
DIPPA_56587.mRNA.1	PF11976:Rad60-SLD,PF11873:Mltc_N
DIPPA_56655.mRNA.1	PF05335:DUF745,PF11559:ADIP,PF14662:KASH_CCD,PF11559:ADIP
DIPPA_56668.mRNA.1	PF00059:Lectin_C,PF13385:Laminin_G_3,PF13385:Laminin_G_3
DIPPA_56839.mRNA.1	PF00219:IGFBP,PF00219:IGFBP,PF19172:DUF5854
DIPPA_56903.mRNA.1	PF11521:TFIIE-A_C,PF11521:TFIIE-A_C
DIPPA_56903.mRNA.2	PF11521:TFIIE-A_C,PF11521:TFIIE-A_C
DIPPA_56989.mRNA.1	PF05515:Viral_NABP,PF11312:Methyltransf_34
DIPPA_57151.mRNA.2	PF15739:TSNAXIP1_N,PF15739:TSNAXIP1_N
DIPPA_57442.mRNA.1	PF12796:Ank_2,PF00023:Ank,PF00023:Ank,PF12796:Ank_2
DIPPA_57496.mRNA.1	PF07827:KNTase_C,PF00380:Ribosomal_S9
DIPPA_57554.mRNA.1	PF08738:Gon7,PF05524:PEP-utilisers_N
DIPPA_57656.mRNA.1	PF08746:zf-RING-like,PF08746:zf-RING-like,PF09535:Gmx_para_CXXCG
DIPPA_57784.mRNA.1	PF00299:Squash,PF00299:Squash,PF00299:Squash,PF00299:Squash,PF00299:Squash
DIPPA_57825.mRNA.1	PF03351:DOMON,PF03351:DOMON,PF03351:DOMON
DIPPA_57828.mRNA.1	PF22586:ANCHR-like_BBOX,PF22586:ANCHR-like_BBOX
DIPPA_57980.mRNA.1	PF06221:zf-C2HC5,PF06221:zf-C2HC5
DIPPA_58019.mRNA.1	PF00240:ubiquitin,PF00069:Pkinase
DIPPA_58019.mRNA.3	PF00240:ubiquitin,PF00069:Pkinase
DIPPA_58021.mRNA.1	PF02985:HEAT,PF06621:SIM_C
DIPPA_58107.mRNA.1	PF10498:IFT57,PF06818:Fez1,PF04686:SsgA
DIPPA_58218.mRNA.1	PF15761:IMUP,PF03107:C1_2,PF15341:SLX9,PF04810:zf-Sec23_Sec24
DIPPA_58553.mRNA.1	PF02862:DDHD,PF03107:C1_2,PF15341:SLX9,PF04810:zf-Sec23_Sec24
DIPPA_58659.mRNA.2	PF03153:TFIIA,PF22336:RhiE-like_linker
DIPPA_58671.mRNA.1	PF06009:Laminin_II,PF00435:Spectrin,PF13424:TPR_12
DIPPA_58720.mRNA.1	PF21481:DIKK1-2-4_C-subdom1,PF21481:DIKK1-2-4_C-subdom1,PF21481:DIKK1-2-4_C-subdom1
DIPPA_58772.mRNA.1	PF02183:HALZ,PF20718:Med16_bridge
DIPPA_58772.mRNA.2	PF02183:HALZ,PF20718:Med16_bridge
DIPPA_59009.mRNA.1	PF09261:Alpha-mann_mid,PF09261:Alpha-mann_mid
DIPPA_59093.mRNA.1	PF11521:TFIIE-A_C,PF11521:TFIIE-A_C
DIPPA_59093.mRNA.2	PF11521:TFIIE-A_C,PF11521:TFIIE-A_C
DIPPA_59171.mRNA.1	PF19013:DUF5742,PF19961:EAD8,PF21121:Nup49_C
DIPPA_59171.mRNA.2	PF19013:DUF5742,PF19961:EAD8
DIPPA_59178.mRNA.1	PF13424:TPR_12,PF13424:TPR_12
DIPPA_59261.mRNA.1	PF09750:DRY_EERY,PF03853:YjeF_N,PF01805:Surp,PF01805:Surp,PF01805:Surp,PF01805:Surp
DIPPA_59540.mRNA.1	PF11862:DUF3382,PF08469:NPHI_C
DIPPA_59571.mRNA.1	PF09731:Mitofilin,PF22586:ANCHR-like_BBOX
DIPPA_59580.mRNA.1	PF14257:DUF4349,PF02050:FliJ,PF12329:TMF_DNA_bd
DIPPA_59826.mRNA.1	PF13913:zf-C2HC_2,PF13913:zf-C2HC_2
DIPPA_59862.mRNA.1	PF17820:PDZ_6,PF19955:EAD1
DIPPA_59948.mRNA.1	PF00096:zf-C2H2,PF00096:zf-C2H2,PF00096:zf-C2H2
DIPPA_60210.mRNA.1	PF00096:zf-C2H2,PF00096:zf-C2H2,PF00096:zf-C2H2
DIPPA_60408.mRNA.1	PF02862:DDHD,PF03107:C1_2,PF15341:SLX9,PF04810:zf-Sec23_Sec24
DIPPA_60573.mRNA.1	PF16366:CEBP_ZZ,PF05110:AF-4,PF00569:ZZ,PF00098:zf-CCHC,PF04818:CID
DIPPA_60631.mRNA.1	PF08459:UvrC_RNaseH_dom,PF00694:Aconitase_C
DIPPA_60697.mRNA.1	PF02862:DDHD,PF03107:C1_2,PF15341:SLX9,PF04810:zf-Sec23_Sec24
DIPPA_60792.mRNA.1	PF00884:Sulfatase,PF14707:Sulfatase_C
DIPPA_61118.mRNA.1	PF13839:PC-Esterase,PF13839:PC-Esterase
DIPPA_61183.mRNA.1	PF00076:RRM_1,PF00076:RRM_1
DIPPA_61469.mRNA.1	PF06664:WLS-like_TM,PF17529:DUF5450
DIPPA_61698.mRNA.1	PF06005:ZapB,PF06005:ZapB
DIPPA_61752.mRNA.1	PF00085:Thioredoxin,PF00612:IQ,PF00612:IQ
DIPPA_61752.mRNA.2	PF11884:DUF3404,PF00106:adh_short
DIPPA_61752.mRNA.3	PF00085:Thioredoxin,PF00612:IQ,PF00612:IQ
DIPPA_61967.mRNA.1	PF07160:SKA1,PF07160:SKA1
DIPPA_62096.mRNA.1	PF09838:DUF2065,PF04130:GCP_C_terminal
DIPPA_62098.mRNA.1	PF00096:zf-C2H2,PF00096:zf-C2H2,PF00096:zf-C2H2
DIPPA_62117.mRNA.1	PF13202:EF-hand_5,PF13202:EF-hand_5,PF10558:MTP18
DIPPA_62143.mRNA.1	PF00431:CUB,PF00431:CUB
DIPPA_62143.mRNA.2	PF00431:CUB,PF00431:CUB
DIPPA_62143.mRNA.3	PF00431:CUB,PF00431:CUB
DIPPA_62312.mRNA.1	PF00404:Dockerin_1,PF00404:Dockerin_1,PF00404:Dockerin_1
DIPPA_62313.mRNA.1	PF00404:Dockerin_1,PF00404:Dockerin_1,PF00404:Dockerin_1
DIPPA_62377.mRNA.1	PF00313:CSD,PF00313:CSD
DIPPA_62403.mRNA.1	PF20062:DUF6461,PF03604:DNA_RNApol_7kD,PF05701:WEMBL,PF18096:Thump_like
DIPPA_62634.mRNA.1	PF11137:DUF2909,PF13903:Claudin_2
DIPPA_62634.mRNA.2	PF11137:DUF2909,PF13903:Claudin_2
DIPPA_62658.mRNA.1	PF11717:Tudor-knot,PF17772:zf-MYST,PF01853:MOZ_SAS,PF01853:MOZ_SAS,PF13508:Acetyltransf_7
DIPPA_62860.mRNA.1	PF02315:MDH,PF02601:Exonuc_VII_L,PF22783:BapA_N,PF12991:DUF3875
DIPPA_63029.mRNA.1	PF08961:NRBF2,PF18699:MRPL52
DIPPA_63029.mRNA.2	PF08961:NRBF2,PF18699:MRPL52
DIPPA_63294.mRNA.1	PF11884:DUF3404,PF00106:adh_short
DIPPA_63294.mRNA.2	PF00085:Thioredoxin,PF00612:IQ,PF00612:IQ
DIPPA_63294.mRNA.3	PF00085:Thioredoxin,PF00612:IQ,PF00612:IQ
DIPPA_63311.mRNA.1	PF20091:Abhydrolase_10,PF18912:DZR_2
DIPPA_63331.mRNA.1	PF00612:IQ,PF00612:IQ,PF00612:IQ,PF00612:IQ
DIPPA_63362.mRNA.1	PF04508:Pox_A_type_inc,PF14662:KASH_CCD
DIPPA_63411.mRNA.1	PF01907:Ribosomal_L37e,PF01907:Ribosomal_L37e,PF17182:OSK
DIPPA_63507.mRNA.1	PF19491:DUF6026,PF19491:DUF6026,PF19491:DUF6026
DIPPA_63526.mRNA.1	PF09858:DUF2085,PF09858:DUF2085
DIPPA_63573.mRNA.1	PF13287:Fn3_assoc,PF13287:Fn3_assoc,PF21314:TM_ErbB1
DIPPA_63641.mRNA.1	PF01400:Astacin,PF07974:EGF_2,PF07974:EGF_2
DIPPA_63732.mRNA.1	PF11521:TFIIE-A_C,PF11521:TFIIE-A_C
DIPPA_63734.mRNA.1	PF11521:TFIIE-A_C,PF11521:TFIIE-A_C
DIPPA_63742.mRNA.1	PF20572:DUF6781,PF20572:DUF6781
DIPPA_63742.mRNA.2	PF20572:DUF6781,PF20572:DUF6781
DIPPA_64012.mRNA.1	PF11887:Mce4_CUP1,PF06009:Laminin_II
DIPPA_64190.mRNA.1	PF13516:LRR_6,PF11900:DUF3420
DIPPA_64275.mRNA.1	PF12393:Dr_adhesin,PF12393:Dr_adhesin
DIPPA_64313.mRNA.2	PF00400:WD40,PF07494:Reg_prop,PF00400:WD40,PF00400:WD40
DIPPA_64817.mRNA.1	PF13516:LRR_6,PF00560:LRR_1
DIPPA_64818.mRNA.1	PF12799:LRR_4,PF13516:LRR_6,PF13516:LRR_6
DIPPA_64899.mRNA.1	PF00024:PAN_1,PF00642:zf-CCCH
DIPPA_64933.mRNA.1	PF22331:Sas-6-like_oligomerization,PF22331:Sas-6-like_oligomerization
DIPPA_64938.mRNA.1	PF12498:bZIP_C,PF00169:PH
DIPPA_64938.mRNA.2	PF12498:bZIP_C,PF00169:PH
DIPPA_65225.mRNA.1	PF11521:TFIIE-A_C,PF11521:TFIIE-A_C
DIPPA_65225.mRNA.2	PF11521:TFIIE-A_C,PF11521:TFIIE-A_C
DIPPA_65230.mRNA.1	PF07724:AAA_2,PF00646:F-box
DIPPA_65231.mRNA.1	PF07724:AAA_2,PF00646:F-box
DIPPA_65243.mRNA.1	PF11521:TFIIE-A_C,PF11521:TFIIE-A_C
DIPPA_65243.mRNA.2	PF11521:TFIIE-A_C,PF11521:TFIIE-A_C
DIPPA_65244.mRNA.1	PF11521:TFIIE-A_C,PF11521:TFIIE-A_C
DIPPA_65244.mRNA.2	PF11521:TFIIE-A_C,PF11521:TFIIE-A_C
DIPPA_65460.mRNA.1	PF08597:eIF3_subunit,PF10241:KxDL
DIPPA_65533.mRNA.1	PF22601:RIM2a_ZnF,PF01129:ART
DIPPA_65535.mRNA.1	PF13503:DUF4123,PF01090:Ribosomal_S19e
DIPPA_65604.mRNA.1	PF17820:PDZ_6,PF17820:PDZ_6
DIPPA_65609.mRNA.1	PF20091:Abhydrolase_10,PF18912:DZR_2
DIPPA_65876.mRNA.1	PF00400:WD40,PF00400:WD40,PF00400:WD40,PF00400:WD40
DIPPA_65901.mRNA.1	PF13893:RRM_5,PF13893:RRM_5
DIPPA_65908.mRNA.1	PF19733:DUF6223,PF08592:Anthrone_oxy
DIPPA_70008.mRNA.1	PF03024:Folate_rec,PF03024:Folate_rec
DIPPA_70012.mRNA.1	PF13917:zf-CCHC_3,PF13917:zf-CCHC_3
DIPPA_70015.mRNA.1	PF10186:ATG14,PF12808:Mto2_bdg,PF12001:DUF3496
DIPPA_70022.mRNA.1	PF15477:SMAP,PF15477:SMAP
DIPPA_70031.mRNA.1	PF17176:tRNA_bind_3,PF00432:Prenyltrans,PF00432:Prenyltrans,PF00432:Prenyltrans,PF00432:Prenyltrans,PF00432:Prenyltrans
DIPPA_70032.mRNA.1	PF15057:DUF4537,PF09209:CecR_C,PF16702:DUF5063,PF16702:DUF5063
DIPPA_70032.mRNA.2	PF15057:DUF4537,PF09209:CecR_C,PF16702:DUF5063,PF16702:DUF5063
DIPPA_70033.mRNA.1	PF08692:Pet20,PF19715:DUF6210
DIPPA_70040.mRNA.1	PF00687:Ribosomal_L1,PF13637:Ank_4
DIPPA_70049.mRNA.1	PF15377:DUF4604,PF15377:DUF4604
DIPPA_70051.mRNA.1	PF00008:EGF,PF07974:EGF_2,PF00024:PAN_1,PF00024:PAN_1
DIPPA_70063.mRNA.1	PF00612:IQ,PF00612:IQ,PF00612:IQ,PF00612:IQ,PF00612:IQ,PF00612:IQ,PF00612:IQ
DIPPA_70067.mRNA.1	PF18345:zf_CCCH_4,PF00076:RRM_1,PF15294:Leu_zip,PF07499:RuvA_C
DIPPA_70073.mRNA.1	PF00629:MAM,PF00629:MAM
DIPPA_70074.mRNA.1	PF05790:C2-set,PF16331:TolA_bind_tri
DIPPA_70075.mRNA.1	PF13017:Maelstrom,PF22038:PRC2_EED_ins
DIPPA_70078.mRNA.1	PF00093:VWC,PF00093:VWC,PF00093:VWC,PF00093:VWC,PF00093:VWC,PF00093:VWC,PF00093:VWC,PF00093:VWC,PF00093:VWC,PF00093:VWC,PF00093:VWC,PF00093:VWC,PF00093:VWC,PF00093:VWC,PF00093:VWC,PF00093:VWC,PF00093:VWC,PF00093:VWC,PF00093:VWC,PF00093:VWC,PF00093:VWC,PF00093:VWC,PF00093:VWC,PF00093:VWC,PF00093:VWC,PF00093:VWC,PF00093:VWC,PF00093:VWC,PF00093:VWC
DIPPA_70081.mRNA.1	PF00435:Spectrin,PF00038:Filament
DIPPA_70083.mRNA.1	PF19965:VMAP-M2,PF19965:VMAP-M2
DIPPA_70088.mRNA.1	PF10391:DNA_pol_lambd_f,PF14792:DNA_pol_B_palm,PF14791:DNA_pol_B_thumb
DIPPA_70091.mRNA.1	PF11942:Spt5_N,PF04102:SlyX,PF11387:DUF2795
DIPPA_70093.mRNA.1	PF12796:Ank_2,PF00023:Ank,PF00023:Ank,PF12796:Ank_2,PF00023:Ank,PF00023:Ank
DIPPA_70094.mRNA.1	PF00023:Ank,PF00023:Ank
DIPPA_70097.mRNA.1	PF13041:PPR_2,PF13041:PPR_2,PF13041:PPR_2,PF01535:PPR
DIPPA_70102.mRNA.1	PF00682:HMGL-like,PF22617:HCS_D2,PF08502:LeuA_dimer
DIPPA_70105.mRNA.1	PF00081:Sod_Fe_N,PF02777:Sod_Fe_C
DIPPA_70106.mRNA.1	PF07653:SH3_2,PF13054:DUF3915
DIPPA_70108.mRNA.1	PF10513:EPL1,PF10513:EPL1,PF03031:NIF
DIPPA_70117.mRNA.1	PF00206:Lyase_1,PF10415:FumaraseC_C
DIPPA_70117.mRNA.2	PF00206:Lyase_1,PF10415:FumaraseC_C
DIPPA_70119.mRNA.1	PF03770:IPK,PF00168:C2
DIPPA_70120.mRNA.2	PF00481:PP2C,PF00481:PP2C
DIPPA_70121.mRNA.1	PF00400:WD40,PF00400:WD40,PF00400:WD40,PF00400:WD40
DIPPA_70122.mRNA.1	PF18474:DUF5614,PF07000:DUF1308
DIPPA_70123.mRNA.1	PF00588:SpoU_methylase,PF00035:dsrm,PF00588:SpoU_methylase
DIPPA_70124.mRNA.1	PF08616:SPA,PF00701:DHDPS
DIPPA_70126.mRNA.1	PF14662:KASH_CCD,PF00307:CH,PF19596:DUF6101
DIPPA_70130.mRNA.1	PF17820:PDZ_6,PF13180:PDZ_2,PF17820:PDZ_6
DIPPA_70133.mRNA.1	PF04406:TP6A_N,PF04406:TP6A_N,PF21180:TOP6A-Spo11_Toprim
DIPPA_70138.mRNA.1	PF00153:Mito_carr,PF00153:Mito_carr,PF00153:Mito_carr
DIPPA_70141.mRNA.1	PF11830:DUF3350,PF01590:GAF
DIPPA_70142.mRNA.1	PF08663:HalX,PF01765:RRF
DIPPA_70143.mRNA.1	PF03458:Gly_transporter,PF03458:Gly_transporter
DIPPA_70144.mRNA.1	PF02815:MIR,PF02815:MIR
DIPPA_70146.mRNA.1	PF08192:Peptidase_S64,PF01549:ShK
DIPPA_70151.mRNA.1	PF00400:WD40,PF00400:WD40,PF00400:WD40,PF00400:WD40,PF00400:WD40,PF00558:Vpu,PF00400:WD40,PF04102:SlyX
DIPPA_70152.mRNA.1	PF19310:TOP_N,PF01432:Peptidase_M3
DIPPA_70153.mRNA.1	PF00076:RRM_1,PF05557:MAD,PF04697:Pinin_SDK_N
DIPPA_70154.mRNA.1	PF18284:DNA_meth_N,PF00348:polyprenyl_synt,PF07307:HEPPP_synt_1
DIPPA_70155.mRNA.1	PF02847:MA3,PF00069:Pkinase
DIPPA_70164.mRNA.1	PF01764:Lipase_3,PF01363:FYVE
DIPPA_70168.mRNA.1	PF12146:Hydrolase_4,PF12146:Hydrolase_4
DIPPA_70170.mRNA.1	PF02798:GST_N,PF00043:GST_C,PF00043:GST_C,PF00043:GST_C
DIPPA_70176.mRNA.1	PF00270:DEAD,PF00271:Helicase_C
DIPPA_70179.mRNA.1	PF13774:Longin,PF00957:Synaptobrevin
DIPPA_70182.mRNA.1	PF09439:SRPRB,PF10199:Adaptin_binding
DIPPA_70183.mRNA.1	PF13041:PPR_2,PF13041:PPR_2,PF17177:PPR_long,PF13812:PPR_3
DIPPA_70187.mRNA.1	PF03060:NMO,PF00478:IMPDH
DIPPA_70189.mRNA.1	PF03060:NMO,PF00478:IMPDH
DIPPA_70191.mRNA.1	PF13967:RSN1_TM,PF14703:PHM7_cyt,PF02714:RSN1_7TM
DIPPA_70192.mRNA.1	PF00316:FBPase,PF18913:FBPase_C
DIPPA_70195.mRNA.1	PF12796:Ank_2,PF00023:Ank,PF12796:Ank_2,PF00023:Ank,PF12796:Ank_2
DIPPA_70197.mRNA.1	PF00350:Dynamin_N,PF01926:MMR_HSR1,PF01031:Dynamin_M,PF02212:GED
DIPPA_70201.mRNA.1	PF08702:Fib_alpha,PF08702:Fib_alpha,PF13851:GAS,PF17675:APG6_N,PF08702:Fib_alpha,PF08702:Fib_alpha,PF06160:EzrA
DIPPA_70205.mRNA.1	PF00168:C2,PF01906:YbjQ_1,PF08517:AXH
DIPPA_70208.mRNA.1	PF13191:AAA_16,PF22606:Cdc6-ORC-like_ATPase_lid
DIPPA_70217.mRNA.1	PF12951:PATR,PF12951:PATR,PF15979:Glyco_hydro_115,PF19190:BACON_2,PF17829:GH115_C
DIPPA_70218.mRNA.1	PF21167:DUF6851,PF22778:VCPO_2nd
DIPPA_70219.mRNA.1	PF21167:DUF6851,PF22778:VCPO_2nd
DIPPA_70220.mRNA.1	PF12247:MKT1_N,PF22120:T6SS_Tse3_N
DIPPA_70222.mRNA.1	PF15288:zf-CCHC_6,PF14441:OTT_1508_deam
DIPPA_70234.mRNA.1	PF07650:KH_2,PF00189:Ribosomal_S3_C
DIPPA_70241.mRNA.1	PF21743:PTM_DIR17_Tudor,PF00557:Peptidase_M24
DIPPA_70242.mRNA.1	PF13499:EF-hand_7,PF13499:EF-hand_7
DIPPA_70246.mRNA.1	PF00153:Mito_carr,PF00153:Mito_carr,PF00153:Mito_carr
DIPPA_70247.mRNA.1	PF10127:RlaP,PF12917:YfbR-like
DIPPA_70249.mRNA.1	PF00153:Mito_carr,PF00153:Mito_carr,PF00153:Mito_carr
DIPPA_70251.mRNA.1	PF00132:Hexapep,PF00132:Hexapep
DIPPA_70262.mRNA.1	PF00076:RRM_1,PF00076:RRM_1
DIPPA_70262.mRNA.2	PF00076:RRM_1,PF00076:RRM_1
DIPPA_70268.mRNA.2	PF05743:UEV,PF06017:Myosin_TH1
DIPPA_70271.mRNA.1	PF01331:mRNA_cap_enzyme,PF01331:mRNA_cap_enzyme,PF03919:mRNA_cap_C,PF03291:mRNA_G-N7_MeTrfase
DIPPA_70272.mRNA.1	PF00076:RRM_1,PF00076:RRM_1
DIPPA_70278.mRNA.1	PF12690:BsuPI,PF14200:RicinB_lectin_2,PF14200:RicinB_lectin_2,PF14200:RicinB_lectin_2,PF14200:RicinB_lectin_2,PF13385:Laminin_G_3
DIPPA_70280.mRNA.1	PF00023:Ank,PF00023:Ank,PF00023:Ank,PF00023:Ank,PF00023:Ank,PF00023:Ank
DIPPA_70290.mRNA.1	PF00111:Fer2,PF01799:Fer2_2,PF00941:FAD_binding_5,PF03450:CO_deh_flav_C,PF01315:Ald_Xan_dh_C,PF02738:MoCoBD_1,PF20256:MoCoBD_2
DIPPA_70291.mRNA.1	PF00240:ubiquitin,PF00240:ubiquitin,PF00024:PAN_1
DIPPA_70294.mRNA.1	PF13639:zf-RING_2,PF12678:zf-rbx1,PF13639:zf-RING_2,PF05656:DUF805
DIPPA_70295.mRNA.1	PF21823:MUCL1,PF21823:MUCL1
DIPPA_70296.mRNA.1	PF00097:zf-C3HC4,PF20388:DUF6683,PF06803:DUF1232
DIPPA_70299.mRNA.1	PF17820:PDZ_6,PF12033:DUF3519,PF12033:DUF3519,PF12033:DUF3519
DIPPA_70304.mRNA.1	PF00069:Pkinase,PF21127:ATG1-like_MIT2
DIPPA_70307.mRNA.1	PF00069:Pkinase,PF11365:SOGA
DIPPA_70310.mRNA.1	PF10163:EnY2,PF08172:CASP_C
DIPPA_70319.mRNA.1	PF10803:GerPB,PF10803:GerPB,PF16101:PRIMA1
DIPPA_70329.mRNA.1	PF22586:ANCHR-like_BBOX,PF14362:DUF4407,PF01363:FYVE
DIPPA_70330.mRNA.1	PF04579:Keratin_matx,PF08007:JmjC_2,PF08007:JmjC_2
DIPPA_70331.mRNA.1	PF16092:CFAP61_N,PF16092:CFAP61_N,PF07992:Pyr_redox_2
DIPPA_70333.mRNA.1	PF00078:RVT_1,PF17917:RT_RNaseH
DIPPA_70334.mRNA.1	PF18281:BILBO1_N,PF13499:EF-hand_7,PF17675:APG6_N
DIPPA_70345.mRNA.1	PF15904:LIP1,PF12799:LRR_4,PF12799:LRR_4,PF00307:CH
DIPPA_70346.mRNA.1	PF04874:Mak16,PF04147:Nop14,PF21039:CEP104_ZnF
DIPPA_70349.mRNA.1	PF00059:Lectin_C,PF00059:Lectin_C,PF00059:Lectin_C,PF00059:Lectin_C,PF00059:Lectin_C,PF00059:Lectin_C
DIPPA_70356.mRNA.1	PF00675:Peptidase_M16,PF05193:Peptidase_M16_C,PF16187:Peptidase_M16_M
DIPPA_70359.mRNA.1	PF03915:AIP3,PF02662:FlpD
DIPPA_70365.mRNA.1	PF19117:Mim2,PF19117:Mim2
DIPPA_70368.mRNA.1	PF13519:VWA_2,PF13519:VWA_2
