PF04275	P-mevalo_kinase	4.0983112993444655
PF01378	IgG_binding_B	2.1672646822916306
PF19108	DUF5795	2.6093799338686097
PF10158	LOH1CR12	2.1990350281968376
PF03343	SART-1	3.0341705552082834
PF21600	ZSWIM1-3_helical	5.218759867737219
PF02403	Seryl_tRNA_N	0.20077300919415988
PF02348	CTP_transf_3	1.7162850230819293
PF05072	Herpes_UL43	17.97820769809902
PF00578	AhpC-TSA	1.1943765564003486
PF00568	WH1	0.6181748926991906
PF16733	NRho	5.659402566033006
PF15073	SPATA48	17.97820769809902
PF19799	DUF6282	1.5912850230819293
PF10423	AMNp_N	16.97820769809902
PF15336	Auts2	5.46441506579262
PF14654	Epiglycanin_C	3.994551924524755
PF00822	PMP22_Claudin	1.2627949869862438
PF13538	UvrD_C_2	0.45881652231601294
PF14657	Arm-DNA-bind_4	3.195641539619804
PF16770	RTT107_BRCT_5	1.799155649672233
PF11778	SID	5.46441506579262
PF10295	DUF2406	5.46441506579262
PF00741	Gas_vesicle	3.078649039475573
PF07728	AAA_5	0.3622981783354717
PF03378	CAS_CSE1	1.9843921224069543
PF00392	GntR	0.6305915280750475
PF12820	BRCT_assoc	2.9037552158923443
PF07022	Phage_CI_repr	3.848311299344466
PF05043	Mga	1.497820769809902
PF06382	Protamine_like	17.97820769809902
PF17941	PP_kinase_C_1	1.9143924336282239
PF15980	ComGF	17.97820769809902
PF19358	DUF5935	17.97820769809902
PF12637	TSCPD	16.97820769809902
PF07534	TLD	0.6936863667649635
PF17469	GP68	16.393245197377862
PF05485	THAP	0.5472126206660982
PF22096	TagH_C	3.9140699008029145
PF05955	Herpes_gp2	17.97820769809902
PF04151	PPC	1.3454645742042006
PF02985	HEAT	0.06575050845452153
PF08930	DUF1912	7.98910384904951
PF05277	DUF726	3.994551924524755
PF16658	RF3_C	2.3211801851499234
PF06777	HBB	1.297820769809902
PF09095	AmyA-gluTrfs_C	15.393245197377864
PF19273	Exportin-5	7.696622598688932
PF16421	E2F_CC-MB	1.3170852776041417
PF05992	SbmA_BacA	5.659402566033006
PF17500	CKI	8.48910384904951
PF01628	HrcA	0.2305056266350884
PF08365	IGF2_C	4.602760898885569
PF21263	Acyl-CoA-dh_C	8.98910384904951
PF07555	NAGidase	3.9140699008029145
PF15375	DUF4602	17.97820769809902
PF02246	B1	17.97820769809902
PF09361	Phasin_2	4.0983112993444655
PF20444	DUF6703	17.97820769809902
PF01077	NIR_SIR	1.4576315197854064
PF05269	Phage_CII	17.97820769809902
PF06083	IL17	17.97820769809902
PF15344	FAM217	5.326069232699673
PF21317	BetaGal_ABD_1	2.6341705552082835
PF06050	HGD-D	2.565540866229644
PF11476	TgMIC1	8.48910384904951
PF22099	MRS2-like	1.0608566820546195
PF01082	Cu2_monooxygen	4.407773398645183
PF16177	ACAS_N	5.0886538990893575
PF04999	FtsL	1.896356597005177
PF02102	Peptidase_M35	5.46441506579262
PF05268	GP38	7.585426388020708
PF22199	FKBP26_IF	5.218759867737219
PF17602	DUF5498	5.659402566033006
PF13732	DUF4162	1.7792351060060008
PF13734	Inhibitor_I69	3.6640699008029145
PF10122	Mu-like_Com	8.196622598688931
PF22741	PTP-NADK	1.896356597005177
PF07501	G5	1.2350809341200237
PF06337	DUSP	0.8242331902655874
PF02202	Tachykinin	7.404141348328354
PF18296	MID_MedPIWI	2.3796279966596545
PF03954	Lectin_N	1.736343107106085
PF09381	Porin_OmpG	8.48910384904951
PF03010	GP4	17.97820769809902
PF22213	CPV_RdRP_C	7.98910384904951
PF03307	Adeno_E3_15_3	8.48910384904951
PF00276	Ribosomal_L23	0.985252515127439
PF06293	Kdo	1.4071317102490501
PF04031	Las1	3.195641539619804
PF00902	TatC	1.075246746007617
PF20191	DUF6554	2.115468956665244
PF14811	TPD	7.98910384904951
PF18537	CODH_A_N	5.46441506579262
PF09125	COX2-transmemb	5.46441506579262
PF21322	KDM6_C-hel	7.585426388020708
PF10488	PP1c_bdg	2.528475462673569
PF16745	RsgA_N	1.7775541238024442
PF20056	DUF6455	17.97820769809902
PF08270	PRD_Mga	5.659402566033006
PF14575	EphA2_TM	0.5116849709769595
PF12097	DUF3573	3.744551924524755
PF07533	BRK	1.1265646732884766
PF10378	RRM	3.195641539619804
PF11089	SyrA	5.659402566033006
PF18468	Pfk_N	15.170852776041416
PF18073	Rubredoxin_2	1.2454645742042008
PF15662	SPATA3	3.848311299344466
PF12407	Abdominal-A	1.9508970861730939
PF18030	Rimk_N	3.525776087272278
PF14870	PSII_BNR	2.961656539331342
PF17566	DUF5472	3.994551924524755
PF04226	Transgly_assoc	4.0983112993444655
PF18008	Bac_RepA_C	3.195641539619804
PF22391	DUF6975	5.46441506579262
PF20472	PDDEXK_11	17.97820769809902
PF20516	PDDEXK_12	8.98910384904951
PF08315	cwf18	4.0983112993444655
PF10275	Peptidase_C65	2.3151241428081133
PF06595	BDV_P24	2.73220753289631
PF02330	MAM33	8.98910384904951
PF12119	DUF3581	8.98910384904951
PF16671	ACD	5.46441506579262
PF08547	CIA30	8.48910384904951
PF05585	DUF1758	8.48910384904951
PF12494	DUF3695	5.659402566033006
PF08497	Radical_SAM_N	3.146472568830065
PF15122	TMEM206	8.98910384904951
PF01091	PTN_MK_C	14.0713171024905
PF04003	Utp12	1.2175677452161695
PF12798	Fer4_3	3.9140699008029145
PF10590	PNP_phzG_C	0.862032061019259
PF15700	DUF4667	8.48910384904951
PF18548	MetOD2	8.196622598688931
PF13685	Fe-ADH_2	2.7312559206423317
PF22289	DmmA-like_C	3.994551924524755
PF17470	Gp45_2	17.97820769809902
PF09230	DFF40	7.828139801605829
PF07291	MauE	3.078649039475573
PF03853	YjeF_N	1.032770433114822
PF14859	Colicin_M	8.48910384904951
PF20057	DUF6456	2.73220753289631
PF03214	RGP	5.46441506579262
PF04305	DUF455	17.97820769809902
PF13188	PAS_8	0.6310327846740469
PF21497	TcpC-like_C	5.659402566033006
PF22897	TIL_2	17.97820769809902
PF11810	DUF3332	17.97820769809902
PF03256	ANAPC10	1.062175592050516
PF22497	DUF6989	17.97820769809902
PF11680	DUF3276	3.6640699008029145
PF10528	GLEYA	8.196622598688931
PF22672	DBL_C	5.659402566033006
PF17937	TetR_C_28	1.2882593432764924
PF10067	DUF2306	17.97820769809902
PF05253	zf-U11-48K	2.746056036931087
PF02518	HATPase_c	0.16565958813206538
PF16711	SCAB-ABD	8.196622598688931
PF00104	Hormone_recep	0.2673371896823753
PF03816	LytR_cpsA_psr	1.062175592050516
PF05739	SNARE	0.3604770063203216
PF02705	K_trans	3.1811931568207648
PF02354	Latrophilin	4.506258693153907
PF13869	NUDIX_2	16.97820769809902
PF21843	DUF6902	17.97820769809902
PF16268	DUF4921	8.98910384904951
PF02407	Viral_Rep	13.393245197377864
PF17525	DUF5447	8.98910384904951
PF04493	Endonuclease_5	2.961656539331342
PF01341	Glyco_hydro_6	2.276046600535276
PF07544	Med9	0.41721979286259886
PF09412	XendoU	2.528475462673569
PF00162	PGK	2.4963679496831697
PF16887	DUF5081	17.97820769809902
PF04583	Baculo_p74	7.98910384904951
PF05483	SCP-1	8.98910384904951
PF14696	Glyoxalase_5	4.885426534403885
PF12854	PPR_1	1.1674426949921917
PF00052	Laminin_B	1.881550396577345
PF04843	Herpes_teg_N	0.7474803190023336
PF18915	DUF5667	2.2826010997284314
PF21208	euk_SelB_III	3.195641539619804
PF04380	BMFP	1.2213566336009714
PF00158	Sigma54_activat	0.3084221941696866
PF21045	INT10	17.97820769809902
PF18923	DUF5673	2.565540866229644
PF22813	TcaA_2nd	1.2021200178123228
PF20283	CTD7	8.98910384904951
PF17819	Tex55	5.46441506579262
PF05622	HOOK	0.6099182236503193
PF03838	RecU	3.9140699008029145
PF15883	DUF4736	8.48910384904951
PF16524	RisS_PPD	8.196622598688931
PF00518	E6	0.7810451752916427
PF22947	ULD_3	7.98910384904951
PF08006	HAAS_TM	17.97820769809902
PF00590	TP_methylase	0.5211809423210692
PF11789	zf-Nse	1.6453647440729675
PF15353	HECA	16.97820769809902
PF15472	DUF4638	8.98910384904951
PF02159	Oest_recep	3.3636614355105015
PF13533	Biotin_lipoyl_2	0.43516255583715324
PF14116	YyzF	5.659402566033006
PF19601	DUF6106	5.659402566033006
PF07931	CPT	3.744551924524755
PF12673	SipL	3.3956415396198043
PF18623	TnsE_C	17.97820769809902
PF18773	Importin_rep	4.992735899366339
PF20732	NamZ_C	17.97820769809902
PF19160	SPARK	3.9140699008029145
PF11524	SeleniumBinding	17.97820769809902
PF22123	Exu_RNase_H_like	15.97820769809902
PF02332	Phenol_Hydrox	3.078649039475573
PF20694	TRADD-like_N	15.656279603211658
PF02376	CUT	0.9610461244315718
PF00710	Asparaginase	2.346056036931087
PF02765	POT1	1.574539197337935
PF12177	Proho_convert	15.656279603211658
PF22899	SMCHD1_S5	2.6093799338686097
PF09229	Aha1_N	14.97820769809902
PF06121	DUF959	16.97820769809902
PF11965	DUF3479	15.393245197377864
PF14993	Neuropeptide_S	17.97820769809902
PF15919	HicB_lk_antitox	2.931255920642332
PF11720	Inhibitor_I78	8.48910384904951
PF05539	Pneumo_att_G	17.97820769809902
PF02803	Thiolase_C	9.749389007603138
PF14699	hGDE_N	15.656279603211658
PF16687	ELYS-bb	7.98910384904951
PF10459	Peptidase_S46	5.056950925347138
PF15260	FAM219A	8.48910384904951
PF11952	XTBD	5.46441506579262
PF05132	RNA_pol_Rpc4	2.1990350281968376
PF12681	Glyoxalase_2	5.659402566033006
PF11098	Chlorosome_CsmC	17.97820769809902
PF00134	Cyclin_N	0.23709316720503337
PF07568	HisKA_2	1.8320349504014573
PF14144	DOG1	0.7511031960276512
PF14281	PDDEXK_4	17.97820769809902
PF13178	DUF4005	2.195142129340236
PF22023	Pus10_THUMP_arc	1.3223320195935553
PF07740	Toxin_12	2.4427132672019427
PF06544	Prp3_C	6.79294513766013
PF13661	2OG-FeII_Oxy_4	7.696622598688932
PF18369	PKS_DE	1.4170852776041416
PF02153	PDH_N	1.2454645742042008
PF16764	Sharpin_PH	7.696622598688932
PF12502	DUF3710	17.97820769809902
PF10311	Ilm1	17.97820769809902
PF19816	DUF6299	17.97820769809902
PF15471	TMEM171	0.7267517208766687
PF07183	DUF1403	8.98910384904951
PF07684	NODP	2.7616565393313417
PF15098	TMEM89	8.196622598688931
PF04022	Staphylcoagulse	3.195641539619804
PF07333	SLR1-BP	2.0937542290302367
PF19168	DUF5850	5.46441506579262
PF18594	Sas6_CC	1.1168289291893632
PF11178	DUF2963	3.195641539619804
PF19935	DUF6398	17.97820769809902
PF17924	TetR_C_19	4.0983112993444655
PF09243	Rsm22	3.1312559206423316
PF20222	DUF6581	3.1312559206423316
PF16969	SRP68	17.97820769809902
PF03982	DAGAT	2.4963679496831697
PF21385	ACCA_BT	4.506258693153907
PF05985	EutC	17.97820769809902
PF13764	E3_UbLigase_R4	1.6131973421624135
PF07355	GRDB	8.48910384904951
PF00189	Ribosomal_S3_C	0.31972583772745555
PF12701	LSM14	3.319441994989482
PF06782	UPF0236	5.218759867737219
PF20885	NPB13-l_MII_rpt	3.792713194010354
PF18101	Pan3_PK	4.341337129237381
PF13532	2OG-FeII_Oxy_2	0.9656268628186944
PF14985	TM140	17.97820769809902
PF10656	DUF2483	8.196622598688931
PF03129	HGTP_anticodon	0.271092363722423
PF13591	MerR_2	3.994551924524755
PF15862	Coilin_N	2.6093799338686097
PF06542	PHA-1	8.98910384904951
PF11166	DUF2951	8.98910384904951
PF01043	SecA_PP_bind	6.667175754162147
PF07204	Orthoreo_P10	1.2213566336009714
PF11062	DUF2863	17.97820769809902
PF21119	RYDR_Jsol	4.723617592013805
PF15903	PL48	3.598311299344466
PF21055	ZSWIM4-8_C	4.885426534403885
PF10580	Neuromodulin_N	14.393245197377864
PF20317	HTH_60	8.48910384904951
PF13327	T3SS_LEE_assoc	17.97820769809902
PF13298	LigD_N	5.131081732459288
PF03547	Mem_trans	1.8148470099327152
PF19964	EAD11	1.8510353370820884
PF12232	Myf5	4.341337129237381
PF14746	WASH-7_C	15.97820769809902
PF14805	THDPS_N_2	1.9856718297296916
PF11741	AMIN	2.3796279966596545
PF15615	TerB_C	5.659402566033006
PF03902	Gal4_dimer	1.075246746007617
PF07763	FEZ	2.6093799338686097
PF07953	Toxin_R_bind_N	1.8968239971368466
PF07539	UTP20_N	1.480828269665671
PF10730	DUF2521	17.97820769809902
PF09286	Pro-kuma_activ	2.186704450495241
PF16097	FXR_C3	14.97820769809902
PF22908	NSD_PHD	2.961656539331342
PF04610	TrbL	1.1265646732884766
PF12031	BAF250_C	3.792713194010354
PF03557	Bunya_G1	3.744551924524755
PF16689	APC_N_CC	2.4427132672019427
PF17523	MPS-4	5.46441506579262
PF03359	GKAP	3.848311299344466
PF09463	Opy2	17.97820769809902
PF13525	YfiO	1.5255866871839372
PF17453	Sigma_M_inh	17.97820769809902
PF13577	SnoaL_4	5.056950925347138
PF03198	Glyco_hydro_72	2.7616565393313417
PF12238	MSA-2c	8.48910384904951
PF06081	ArAE_1	2.4680471161094513
PF00218	IGPS	1.2024011387712146
PF12374	Dmrt1	2.8142634204981003
PF02678	Pirin	6.611660097967776
PF06576	DUF1133	4.0983112993444655
PF07850	Renin_r	2.995641539619804
PF03820	SFXNs	2.565540866229644
PF03588	Leu_Phe_trans	3.994551924524755
PF20470	HTH_61	1.1473323357709941
PF16755	NUP214	2.6093799338686097
PF04212	MIT	0.44762914212363064
PF18884	TSP3_bac	5.056950925347138
PF19651	DUF6154	8.196622598688931
PF17728	BsuBI_PstI_RE_N	16.393245197377862
PF01448	ELM2	0.9533265536444511
PF21258	Glyco_hydro_120_ins	8.48910384904951
PF12444	Sox_N	13.334351508324294
PF07945	Toxin_16	5.326069232699673
PF22491	DUF6988	17.97820769809902
PF22580	KYNU_C	2.2038866993225916
PF15325	MRI	1.6453647440729675
PF08259	Periviscerokin	3.994551924524755
PF18227	LepB_GAP_C	17.97820769809902
PF10979	DUF2786	3.494551924524755
PF21703	Gp10A-like	8.48910384904951
PF18697	MLVIN_C	13.656279603211658
PF18416	GbpA_2	7.03565855124525
PF13512	TPR_18	2.565540866229644
PF03398	Ist1	8.48910384904951
PF15961	DUF4764	5.659402566033006
PF01473	Choline_bind_1	1.5095433639244733
PF05029	TIMELESS_C	0.9104186402141106
PF22553	TY-Chap2	8.98910384904951
PF16720	Albumin_I_a	3.348311299344466
PF16544	STAR_dimer	2.666870301664859
PF13158	DUF3993	1.924155649672233
PF22461	SLBB_2	1.788396582780246
PF01474	DAHP_synth_2	5.46441506579262
PF08005	PHR	2.3013804494427843
PF11966	SSURE	17.97820769809902
PF17135	Ribosomal_L18	17.97820769809902
PF22922	GAF_NLP	3.542713194010354
PF22114	NUP120_helical_2	17.97820769809902
PF20044	DUF6446	7.696622598688932
PF12538	FtsK_SpoIIIE_N	3.6640699008029145
PF16965	CSG2	17.97820769809902
PF13487	HD_5	1.6131973421624135
PF04622	ERG2_Sigma1R	5.46441506579262
PF00473	CRF	3.0341705552082834
PF15516	BpuSI_N	17.97820769809902
PF12891	Glyco_hydro_44	5.46441506579262
PF09115	DNApol3-delta_C	3.702070674164177
PF22085	NorB_cytochrome_c-like	3.1312559206423316
PF04831	Popeye	8.48910384904951
PF09435	DUF2015	4.723617592013805
PF05188	MutS_II	1.0753960333440118
PF08372	PRT_C	1.1973502523674016
PF04749	PLAC8	8.196622598688931
PF07114	TMEM126	7.98910384904951
PF12549	TOH_N	3.702070674164177
PF07839	CaM_binding	5.46441506579262
PF07587	PSD1	5.218759867737219
PF09170	STN1_2	1.8148470099327152
PF01671	ASFV_360	1.527915024491944
PF16767	KinB_sensor	3.195641539619804
PF21338	Top1B_N_bact	3.9140699008029145
PF20632	CoV_NSP13_ZBD	4.341337129237381
PF19883	DUF6356	17.97820769809902
PF00886	Ribosomal_S16	0.42058096498532277
PF17377	DUF5399	16.97820769809902
PF12479	DUF3698	16.97820769809902
PF20666	ZW10_C	2.878649039475573
PF13976	gag_pre-integrs	4.121165951327937
PF10127	RlaP	5.218759867737219
PF05089	NAGLU	8.48910384904951
PF19659	DUF6162	8.98910384904951
PF04066	MrpF_PhaF	4.576760061551811
PF00285	Citrate_synt	1.4471123764124605
PF22259	GPR128_GAIN_subdomA	1.6453647440729675
PF17818	KCT2	3.2786490394755727
PF21735	RtxA_C	3.994551924524755
PF09592	DUF2031	8.98910384904951
PF19817	DUF6300	5.46441506579262
PF02827	PKI	17.97820769809902
PF17855	MCM_lid	0.6157438852661709
PF16014	SAP130_C	4.0983112993444655
PF18082	NAT_N	8.98910384904951
PF01820	Dala_Dala_lig_N	1.4606480962163755
PF22431	COG2p_C	2.2366113718873795
PF01402	RHH_1	0.832179720101587
PF18109	Fer4_24	2.0937542290302367
PF13860	FlgD_ig	3.744551924524755
PF17234	MPM1	5.659402566033006
PF12212	PAZ_2	5.659402566033006
PF14767	RPA_interact_M	7.828139801605829
PF14064	HmuY	17.97820769809902
PF19777	DUF6263	16.97820769809902
PF07216	LcrG	1.739586622579073
PF01015	Ribosomal_S3Ae	3.1312559206423316
PF01698	SAM_LFY	2.6240453405942894
PF03091	CutA1	5.659402566033006
PF22745	Nlig-Ia	4.157324796940873
PF18476	PIN_8	5.46441506579262
PF20698	PIN-TPR-GreABC	2.2826010997284314
PF21533	EHMT1-2_CRR	5.326069232699673
PF22679	UvrB_D3-like	2.834170555208283
PF09943	DUF2175	5.46441506579262
PF10329	DUF2417	3.9140699008029145
PF21924	XRCC4_CC	0.8370778248361165
PF08693	SKG6	1.7589146378113125
PF05086	Dicty_REP	0.7717080476027044
PF17849	OB_Dis3	1.8890457422765072
PF04545	Sigma70_r4	0.38493500731029123
PF00714	IFN-gamma	2.528475462673569
PF09006	Surfac_D-trimer	1.5531341886776688
PF01313	Bac_export_3	17.97820769809902
PF12895	ANAPC3	0.5104286351473258
PF01256	Carb_kinase	1.2585890275320262
PF13534	Fer4_17	1.0546899669343048
PF11718	CPSF73-100_C	2.6555535959915857
PF21138	SMUBP-2_HCS1_1B	2.4680471161094513
PF20835	PA_Ig-like	8.48910384904951
PF18852	LPD34	3.078649039475573
PF03157	Glutenin_hmw	3.6640699008029145
PF17478	VP4_helical	2.9834533946851414
PF10733	DUF2525	8.98910384904951
PF06907	Latexin_N	5.218759867737219
PF16744	zf-RING_15	16.97820769809902
PF16600	Caskin1-CID	2.0937542290302367
PF12393	Dr_adhesin	2.878649039475573
PF09935	DUF2167	5.46441506579262
PF17783	CvfB_WH	4.659402566033006
PF13741	MRP-S25	3.994551924524755
PF00201	UDPGT	0.24629755410646834
PF08653	DASH_Dam1	0.6656289380047152
PF19111	DUF5798	0.6759388039730861
PF03352	Adenine_glyco	4.0983112993444655
PF14184	YrvL	5.326069232699673
PF22205	Csm6_6H	3.2786490394755727
PF20649	COG5_C	2.4427132672019427
PF00709	Adenylsucc_synt	2.666870301664859
PF11957	efThoc1	3.848311299344466
PF10373	EST1_DNA_bind	3.47268621421217
PF09297	zf-NADH-PPase	0.9177019511197444
PF06682	SARAF	1.5864186644397695
PF06630	Exonuc_VIII	17.97820769809902
PF13627	LPAM_2	0.39605703161154604
PF08239	SH3_3	0.5176507852675576
PF12368	Rhodanese_C	0.7922110403089145
PF15607	Ntox44	8.98910384904951
PF06015	Chordopox_A30L	3.6640699008029145
PF15441	ARHGEF5_35	16.97820769809902
PF02048	Enterotoxin_ST	17.97820769809902
PF13399	LytR_C	3.078649039475573
PF05552	MS_channel_1st_1	1.9968868140141456
PF15064	CATSPERG_beta-prop	7.98910384904951
PF18311	Rrp40_N	16.393245197377862
PF08375	Rpn3_C	14.170852776041416
PF14255	Cys_rich_CPXG	15.656279603211658
PF10256	Erf4	1.6642452997887798
PF11153	DUF2931	17.97820769809902
PF10257	RAI16-like	2.5697849362308105
PF02611	CDH	5.659402566033006
PF09545	RE_AccI	17.97820769809902
PF06574	FAD_syn	3.4325700461638586
PF12010	DUF3502	1.0280889426698474
PF03638	TCR	3.4140699008029145
PF22492	FimA4_C	14.808282696656708
PF21400	Ndc10_N	4.0983112993444655
PF01575	MaoC_dehydratas	1.1486354601769344
PF19893	DUF6366	2.4680471161094513
PF17268	DUF5334	4.0983112993444655
PF08263	LRRNT_2	1.1190352336100555
PF02754	CCG	1.0753145980540306
PF19037	Fuz_longin_2	6.310327846740468
PF14615	Rsa3	1.3323890548374235
PF05730	CFEM	1.107172707490605
PF15058	Speriolin_N	5.218759867737219
PF13721	SecD-TM1	1.7070349504014573
PF00205	TPP_enzyme_M	0.7592485388477102
PF07965	Integrin_B_tail	2.546056036931087
PF15061	DUF4538	8.48910384904951
PF15335	CAAP1	1.057734478332622
PF07148	MalM	5.46441506579262
PF01883	FeS_assembly_P	2.276046600535276
PF09121	Tower	5.218759867737219
PF10921	DUF2710	14.656279603211658
PF02173	pKID	13.97820769809902
PF00125	Histone	0.4633700632199834
PF20702	nSTAND2	16.97820769809902
PF11888	DUF3408	5.46441506579262
PF22223	ATR1_N	2.528475462673569
PF13846	DUF4196	5.218759867737219
PF16773	Phage_SSB	14.277767979957927
PF13455	MUG113	2.6093799338686097
PF14989	CCDC32	7.98910384904951
PF12657	TFIIIC_delta	5.326069232699673
PF21700	DL-JAG_EGF-like	0.8652138465399346
PF03491	5HT_transport_N	15.393245197377864
PF08047	His_leader	17.97820769809902
PF06521	PAR1	17.97820769809902
PF21706	FCSD_central	5.659402566033006
PF04910	Tcf25	3.195641539619804
PF18572	T6PP_N	1.3393245197377865
PF14873	BNR_assoc_N	17.97820769809902
PF06937	EURL	17.97820769809902
PF14757	NSP2-B_epitope	2.9037552158923443
PF04658	TAFII55_N	2.931255920642332
PF18562	CIDR1_gamma	17.97820769809902
PF10777	YlaC	5.659402566033006
PF22855	DNM3A_N	15.97820769809902
PF16645	PHtD_u1	8.196622598688931
PF06472	ABC_membrane_2	3.2800566757428617
PF13422	DUF4110	2.717178055064052
PF00545	Ribonuclease	17.97820769809902
PF10079	BshC	8.48910384904951
PF03646	FlaG	17.97820769809902
PF14868	DUF4487	5.326069232699673
PF06103	DUF948	0.16600936704972766
PF06403	Lamprin	4.992735899366339
PF21329	CYP38_PsbQ-like	2.795641539619804
PF19447	DUF5985	8.48910384904951
PF03782	AMOP	2.0396811399939896
PF06925	MGDG_synth	1.7461885994193644
PF10558	MTP18	7.98910384904951
PF18343	SH3_14	4.0983112993444655
PF09983	JetD_C	7.828139801605829
PF19638	DUF6141	5.659402566033006
PF04981	NMD3	7.196622598688932
PF08102	Antimicrobial_7	2.6093799338686097
PF13458	Peripla_BP_6	2.9037552158923443
PF13027	DUF3888	7.48910384904951
PF21168	FkbO_Hyg5-like_N	8.196622598688931
PF22226	Mre11_C	16.97820769809902
PF08046	IlvGEDA_leader	5.46441506579262
PF22802	RsiG	3.195641539619804
PF17316	Perilipin_2	8.98910384904951
PF17542	RP853	7.98910384904951
PF05131	Pep3_Vps18	1.7070349504014573
PF04167	DUF402	1.1758012344309605
PF22470	Histone_HNS_N	0.7673604987473704
PF04712	Radial_spoke	4.992735899366339
PF11058	Ral	17.97820769809902
PF17510	GP44	17.97820769809902
PF12776	Myb_DNA-bind_3	2.565540866229644
PF16695	Tai4	17.97820769809902
PF15372	DUF4600	3.1312559206423316
PF00003	7tm_3	0.4511107191983171
PF20736	Glyco_hydro127M	8.98910384904951
PF12030	DUF3517	4.992735899366339
PF20415	DUF6699	17.97820769809902
PF22540	RET_CRD	8.196622598688931
PF06564	CBP_BcsQ	2.34521951708175
PF02408	CUB_2	5.659402566033006
PF07295	DUF1451	2.528475462673569
PF12234	Rav1p_C	3.9140699008029145
PF00690	Cation_ATPase_N	1.1498723420021566
PF18004	RPN2_C	2.7781489713697365
PF20873	PriS_C	14.518776079461722
PF20723	Pellino_RING	15.170852776041416
PF16079	Phage_holin_5_2	2.6093799338686097
PF09494	Slx4	0.9807342989039596
PF17730	Centro_C10orf90	16.97820769809902
PF22975	EPS8_2nd	7.259388039730861
PF09394	Inhibitor_I42	8.98910384904951
PF20902	CXCL16	4.0983112993444655
PF13755	Sensor_TM1	8.196622598688931
PF21443	G3P_pilus-bind	8.196622598688931
PF17111	Helo_like_N	1.6642452997887798
PF18213	SUB1_ProdP9	2.961656539331342
PF11700	ATG22	8.48910384904951
PF14960	ATP_synth_reg	8.98910384904951
PF08920	SF3b1	3.1312559206423316
PF17811	JHD	1.2848924681154053
PF22627	AglB_core-like	2.056177885339695
PF01667	Ribosomal_S27e	2.4963679496831697
PF12169	DNA_pol3_gamma3	1.2707461543726382
PF11532	HnRNP_M_NLS	16.393245197377862
PF00996	GDI	3.702070674164177
PF18254	HMw1_D2	8.48910384904951
PF07005	SBD_N	2.276046600535276
PF02050	FliJ	0.8370778248361165
PF07338	YdgH_BhsA-like	4.9360942322189025
PF22191	IBR_1	0.4547321474058491
PF00705	PCNA_N	1.9091076236736675
PF08204	V-set_CD47	14.518776079461722
PF03523	Macscav_rec	1.924155649672233
PF01421	Reprolysin	0.9123357447963436
PF21935	TetR_C_45	17.97820769809902
PF20427	NRP1_C	15.97820769809902
PF17808	fn3_PAP	15.656279603211658
PF16577	UBA_5	2.4680471161094513
PF03999	MAP65_ASE1	1.5170852776041417
PF00449	Urease_alpha	2.409589423803599
PF14490	HHH_4	1.896356597005177
PF17931	TetR_C_23	17.97820769809902
PF13317	DUF4088	8.98910384904951
PF03985	Paf1	17.97820769809902
PF05867	DUF851	17.97820769809902
PF19471	DUF6008	17.97820769809902
PF07550	Shr-like_HID	3.2786490394755727
PF13782	SpoVAB	17.97820769809902
PF17266	DUF5332	16.97820769809902
PF09456	RcsC	5.218759867737219
PF11492	Dicistro_VP4	8.48910384904951
PF02115	Rho_GDI	5.46441506579262
PF07365	Toxin_8	17.97820769809902
PF18038	FERM_N_2	7.404141348328354
PF16636	APC_u15	7.828139801605829
PF10636	hemP	1.8148470099327152
PF21733	Death_3	5.46441506579262
PF15820	ECSCR	1.2882593432764924
PF17908	APAF1_C	3.744551924524755
PF17093	PBP_N	2.0741108684945315
PF21460	IL3Rb_N	5.46441506579262
PF13069	DUF3933	4.0983112993444655
PF02130	YbeY	0.6158958847019317
PF19038	Fuz_longin_3	12.620655693480936
PF13975	gag-asp_proteas	1.397820769809902
PF14472	DUF4429	17.97820769809902
PF13787	HXXEE	2.565540866229644
PF01070	FMN_dh	0.6544008161187702
PF14728	PHTB1_C	15.97820769809902
PF21570	ArgZ-like_C_2nd	7.585426388020708
PF12369	GnHR_trans	4.6904390341635
PF05572	Peptidase_M43	1.3323890548374235
PF14235	DUF4337	1.6856503084490462
PF20944	StcE_b-sandwich	3.2786490394755727
PF21644	ORF158L-like	17.97820769809902
PF12495	Vip3A_N	17.97820769809902
PF05570	DUF765	17.97820769809902
PF21363	TRAF3_RING	2.115468956665244
PF03443	AA9	0.9681454057938662
PF15705	TMEM132D_N	14.393245197377864
PF15693	Med26_C	3.792713194010354
PF10845	DUF2576	8.98910384904951
PF11736	DUF3299	5.659402566033006
PF06752	E_Pc_C	3.744551924524755
PF17289	Terminase_6C	3.6640699008029145
PF06257	VEG	7.48910384904951
PF15123	DUF4562	5.659402566033006
PF12289	Rotavirus_VP1	4.425922659985975
PF21273	SNX17-27-31_F1_FERM	3.494551924524755
PF12887	SICA_alpha	8.98910384904951
PF18717	CxC4	5.46441506579262
PF21543	CvfB_2nd	2.795641539619804
PF08178	GnsAB_toxin	3.195641539619804
PF13895	Ig_2	0.17828434032985968
PF20092	DUF6483	16.97820769809902
PF08244	Glyco_hydro_32C	3.823471019300108
PF10754	DUF2569	8.98910384904951
PF21743	PTM_DIR17_Tudor	2.0741108684945315
PF00859	CTF_NFI	6.904141348328354
PF14291	DUF4371	3.792713194010354
PF16166	TIC20	5.46441506579262
PF16857	RNA_pol_inhib	17.97820769809902
PF00207	A2M	1.0059430918742083
PF18810	PBECR2	8.48910384904951
PF05710	Coiled	8.48910384904951
PF01600	CoV_S1	3.517829275622625
PF05501	DUF755	2.0741108684945315
PF18345	zf_CCCH_4	0.37361999640845517
PF07340	Herpes_IE1	16.393245197377862
PF05880	Fiji_64_capsid	17.97820769809902
PF16321	Ribosom_S30AE_C	1.6167266973425707
PF17021	Mei5_like	3.9140699008029145
PF11401	Tetrabrachion	14.97820769809902
PF10327	7TM_GPCR_Sri	17.97820769809902
PF00294	PfkB	1.0177307798178716
PF07667	DUF1600	8.48910384904951
PF22525	H2TH_5	17.97820769809902
PF05341	PIF6	17.97820769809902
PF22579	Cbm74	16.97820769809902
PF07160	SKA1	2.1397439568712886
PF22248	ERMP1_C	7.696622598688932
PF21358	Ezh2_MCSS	1.9614685978079192
PF08199	E2	8.98910384904951
PF02750	Synapsin_C	14.393245197377864
PF13940	Ldr_toxin	2.4427132672019427
PF15258	FAM222A	2.6093799338686097
PF08396	Toxin_34	16.97820769809902
PF11426	Tn7_TnsC_Int	5.326069232699673
PF00231	ATP-synt	0.49909198742079247
PF18034	Bac_GH3_C	8.98910384904951
PF16095	COR	1.1111959590270244
PF19979	DUF6415	3.0341705552082834
PF00667	FAD_binding_1	1.0415965273877947
PF15805	SCNM1_acidic	2.961656539331342
PF13403	Hint_2	16.97820769809902
PF14778	ODR4-like	8.48910384904951
PF00489	IL6	15.97820769809902
PF18858	LPD39	17.97820769809902
PF09347	DUF1989	5.659402566033006
PF00451	Toxin_2	2.1672646822916306
PF16768	NupH_GANP	16.97820769809902
PF18110	BRCC36_C	4.759255993319309
PF12920	TcdA_TcdB_pore	3.792713194010354
PF12830	Nipped-B_C	1.599249466375318
PF17558	AGH	3.792713194010354
PF21976	SMIM43	17.97820769809902
PF03360	Glyco_transf_43	2.4680471161094513
PF04911	ATP-synt_J	6.611660097967776
PF00387	PI-PLC-Y	1.1828460578594338
PF09506	Salt_tol_Pase	15.97820769809902
PF08650	DASH_Dad4	0.9770853068807772
PF15925	SOSSC	3.994551924524755
PF01858	RB_A	2.1414874468590086
PF08136	SRA_like	4.244551924524755
PF22276	SlmA-like_C	1.027798396011593
PF13814	Replic_Relax	5.46441506579262
PF05225	HTH_psq	1.6131973421624135
PF05356	Phage_Coat_B	4.0983112993444655
PF00291	PALP	0.35792144028184447
PF22241	PSMD12-CSN4_N	1.8968239971368466
PF00566	RabGAP-TBC	0.16628127225625705
PF17247	DUF5316	4.0983112993444655
PF00976	ACTH_domain	4.506258693153907
PF20538	DUF6753	5.46441506579262
PF14630	ORC5_C	4.8395920264872405
PF01404	Ephrin_lbd	2.4393695969148723
PF09810	Exo5	4.992735899366339
PF14632	SPT6_acidic	0.965534072568994
PF11768	Frtz	8.196622598688931
PF03351	DOMON	1.4523685669433888
PF20341	DUF6636	17.97820769809902
PF08421	Methyltransf_13	17.97820769809902
PF02275	CBAH	6.98910384904951
PF03685	UPF0147	2.4963679496831697
PF19424	UNC80	5.326069232699673
PF14883	GHL13	16.97820769809902
PF22513	FitA-like_RHH	2.528475462673569
PF18107	HTH_ABP1_N	2.276046600535276
PF10425	SdrG_C_C	1.5181647104917848
PF10021	PARG_cat_microb	17.97820769809902
PF05304	DUF728	8.98910384904951
PF21486	NUP120_helical	2.6630346163498366
PF20912	RPC3_helical	3.3796940198654304
PF05987	DUF898	17.97820769809902
PF01610	DDE_Tnp_ISL3	5.218759867737219
PF17482	Phage_sheath_1C	4.6904390341635
PF21762	DEDDh_C	3.1312559206423316
PF20496	Dbl7	16.393245197377862
PF05721	PhyH	1.4578029669968273
PF19410	DUF5980	17.97820769809902
PF04382	SAB	3.542713194010354
PF11326	PANTS-like	17.97820769809902
PF00148	Oxidored_nitro	2.1911679770141133
PF13334	DUF4094	0.8928830131585243
PF03376	Adeno_E3B	8.48910384904951
PF02157	Man-6-P_recep	17.97820769809902
PF10945	CBP_BcsR	5.659402566033006
PF20408	Abhydrolase_11	3.994551924524755
PF01709	Transcrip_reg	1.6925015719629954
PF19404	DUF5977	17.97820769809902
PF09758	FPL	2.995641539619804
PF08640	U3_assoc_6	5.131081732459288
PF05261	Tra_M	17.97820769809902
PF09786	CytochromB561_N	16.97820769809902
PF19112	VanA_C	3.494551924524755
PF16221	HTH_47	5.659402566033006
PF00799	Gemini_AL1	4.141206282140461
PF00036	EF-hand_1	0.08965383949697635
PF15843	DUF4719	2.115468956665244
PF18913	FBPase_C	4.661785834785526
PF19908	DUF6381	1.6131973421624135
PF17628	IncD	3.195641539619804
PF13301	DUF4079	1.6131973421624135
PF13211	DUF4019	1.8186114549507764
PF22362	Ago_MID_bact	5.46441506579262
PF21452	Cmr1_like_C	17.97820769809902
PF09015	NgoMIV_restric	8.48910384904951
PF13861	FLgD_tudor	5.659402566033006
PF21359	zf_topless	2.26431504588671
PF19609	DUF6114	5.218759867737219
PF12521	DUF3724	3.994551924524755
PF01935	DUF87	1.1441900153879527
PF17580	GBR_NSP5	8.98910384904951
PF02616	SMC_ScpA	1.574539197337935
PF11380	Stealth_CR2	1.387372733529927
PF00510	COX3	5.056950925347138
PF14353	CpXC	1.6642452997887798
PF20642	TAF1C_HB	5.326069232699673
PF13113	DUF3970	8.196622598688931
PF18381	YcaO_C	8.196622598688931
PF21698	Spo16_C	1.8510353370820884
PF04069	OpuAC	1.8320349504014573
PF01680	SOR_SNZ	0.9401439161413974
PF20148	DUF6531	3.569441994989482
PF08561	Ribosomal_L37	17.97820769809902
PF13838	Clathrin_H_link	1.0349727493878467
PF07737	ATLF	3.994551924524755
PF15837	DUF4716	8.98910384904951
PF18184	SLATT_3	17.97820769809902
PF04176	TIP41	17.97820769809902
PF01916	DS	3.9140699008029145
PF18388	ATG29_N	2.961656539331342
PF01697	Glyco_transf_92	5.46441506579262
PF20454	GpA_nuclease	5.46441506579262
PF15973	DUF4766	8.98910384904951
PF13437	HlyD_3	0.8282412564280921
PF14620	YPEB_PepSY1-2	3.994551924524755
PF14150	YesK	17.97820769809902
PF07381	DUF1495	17.97820769809902
PF19117	Mim2	3.195641539619804
PF10737	GerPC	1.896356597005177
PF19144	DUF5826	17.97820769809902
PF21297	MID51-like_C	14.808282696656708
PF14055	NVEALA	8.48910384904951
PF13330	Mucin2_WxxW	1.8148470099327152
PF01757	Acyl_transf_3	1.4949606380046672
PF02996	Prefoldin	0.4444788064666334
PF22025	ThiI_fer	1.630575140612795
PF12625	Arabinose_bd	15.170852776041416
PF08605	Rad9_Rad53_bind	5.46441506579262
PF14618	DUF4452	17.97820769809902
PF12756	zf-C2H2_2	0.4671276032282415
PF03773	ArsP_1	2.931255920642332
PF07385	Lyx_isomer	5.46441506579262
PF02053	Gene66	8.196622598688931
PF14766	RPA_interact_N	7.696622598688932
PF12968	DUF3856	8.98910384904951
PF21116	EF-hand_Zip	4.464415065792621
PF03729	DUF308	2.961656539331342
PF12999	PRKCSH-like	2.961656539331342
PF00860	Xan_ur_permease	2.961656539331342
PF00307	CH	0.1160070002540395
PF14346	DUF4398	5.326069232699673
PF09757	Arb2-like	5.326069232699673
PF17347	DUF5377	17.97820769809902
PF17643	TssR	8.48910384904951
PF15128	T_cell_tran_alt	8.48910384904951
PF05975	EcsB	15.656279603211658
PF18278	RANK_CRD_2	3.9140699008029145
PF21834	DUF6894	1.2627949869862438
PF13290	CHB_HEX_C_1	2.6093799338686097
PF01903	CbiX	16.97820769809902
PF05433	Rick_17kDa_Anti	0.9040199716579755
PF02466	Tim17	2.0396811399939896
PF13095	FTA2	3.9140699008029145
PF17128	DUF5107	17.97820769809902
PF14665	RICTOR_phospho	2.6630346163498366
PF21999	IMS_HHH_1	2.6946338383156636
PF04029	2-ph_phosp	17.97820769809902
PF03064	U79_P34	3.1312559206423316
PF07988	LMSTEN	3.598311299344466
PF08534	Redoxin	1.652915024491944
PF12593	McyA_C	16.97820769809902
PF06623	MHC_I_C	1.7579689080182177
PF20787	SPP1_GP23-1	8.48910384904951
PF06916	FAM210A-B_dom	2.024407539434488
PF01668	SmpB	2.398874199562977
PF06389	Filo_VP24	16.97820769809902
PF10225	NEMP	2.2531293465769533
PF08358	Flexi_CP_N	15.656279603211658
PF08853	DUF1823	8.196622598688931
PF04014	MazE_antitoxin	3.078649039475573
PF19297	QcrA_N	3.6640699008029145
PF20581	DUF6785	8.98910384904951
PF00820	Lipoprotein_1	7.259388039730861
PF05658	YadA_head	1.7162850230819293
PF20858	Pgp3_N	7.98910384904951
PF07063	HGLS	7.98910384904951
PF09657	Cas_Csx8	8.196622598688931
PF20719	Med16_C	6.98910384904951
PF19234	DUF5887	16.97820769809902
PF04856	Securin	17.97820769809902
PF10288	CTU2	0.632813980160583
PF01619	Pro_dh	1.8510353370820884
PF07808	RED_N	2.4963679496831697
PF18335	SH3_13	1.062175592050516
PF12168	DNA_pol3_tau_4	4.244551924524755
PF12526	DUF3729	2.398874199562977
PF03137	OATP	0.5662259455642229
PF11690	DUF3287	1.6642452997887798
PF09753	Use1	3.078649039475573
PF14470	bPH_3	2.2366113718873795
PF21646	ACTMAP-like_C	5.46441506579262
PF01719	Rep_OBD	7.98910384904951
PF07460	NUMOD3	1.8148470099327152
PF15596	Imm57	17.97820769809902
PF11802	CENP-K	3.195641539619804
PF06732	Pescadillo_N	3.949641560384684
PF21567	Gp22	17.97820769809902
PF18294	Pept_S41_N	5.46441506579262
PF10097	DUF2335	5.218759867737219
PF04315	EpmC	8.48910384904951
PF01806	Paramyxo_P	4.0983112993444655
PF20967	MASE7	7.828139801605829
PF01933	CofD	8.48910384904951
PF11713	Peptidase_C80	2.4680471161094513
PF13356	Arm-DNA-bind_3	2.834170555208283
PF03779	SPW	3.1312559206423316
PF21323	KDM5_C-hel	3.292713194010354
PF10683	DBD_Tnp_Hermes	17.97820769809902
PF14093	DUF4271	3.1312559206423316
PF22251	PFF1_TM	0.21409072398374318
PF17548	p6	17.97820769809902
PF17873	Rep_1B	4.0983112993444655
PF21877	PH_NF1	8.196622598688931
PF14272	Gly_rich_SFCGS	8.48910384904951
PF03704	BTAD	1.574539197337935
PF02446	Glyco_hydro_77	2.961656539331342
PF14784	ECSIT_C	14.808282696656708
PF21081	Methyltrans_Mon_3rd	2.6240453405942894
PF21374	WsaF_N	8.98910384904951
PF17036	CBP_BcsS	8.48910384904951
PF15538	Ntox46	17.97820769809902
PF12437	GSIII_N	3.569441994989482
PF22967	NUP210_Ig1	3.0341705552082834
PF16516	CC2-LZ	0.9704207339514471
PF13045	DUF3905	8.48910384904951
PF11800	RP-C_C	8.48910384904951
PF10003	DUF2244	5.326069232699673
PF12132	DUF3587	17.97820769809902
PF04801	RPC5	16.97820769809902
PF08073	CHDNT	2.3796279966596545
PF09447	Cnl2_NKP2	2.565540866229644
PF08837	DUF1810	8.98910384904951
PF14085	DUF4265	17.97820769809902
PF08859	DGC	16.393245197377862
PF03484	B5	0.8668422002045719
PF07032	DUF1322	17.97820769809902
PF12645	HTH_16	2.2366113718873795
PF06179	Med22	8.48910384904951
PF09939	DUF2171	17.97820769809902
PF19948	DUF6410	17.97820769809902
PF21558	Pept_S41_N_bact	8.196622598688931
PF13576	Pentapeptide_3	3.078649039475573
PF01417	ENTH	2.834170555208283
PF14573	PP-binding_2	17.97820769809902
PF04123	DUF373	3.848311299344466
PF13443	HTH_26	5.46441506579262
PF21240	Nup98_GLEBS	2.3796279966596545
PF03863	Phage_mat-A	8.48910384904951
PF10539	Dev_Cell_Death	3.994551924524755
PF04966	OprB	3.078649039475573
PF08301	HCV_NS5a_1b	4.311271192913521
PF03932	CutC	3.1312559206423316
PF01108	Tissue_fac	0.8874013461729559
PF01144	CoA_trans	1.9843921224069543
PF09566	RE_SacI	17.97820769809902
PF21255	DNMT3_ADD_GATA1-like	2.878649039475573
PF04837	MbeB_N	3.1312559206423316
PF06411	HdeA	17.97820769809902
PF05527	DUF758	3.0341705552082834
PF13771	zf-HC5HC2H	0.9407751982886725
PF05573	NosL	8.48910384904951
PF08986	DUF1889	8.196622598688931
PF01102	Glycophorin_A	1.8148470099327152
PF03996	Hema_esterase	6.94537242842434
PF09078	CheY-binding	5.326069232699673
PF12014	Cyclin_D1_bind	2.834170555208283
PF20810	MINT_RID	5.46441506579262
PF15201	Rod_cone_degen	3.994551924524755
PF14559	TPR_19	0.09940199911766741
PF01877	RNA_binding	8.48910384904951
PF04015	DUF362	17.97820769809902
PF20337	DUF6632	17.97820769809902
PF21038	CEP104_N	3.994551924524755
PF04627	ATP-synt_Eps	8.98910384904951
PF07165	DUF1397	2.6630346163498366
PF15697	DUF4666	4.0983112993444655
PF09140	MipZ	8.196622598688931
PF03878	YIF1	17.97820769809902
PF12401	FhaA_N	8.48910384904951
PF18043	T4_Rnl2_C	1.9408414679028942
PF01920	Prefoldin_2	0.30489184935053315
PF03241	HpaB	14.170852776041416
PF15892	BNR_4	7.585426388020708
PF11260	Spidroin_MaSp	16.97820769809902
PF14050	Nudc_N	7.404141348328354
PF22333	Ago_PAZ_arc	5.659402566033006
PF16938	Phage_holin_Dp1	5.46441506579262
PF00618	RasGEF_N	0.2583219297329213
PF21140	eIF4G1-like_eIF4E-bd	7.696622598688932
PF05301	Acetyltransf_16	2.565540866229644
PF06098	Radial_spoke_3	1.4692577995483946
PF00524	PPV_E1_N	1.6551271821886084
PF01439	Metallothio_2	5.056950925347138
PF21298	TopBP1_BRCT0	8.196622598688931
PF15992	DUF4769	4.244551924524755
PF09333	ATG2-VPS13_C	1.0353015705351152
PF08295	Sin3_corepress	1.3730280184655435
PF03472	Autoind_bind	2.128125722078345
PF06011	TRP	1.5864186644397695
PF18006	SepRS_C	4.552093201070552
PF12216	m04gp34like	8.48910384904951
PF07769	PsiF_repeat	16.97820769809902
PF12607	DUF3772	5.659402566033006
PF15188	CCDC-167	0.6932027776863903
PF03422	CBM_6	1.1994370997814885
PF01871	AMMECR1	16.97820769809902
PF12262	Lipase_bact_N	17.97820769809902
PF02749	QRPTase_N	12.76875433247007
PF11589	DUF3244	3.47268621421217
PF16635	APC_u14	2.4427132672019427
PF02920	Integrase_DNA	17.97820769809902
PF10370	Rv2993c-like_N	3.848311299344466
PF13341	RAG2_PHD	7.585426388020708
PF11525	CopK	2.4427132672019427
PF10589	NADH_4Fe-4S	1.7314609575673494
PF00426	VP4_haemagglut	4.008003795904048
PF04728	LPP	2.6093799338686097
PF12647	RNHCP	8.98910384904951
PF21059	BTBD16_C	7.828139801605829
PF04899	MbeD_MobD	1.132157522943355
PF20374	DUF6669	16.393245197377862
PF09130	DUF1932	5.218759867737219
PF16489	GAIN	1.2071317102490502
PF00703	Glyco_hydro_2	2.226543529430929
PF08675	RNA_bind	7.138883989978964
PF17954	Pirin_C_2	4.723617592013805
PF13859	BNR_3	5.131081732459288
PF05385	Adeno_E4	17.97820769809902
PF08736	FA	1.7931347061995602
PF18788	DarA_N	17.97820769809902
PF22658	YycE-like_N	17.97820769809902
PF19757	DUF6244	17.97820769809902
PF13174	TPR_6	0.36363228982305323
PF10937	Kgd4-YMR31	17.97820769809902
PF17866	AAA_lid_6	3.3335878770810736
PF13012	MitMem_reg	0.9598980066218101
PF17884	DUF5591	2.024407539434488
PF00055	Laminin_N	4.07444006531185
PF05158	RNA_pol_Rpc34	3.195641539619804
PF11139	SfLAP	5.46441506579262
PF03224	V-ATPase_H_N	1.0933522252476204
PF08443	RimK	0.5650473764467453
PF15237	PTRF_SDPR	5.46441506579262
PF07155	ECF-ribofla_trS	2.528475462673569
PF22794	jr-ZPR1	7.138883989978964
PF11696	DUF3292	2.3796279966596545
PF21548	CATSPERB_2nd	8.48910384904951
PF18463	PCSK9_C3	13.97820769809902
PF19764	DUF6251	17.97820769809902
PF11636	Troponin-I_N	1.5531341886776688
PF11775	CobT_C	8.48910384904951
PF05749	Rubella_E2	3.6296940198654304
PF18811	DPPIV_rep	1.7589146378113125
PF21547	TTI1	2.565540866229644
PF18955	DUF5698	5.810327846740468
PF10235	Cript	7.48910384904951
PF21568	AIMA-like_N	17.97820769809902
PF20789	4HBT_3C	15.656279603211658
PF02589	LUD_dom	1.5417939385405368
PF07536	HWE_HK	2.8142634204981003
PF01430	HSP33	3.9140699008029145
PF17939	TetR_C_30	5.46441506579262
PF07615	Ykof	17.97820769809902
PF14229	DUF4332	2.878649039475573
PF02085	Cytochrom_CIII	2.565540866229644
PF02189	ITAM	1.2551942943396923
PF21684	PipB2_N	4.885426534403885
PF10411	DsbC_N	2.3618087960069025
PF08191	LRR_adjacent	3.6640699008029145
PF22787	Tag1_M	8.98910384904951
PF04560	RNA_pol_Rpb2_7	0.5057819577974765
PF01893	UPF0058	5.46441506579262
PF15486	DUF4644	8.48910384904951
PF00604	Flu_PB2_5th	5.591895915874456
PF20537	DUF6752	3.9140699008029145
PF10345	Cohesin_load	4.992735899366339
PF17059	MGTL	5.218759867737219
PF08717	CoV_NSP8	6.0477823243685895
PF06882	DUF1263	8.48910384904951
PF02282	Herpes_UL42	14.97820769809902
PF17993	HA70_C	4.0983112993444655
PF05424	Duffy_binding	2.565540866229644
PF16357	PepSY_TM_like_2	8.48910384904951
PF13657	Couple_hipA	5.131081732459288
PF06898	YqfD	5.46441506579262
PF00786	PBD	0.42032781770442257
PF05415	Peptidase_C36	8.98910384904951
PF11235	Med25_SD1	7.828139801605829
PF05746	DALR_1	0.394537242842434
PF16573	CLP1_N	12.024011387712145
PF06097	DUF945	2.3013804494427843
PF11721	Malectin	0.7747560456494951
PF22207	MCM3_WHD	1.107172707490605
PF16320	Ribosomal_L12_N	0.8543579470462295
PF11739	DctA-YdbH	17.97820769809902
PF15723	MqsR_toxin	17.97820769809902
PF01801	Cytomega_gL	5.46441506579262
PF03373	Octapeptide	5.218759867737219
PF09360	zf-CDGSH	4.311271192913521
PF18551	TackOD1	3.9140699008029145
PF09863	DUF2090	17.97820769809902
PF05166	YcgL	8.48910384904951
PF22632	BphC_D1	3.702070674164177
PF11428	DUF3196	17.97820769809902
PF00641	zf-RanBP	0.27092299947599063
PF02124	Marek_A	1.5095433639244733
PF01505	Vault	1.3518776079461723
PF06148	COG2_N	1.107172707490605
PF19793	DUF6277	5.659402566033006
PF18005	eIF3m_C_helix	2.00015462909985
PF09278	MerR-DNA-bind	0.9704207339514471
PF05618	Zn_protease	15.97820769809902
PF19615	DUF6120	3.1312559206423316
PF12088	DUF3565	5.992735899366339
PF16905	GPHH	1.287321141702251
PF18267	Rubredoxin_C	3.494551924524755
PF13418	Kelch_4	0.34597865945282813
PF15543	Ntox5	17.97820769809902
PF05280	FlhC	17.97820769809902
PF05455	GvpH	4.244551924524755
PF18563	TubC_N	2.931255920642332
PF11485	STK_08120-like	17.97820769809902
PF12897	Asp_aminotransf	5.326069232699673
PF14311	DUF4379	2.1990350281968376
PF05009	EBV-NA3	5.46441506579262
PF05431	Toxin_10	5.46441506579262
PF19314	DUF5917	1.2730280184655436
PF11219	DUF3014	8.98910384904951
PF09715	Plasmod_dom_1	17.97820769809902
PF00084	Sushi	0.17513842647730746
PF22183	Fibre_HD	17.97820769809902
PF08038	Tom7	17.97820769809902
PF08417	PaO	7.085426388020708
PF21213	PriA-like_WH	3.078649039475573
PF22940	CNOT1_1st	15.97820769809902
PF03462	PCRF	0.10539701740961332
PF12889	DUF3829	4.0983112993444655
PF11844	DUF3364	14.393245197377864
PF11710	Git3	16.97820769809902
PF22063	Pdc1_Ge1	8.48910384904951
PF19501	PcRGLX_1st	17.97820769809902
PF11620	GABP-alpha	7.98910384904951
PF08578	DUF1765	16.97820769809902
PF12294	DUF3626	5.46441506579262
PF19335	HMBD	1.2414799639283325
PF06247	Plasmod_Pvs28	2.931255920642332
PF12090	Spt20_SEP	0.7440691776321035
PF16787	NDC10_II	5.659402566033006
PF13740	ACT_6	2.398874199562977
PF07207	Lir1	16.97820769809902
PF18587	PLL	15.170852776041416
PF16936	Holin_9	8.48910384904951
PF21718	DTX3L_KH-like	1.6642452997887798
PF21871	Gp6_C-III	3.2786490394755727
PF00967	Barwin	5.056950925347138
PF05033	Pre-SET	1.0186100163279626
PF15262	DUF4592	3.195641539619804
PF04597	Ribophorin_I	3.744551924524755
PF17220	DUF5137	4.244551924524755
PF19200	MupG_N	17.97820769809902
PF09486	HrpB7	1.924155649672233
PF18474	DUF5614	2.931255920642332
PF16158	N_BRCA1_IG	2.9037552158923443
PF01648	ACPS	1.062982316294252
PF10458	Val_tRNA-synt_C	1.411453659305499
PF12728	HTH_17	0.7747560456494951
PF14163	SieB	1.2340235580547256
PF19426	MIER1_3_C	14.97820769809902
PF05973	Gp49	17.97820769809902
PF00866	Ring_hydroxyl_B	2.6630346163498366
PF21103	PH1_SSRP1-like	2.5697849362308105
PF10875	DUF2670	16.393245197377862
PF03850	Tfb4	3.994551924524755
PF13964	Kelch_6	0.4327033555206085
PF14386	DUF4417	16.97820769809902
PF11656	DUF3811	3.2786490394755727
PF05427	FIBP	8.98910384904951
PF12214	TPX2_importin	4.9360942322189025
PF21943	TetR_C_46	12.76875433247007
PF06365	CD34_antigen	0.6322746657122822
PF20193	DUF6556	5.326069232699673
PF05997	Nop52	1.1648506415082516
PF00157	Pou	0.9421485296772937
PF12687	DUF3801	5.659402566033006
PF00242	DNA_pol_viral_N	11.912118507641248
PF16639	Apocytochr_F_N	1.5210415457120574
PF01524	Gemini_V2	4.885426534403885
PF10074	RovC_DNA-bd	17.97820769809902
PF09093	Lyase_catalyt	7.98910384904951
PF19517	DUF6050	7.696622598688932
PF03022	MRJP	8.196622598688931
PF14449	PT-TG	1.4393245197377864
PF03884	YacG	2.6446640391871106
PF02010	REJ	1.6131973421624135
PF13913	zf-C2HC_2	0.580397924203185
PF16817	DUF5073	17.97820769809902
PF06491	Disulph_isomer	3.792713194010354
PF13606	Ank_3	0.6198904853157684
PF17004	SRP_TPR_like	2.4197960132436203
PF13016	Gliadin	2.2883800307759055
PF03284	PHZA_PHZB	8.48910384904951
PF12434	Malate_DH	8.48910384904951
PF09820	AAA-ATPase_like	8.48910384904951
PF10996	Beta-Casp	2.395641539619804
PF03438	Pneumo_NS1	4.244551924524755
PF08595	RXT2_N	1.924155649672233
PF06890	Phage_Mu_Gp45	8.196622598688931
PF18531	Polo_box_2	8.48910384904951
PF04914	DltD	8.98910384904951
PF11945	WASH_WAHD	4.759255993319309
PF22184	CBM_56	5.659402566033006
PF17208	RBR	2.1397439568712886
PF18122	APC1_C	3.078649039475573
PF17029	DUF5100	17.97820769809902
PF01832	Glucosaminidase	1.3120226702971447
PF16845	SQAPI	2.995641539619804
PF14824	Sirohm_synth_M	2.6946338383156636
PF16568	Sam68-YY	3.517829275622625
PF14771	DUF4476	8.196622598688931
PF19008	DUF5737	17.97820769809902
PF14136	DUF4303	8.196622598688931
PF10596	U6-snRNA_bdg	7.48910384904951
PF20499	DUF6729	5.46441506579262
PF20593	DUF6793	17.97820769809902
PF08033	Sec23_BS	1.6276064567682662
PF20997	DUF3195_C	8.196622598688931
PF06826	Asp-Al_Ex	3.482275412527569
PF07563	DUF1541	17.97820769809902
PF01652	IF4E	16.97820769809902
PF20836	HAO_bd	8.48910384904951
PF05134	T2SSL	7.48910384904951
PF01451	LMWPc	8.48910384904951
PF01381	HTH_3	0.16157652718665572
PF21747	YpoC	17.97820769809902
PF08585	RMI1_N_C	2.7616565393313417
PF13326	PSII_Pbs27	3.2786490394755727
PF19865	DUF6338	3.0341705552082834
PF04065	Not3	2.0741108684945315
PF05389	MecA	5.218759867737219
PF12373	Msg2_C	16.97820769809902
PF06125	DUF961	5.659402566033006
PF14948	RESP18	4.9360942322189025
PF07645	EGF_CA	0.22036100545451737
PF05484	LRV_FeS	17.97820769809902
PF05366	Sarcolipin	17.97820769809902
PF14324	PINIT	4.659402566033006
PF16119	DUF4835	16.393245197377862
PF17335	IES5	17.97820769809902
PF12628	Inhibitor_I71	8.98910384904951
PF22792	DUF7012	4.244551924524755
PF11997	DUF3492	16.393245197377862
PF17673	DUF5532	8.48910384904951
PF01855	POR_N	3.1379857358492305
PF18878	PPE-PPW	2.242440957007001
PF02970	TBCA	1.924155649672233
PF18664	CdiA_C_tRNase	3.9140699008029145
PF22147	AcrIC5	16.97820769809902
PF13378	MR_MLE_C	0.8148779461052211
PF03404	Mo-co_dimer	6.29294513766013
PF21417	TH_ACT	7.328139801605829
PF13160	DUF3995	17.97820769809902
PF18268	Hit1_C	17.97820769809902
PF12433	PV_NSP1	3.6296940198654304
PF08661	Rep_fac-A_3	4.244551924524755
PF13099	DUF3944	7.828139801605829
PF19260	DUF5903	17.97820769809902
PF17940	TetR_C_31	1.7589146378113125
PF16982	Flp1_like	0.944723518402761
PF03595	SLAC1	8.48910384904951
PF05454	DAG1	1.0450684827169432
PF10757	YbaJ	17.97820769809902
PF02817	E3_binding	0.6658821303145426
PF13776	DUF4172	17.97820769809902
PF00150	Cellulase	0.27464914767262594
PF13784	Fic_N	5.46441506579262
PF13585	CHU_C	5.056950925347138
PF19086	Terpene_syn_C_2	0.6098423992287181
PF05762	VWA_CoxE	2.3151241428081133
PF17179	Fer4_22	5.659402566033006
PF02458	Transferase	1.9312537256373887
PF10746	Phage_holin_2_2	8.98910384904951
PF14660	DUF4458	8.98910384904951
PF18104	Tudor_2	1.4634280862268239
PF12062	HSNSD	7.03565855124525
PF10356	RRG7	5.46441506579262
PF06173	DUF986	8.196622598688931
PF12815	CTD	1.5020862310513023
PF03961	FapA	0.4263275122063383
PF16593	Cas9-BH	5.056950925347138
PF06473	FGF-BP1	3.994551924524755
PF10872	DUF2740	17.97820769809902
PF21341	TRAF2_zf	3.792713194010354
PF21318	BRCA2DBD_OB2	3.0341705552082834
PF05445	Pox_ser-thr_kin	5.131081732459288
PF07966	A1_Propeptide	2.8838160505625727
PF14465	NFRKB_winged	3.195641539619804
PF08639	Sld3_STD	8.48910384904951
PF16778	Phage_tail_APC	3.1312559206423316
PF00923	TAL_FSA	2.0937542290302367
PF13329	ATG2_CAD	1.1572981986050395
PF22619	DNA_polI_exo1	4.659402566033006
PF00232	Glyco_hydro_1	2.6909291484084013
PF10665	Minor_capsid_1	8.48910384904951
PF07345	ATPaseInh_sub_z	5.326069232699673
PF11548	Receptor_IA-2	3.702070674164177
PF22736	NNH5	8.196622598688931
PF17756	RET_CLD1	7.98910384904951
PF15990	UPF0767	5.46441506579262
PF10310	DUF5427	5.659402566033006
PF01042	Ribonuc_L-PSP	5.326069232699673
PF16666	MAGI_u5	4.992735899366339
PF18793	nos_propeller_2	7.196622598688932
PF22532	WIV_dom	17.97820769809902
PF19579	FtsL_2	1.6453647440729675
PF16991	SIR4_SID	3.195641539619804
PF06070	Herpes_UL32	3.9140699008029145
PF10018	Med4	2.1990350281968376
PF17019	DUF5096	8.98910384904951
PF00437	T2SSE	0.7007128533906616
PF05165	GCH_III	15.393245197377864
PF08017	Fibrinogen_BP	2.565540866229644
PF10013	DUF2256	3.569441994989482
PF17644	30K_MP_core	17.97820769809902
PF02096	60KD_IMP	0.18367025295669934
PF13986	DUF4224	1.8320349504014573
PF08798	CRISPR_assoc	17.97820769809902
PF07760	DUF1616	3.078649039475573
PF22959	NUP210_Ig15	3.744551924524755
PF06753	Bradykinin	2.6555535959915857
PF09086	DUF1924	8.48910384904951
PF15497	SNAPC5	2.6093799338686097
PF10722	YbjN	17.97820769809902
PF05777	Acp26Ab	16.97820769809902
PF13342	Toprim_Crpt	2.6630346163498366
PF05681	Fumerase	14.97820769809902
PF10764	Gin	7.828139801605829
PF05140	ResB	1.7662139791405442
PF13011	LZ_Tnp_IS481	17.97820769809902
PF07859	Abhydrolase_3	0.6328427046164287
PF13863	DUF4200	0.423093515974559
PF00119	ATP-synt_A	0.7474803190023336
PF11808	PhoR	1.3277767979957928
PF17299	DUF5350	17.97820769809902
PF21325	SHPRH_helical-1st	2.995641539619804
PF14896	Arabino_trans_C	6.904141348328354
PF10433	MMS1_N	1.5001159718248878
PF01852	START	0.44627570256738824
PF09010	AsiA	5.659402566033006
PF22102	ElaD-SseL-like_C	15.170852776041416
PF03808	Glyco_tran_WecG	2.7781489713697365
PF11570	E2R135	3.792713194010354
PF20438	SpoIVA_middle	8.196622598688931
PF22240	ISP_coupler	17.97820769809902
PF18029	Glyoxalase_6	3.6296940198654304
PF01715	IPPT	0.1310320058337761
PF03901	Glyco_transf_22	1.8510353370820884
PF14648	FAM91_C	3.078649039475573
PF21825	crAss001_48	1.9570349504014573
PF04181	RPAP2_Rtr1	1.8722759622623775
PF11467	LEDGF	3.517829275622625
PF01035	DNA_binding_1	1.3611430270595355
PF13910	DUF4209	8.196622598688931
PF20957	GxGYxYP_N_2nd	17.97820769809902
PF14847	Ras_bdg_2	5.218759867737219
PF00460	Flg_bb_rod	1.186968324132085
PF19769	CPxCG_zf	8.48910384904951
PF09669	Phage_pRha	8.196622598688931
PF08078	PsaX	17.97820769809902
PF21350	Cas6_I-A	2.961656539331342
PF22602	NXF_NTF2	1.2482072895141305
PF09460	Saf-Nte_pilin	17.97820769809902
PF06725	3D	3.744551924524755
PF10069	DICT	8.48910384904951
PF18054	CEL_III_C	17.97820769809902
PF22041	GST_C_7	3.994551924524755
PF15453	Pilt	5.659402566033006
PF01773	Nucleos_tra2_N	4.52863009177342
PF20452	Calmod_bind_C	4.885426534403885
PF16860	CX9C	3.848311299344466
PF07537	CamS	17.97820769809902
PF14210	DUF4322	17.97820769809902
PF16644	NEXCaM_BD	4.444783836108098
PF20706	GT4-conflict	7.585426388020708
PF22788	COP9_hel_rpt	2.7312559206423317
PF09208	Endonuc-MspI	17.97820769809902
PF02903	Alpha-amylase_N	7.03565855124525
PF01736	Polyoma_agno	5.659402566033006
PF00179	UQ_con	0.33495257290210445
PF18499	Cue1_U7BR	4.992735899366339
PF11792	Baculo_LEF5_C	2.961656539331342
PF21734	10_blade	8.98910384904951
PF18549	NitrOD1	17.97820769809902
PF07278	DUF1441	17.97820769809902
PF10699	HAP2-GCS1	8.98910384904951
PF02410	RsfS	1.30713171024905
PF19342	MGP3_C	5.46441506579262
PF06589	CRA	5.46441506579262
PF14951	DUF4503	16.97820769809902
PF16078	2-oxogl_dehyd_N	2.300494853426524
PF11291	DUF3091	14.656279603211658
PF15815	MKRN1_C	1.784720997494741
PF16672	LAMTOR5	4.0983112993444655
PF06679	DUF1180	0.4635074177892507
PF08182	Pedibin	8.48910384904951
PF03975	CheD	2.0396811399939896
PF12693	GspL_C	2.9037552158923443
PF12666	PrgI	5.326069232699673
PF00814	TsaD	0.6950141689357154
PF20377	DUF6672	17.97820769809902
PF07525	SOCS_box	0.6847399928169103
PF20268	SBDS_C	3.396472568830065
PF19771	DUF6257	5.46441506579262
PF21264	DYNC2H1_AAA_dom	5.131081732459288
PF10963	Phage_TAC_10	17.97820769809902
PF19080	DUF5772	3.2786490394755727
PF05094	LEF-9	17.97820769809902
PF08456	Vmethyltransf_C	3.195641539619804
PF22837	M_Eco57I_C	3.1312559206423316
PF11247	Phage_T7_55	17.97820769809902
PF22686	Alg17C_C	8.196622598688931
PF20976	Pop8	17.97820769809902
PF05548	Peptidase_M11	17.97820769809902
PF13865	FoP_duplication	0.722221645879878
PF01057	Parvo_NS1	1.1973502523674016
PF07495	Y_Y_Y	2.528475462673569
PF14651	Lipocalin_7	5.659402566033006
PF14712	Snapin_Pallidin	0.569011650133819
PF02773	S-AdoMet_synt_C	1.4104179766358294
PF10319	7TM_GPCR_Srj	17.97820769809902
PF01154	HMG_CoA_synt_N	4.23093515974559
PF13695	zf-3CxxC	3.994551924524755
PF14248	DUF4345	17.97820769809902
PF16462	Phage_TAC_14	17.97820769809902
PF16562	HECW_N	3.848311299344466
PF06007	PhnJ	17.97820769809902
PF00113	Enolase_C	1.3559762257808687
PF14086	DUF4266	5.659402566033006
PF10276	zf-CHCC	17.97820769809902
PF11479	Suppressor_P21	3.994551924524755
PF04359	DUF493	17.97820769809902
PF21956	DUF6922	17.97820769809902
PF04826	Arm_2	1.0824090078838846
PF01196	Ribosomal_L17	0.6638883989978964
PF04324	Fer2_BFD	1.017178476610427
PF11060	DUF2861	17.97820769809902
PF20596	pAdhesive_11	17.97820769809902
PF17549	Phage_Gp17	3.994551924524755
PF05557	MAD	1.1809043980034513
PF11340	DUF3142	17.97820769809902
PF06288	DUF1040	4.0983112993444655
PF22005	WWE_1	5.46441506579262
PF21271	SNX17-31_F2_FERM	3.47268621421217
PF20240	DUF6597	17.97820769809902
PF14244	Retrotran_gag_3	3.1312559206423316
PF01357	Expansin_C	2.79921199614359
PF12800	Fer4_4	17.97820769809902
PF16429	DUF5026	4.244551924524755
PF16902	FokI_D3	2.565540866229644
PF08303	tRNA_lig_kinase	8.196622598688931
PF11974	bMG3	1.784720997494741
PF05065	Phage_capsid	3.1312559206423316
PF10502	Peptidase_S26	2.6555535959915857
PF06297	PET	6.03565855124525
PF02055	Glyco_hydro_30	4.6904390341635
PF08370	PDR_assoc	1.2250287243535822
PF14444	S1-like	3.6640699008029145
PF09378	HAS-barrel	7.404141348328354
PF19155	DUF5837	3.994551924524755
PF10282	Lactonase	1.5634796780545
PF21584	2L_N_poxvirus	17.97820769809902
PF00861	Ribosomal_L18p	2.995641539619804
PF06793	UPF0262	16.97820769809902
PF09034	TRADD_N	1.8148470099327152
PF21047	Maestro_HEAT	0.6667175754162148
PF21464	flgE_D3	8.48910384904951
PF03737	RraA-like	8.48910384904951
PF04096	Nucleoporin2	2.3151241428081133
PF12720	DUF3807	2.3618087960069025
PF05026	DCP2	4.885426534403885
PF03030	H_PPase	1.6642452997887798
PF13430	DUF4112	3.994551924524755
PF08056	Trp_leader2	17.97820769809902
PF17591	UL41A	3.1312559206423316
PF11345	DUF3147	8.98910384904951
PF01523	PmbA_TldD_1st	4.52863009177342
PF04210	MtrG	4.0983112993444655
PF12394	DUF3657	3.848311299344466
PF09654	DUF2396	17.97820769809902
PF13145	Rotamase_2	0.5188614599452419
PF22976	RRM_10	15.656279603211658
PF13543	SAM_KSR1	1.3198887344965202
PF08505	MMR1	4.0983112993444655
PF03991	Prion_octapep	5.46441506579262
PF22445	Ssol_1539-like_2nd	2.6630346163498366
PF05178	Kri1	1.5864186644397695
PF22295	DUF6967	17.97820769809902
PF16327	CcmF_C	3.598311299344466
PF16928	Inj_translocase	17.97820769809902
PF00779	BTK	2.2038866993225916
PF08029	HisG_C	2.52236611230019
PF08543	Phos_pyr_kin	0.7844964339623076
PF10398	DUF2443	1.8722759622623775
PF03920	TLE_N	2.3151241428081133
PF09595	Metaviral_G	17.97820769809902
PF13868	TPH	8.48910384904951
PF15610	PRTase_3	8.196622598688931
PF07214	DUF1418	4.0983112993444655
PF12752	SUZ	4.659402566033006
PF05979	DUF896	2.2366113718873795
PF07505	DUF5131	17.97820769809902
PF02988	PLA2_inh	6.98910384904951
PF11452	DUF3000	5.659402566033006
PF15642	Tox-ODYAM1	8.48910384904951
PF12612	TFCD_C	2.0741108684945315
PF14860	DrrA_P4M	3.9140699008029145
PF00611	FCH	0.1858090411200704
PF16907	Caskin-Pro-rich	2.1397439568712886
PF11515	Cul7	1.8722759622623775
PF08220	HTH_DeoR	0.8807347301634431
PF04799	Fzo_mitofusin	1.0685188351422064
PF13006	Nterm_IS4	5.46441506579262
PF16114	Citrate_bind	3.517829275622625
PF18768	RNPP_C	2.4963679496831697
PF12445	FliC	3.195641539619804
PF06974	WS_DGAT_C	4.183980981132307
PF22555	DAM-like-phage1	17.97820769809902
PF12982	DUF3866	5.46441506579262
PF08411	Exonuc_X-T_C	3.792713194010354
PF13236	CLU	1.0142377313367845
PF20676	Herpes_gp350_B	7.98910384904951
PF03669	ASTER	17.97820769809902
PF00972	Flavi_NS5	6.0477823243685895
PF12432	INTS1_RP2B-bd	16.393245197377862
PF17151	CHASE7	4.759255993319309
PF02357	NusG	3.96358161894956
PF12596	Tnp_P_element_C	4.0983112993444655
PF19058	DUF5754	17.97820769809902
PF00944	Peptidase_S3	2.5781489713697363
PF03353	Lin-8	1.0050940787493214
PF12818	Tegument_dsDNA	7.328139801605829
PF20531	DUF6746	1.8148470099327152
PF20509	DUF6735	1.739586622579073
PF07939	DUF1685	4.244551924524755
PF17375	DUF5397	8.98910384904951
PF04390	LptE	5.659402566033006
PF00214	Calc_CGRP_IAPP	2.1672646822916306
PF11036	YqgB	17.97820769809902
PF00311	PEPcase	3.792713194010354
PF06570	DUF1129	0.8222475116528835
PF15191	Synaptonemal_3	17.97820769809902
PF12278	SDP_N	5.659402566033006
PF14977	FAM194	3.994551924524755
PF14941	OAF_N	7.48910384904951
PF13521	AAA_28	0.9040199716579755
PF11712	Vma12	1.2098980066218101
PF19244	Poly_A_pol_cat	2.024407539434488
PF09279	EF-hand_like	1.5648470099327152
PF06984	MRP-L47	1.6284755114679619
PF16238	DUF4897	4.992735899366339
PF02213	GYF	1.8510353370820884
PF16633	APC_u9	15.97820769809902
PF04617	Hox9_act	6.611660097967776
PF17798	TRIF-NTD	5.326069232699673
PF21366	TRAFD1-XIAF1_ZnF	3.744551924524755
PF07806	Nod_GRP	17.97820769809902
PF15771	IHO1	8.196622598688931
PF05111	Amelin	5.46441506579262
PF05255	UPF0220	3.195641539619804
PF00526	Dicty_CTDC	2.276046600535276
PF06956	RtcR	3.195641539619804
PF11507	Transcript_VP30	8.196622598688931
PF22469	RavJ_Peptidase	17.97820769809902
PF18731	HEPN_Swt1	17.97820769809902
PF21941	SMEK_N	17.97820769809902
PF12765	Cohesin_HEAT	1.3084768361252603
PF20421	DHR-2_Lobe_C	1.8743181004244924
PF14932	HAUS-augmin3	0.9679184052974481
PF20321	DUF6616	3.994551924524755
PF11874	DUF3394	17.97820769809902
PF02451	Nodulin	2.961656539331342
PF17031	DUF5101	17.97820769809902
PF10031	DUF2273	3.078649039475573
PF22222	Cpf1_PI-like	4.0983112993444655
PF11455	MazE-like	8.196622598688931
PF08337	Plexin_cytopl	1.646356597005177
PF08878	HamA	7.696622598688932
PF12708	Pectate_lyase_3	0.5444639862772281
PF19067	DUF5763	8.196622598688931
PF13057	DUF3919	8.196622598688931
PF00085	Thioredoxin	0.16467779634390473
PF07627	PSCyt3	5.46441506579262
PF05334	DUF719	3.195641539619804
PF05359	DUF748	8.48910384904951
PF08015	Pheromone	2.4427132672019427
PF22646	PPP2R1A-like_HEAT	2.878649039475573
PF16059	MGA_dom	8.48910384904951
PF13737	DDE_Tnp_1_5	17.97820769809902
PF16342	DUF4972	3.792713194010354
PF12731	Mating_N	1.8320349504014573
PF06526	DUF1107	8.196622598688931
PF07268	EppA_BapA	17.97820769809902
PF18625	EspB_PE	15.97820769809902
PF16710	CTXphi_pIII-N1	17.97820769809902
PF13436	Gly-zipper_OmpA	6.611660097967776
PF04659	Arch_fla_DE	3.994551924524755
PF18764	nos_propeller	1.736343107106085
PF08331	QueG_DUF1730	3.2334533946851414
PF04747	DUF612	17.97820769809902
PF09416	UPF1_Zn_bind	3.569441994989482
PF13827	DUF4189	4.244551924524755
PF17157	GAPES4	17.97820769809902
PF16673	TRAF_BIRC3_bd	2.4963679496831697
PF09251	PhageP22-tail	5.659402566033006
PF09700	Cas_Cmr3	17.97820769809902
PF17946	RecC_C	2.931255920642332
PF03750	Csm2_III-A	5.659402566033006
PF18019	Cas3_HD	3.517829275622625
PF11434	CHIPS	17.97820769809902
PF10315	Aim19	15.656279603211658
PF16992	RNA_pol_RpbG	17.97820769809902
PF16008	DUF4778	5.326069232699673
PF00211	Guanylate_cyc	0.2546109484631949
PF00557	Peptidase_M24	0.211656176838951
PF20214	DUF6574	17.97820769809902
PF11085	YqhR	5.056950925347138
PF14603	hSH3	2.6093799338686097
PF11330	30K_MP_C_Ter	8.48910384904951
PF04734	Ceramidase_alk	14.170852776041416
PF05194	UreE_C	3.4399987384490744
PF05942	PaREP1	17.97820769809902
PF11574	Rpf1_C	7.98910384904951
PF00516	GP120	2.3422842314808237
PF06881	Elongin_A	1.5864186644397695
PF18652	Adhesin_P1_N	1.4071317102490501
PF21148	NSUN5_fdxn-like	2.795641539619804
PF20658	MSG_insertion	2.3137633523922636
PF01759	NTR	1.684054734174143
PF04608	PgpA	5.326069232699673
PF19557	DUF6079	5.659402566033006
PF15965	zf-TRAF_2	3.792713194010354
PF10088	DUF2326	7.828139801605829
PF03677	UPF0137	17.97820769809902
PF18928	DUF5677	7.98910384904951
PF16566	CREPT	0.9012517386307815
PF17809	UPA_2	2.4680471161094513
PF03559	Hexose_dehydrat	15.97820769809902
PF15115	HDNR	17.97820769809902
PF07522	DRMBL	3.4325700461638586
PF20216	DUF6576	2.1990350281968376
PF05007	Mannosyl_trans	8.98910384904951
PF10215	Ost4	7.98910384904951
PF08282	Hydrolase_3	0.5185614586258214
PF13093	FTA4	2.6093799338686097
PF13715	CarbopepD_reg_2	3.078649039475573
PF05983	Med7	5.056950925347138
PF12692	Methyltransf_17	16.97820769809902
PF04157	EAP30	1.784720997494741
PF18540	DUF5626	17.97820769809902
PF09072	TMA7	17.97820769809902
PF15947	DUF4755	17.97820769809902
PF12418	AcylCoA_DH_N	5.218759867737219
PF01112	Asparaginase_2	3.994551924524755
PF12033	DUF3519	17.97820769809902
PF12045	DUF3528	4.552093201070552
PF12684	DUF3799	5.46441506579262
PF16694	Cytochrome_P460	17.97820769809902
PF19141	DUF5824	17.97820769809902
PF18705	DUF5643	17.97820769809902
PF17153	CHASE9	5.659402566033006
PF22126	C2c1_RuvC-like	8.98910384904951
PF20074	DUF6470	4.244551924524755
PF14691	Fer4_20	1.2730280184655436
PF16540	MKLP1_Arf_bdg	8.48910384904951
PF07150	DUF1390	8.48910384904951
PF08363	GbpC	3.702070674164177
PF00653	BIR	0.8622369358921785
PF12760	Zn_Tnp_IS1595	0.6241036447570653
PF21022	Rap-GAP_dimer	6.828139801605829
PF18171	LSDAT_prok	3.0341705552082834
PF10759	BPA	4.0983112993444655
PF05000	RNA_pol_Rpb1_4	1.6303318421616209
PF08004	DUF1699	8.196622598688931
PF00415	RCC1	0.48643445624674647
PF05108	T7SS_ESX1_EccB	17.97820769809902
PF14445	Prok-RING_2	17.97820769809902
PF14906	DUF4495	5.659402566033006
PF00112	Peptidase_C1	0.7900652743090875
PF16535	T3SSipB	2.3618087960069025
PF18881	DUF5646	8.48910384904951
PF00313	CSD	1.1883015547718636
PF16896	PGDH_C	5.326069232699673
PF17226	MTA_R1	3.6640699008029145
PF18046	FKBP26_C	4.885426534403885
PF04625	DEC-1_N	0.3648215523562877
PF12630	Pox_polyA_pol_N	2.178552850415083
PF00584	SecE	2.0741108684945315
PF17147	PFOR_II	3.1732013698091928
PF01479	S4	0.18690926282991807
PF18538	DUF5624	5.056950925347138
PF00841	Protamine_P2	17.97820769809902
PF14171	SpoIISA_toxin	1.924155649672233
PF16795	Phage_integr_3	1.599249466375318
PF16840	ACTL7A_N	4.992735899366339
PF00853	Runt	7.48910384904951
PF01754	zf-A20	2.075774290340334
PF20060	DUF6459	8.48910384904951
PF00089	Trypsin	0.21885180781518052
PF18014	Acetyltransf_18	4.0983112993444655
PF19279	YegS_C	3.6337973670160624
PF17902	SH3_10	2.3013804494427843
PF01062	Bestrophin	8.48910384904951
PF01423	LSM	1.574539197337935
PF22299	BRISC_FAM175B_helical	17.97820769809902
PF01569	PAP2	0.361110822939939
PF10428	SOG2	0.25757287195799605
PF00014	Kunitz_BPTI	0.3736674457774031
PF07543	PGA2	1.0504830464008967
PF02382	RTX	1.2890744856848682
PF01857	RB_B	2.134713782776118
PF22408	PsV_CP_C	17.97820769809902
PF18359	Tudor_5	1.8320349504014573
PF13529	Peptidase_C39_2	5.218759867737219
PF01882	DUF58	8.98910384904951
PF12046	CCB1	5.46441506579262
PF05338	DUF717	8.98910384904951
PF14309	DUF4378	3.078649039475573
PF04124	Dor1	2.1397439568712886
PF09590	Env-gp36	15.170852776041416
PF10043	DUF2279	17.97820769809902
PF04815	Sec23_helical	1.8939163089973017
PF07458	SPAN-X	17.97820769809902
PF05609	LAP1_C	7.259388039730861
PF03772	Competence	5.218759867737219
PF22141	Thiaminase-1_dom	8.48910384904951
PF11834	KHA	2.717178055064052
PF02610	Arabinose_Isome	5.566358823577322
PF13813	MBOAT_2	2.115468956665244
PF22675	KH_1_3	0.9629827753432094
PF13386	DsbD_2	2.565540866229644
PF11474	N-Term_TEN	7.48910384904951
PF13834	DUF4193	8.48910384904951
PF19239	GIY_YIG_domain	8.196622598688931
PF05621	TniB	1.2231496129129096
PF10181	PIG-H	17.97820769809902
PF17285	PRMT5_TIM	6.512005693856072
PF04785	Rhabdo_M2	17.97820769809902
PF00571	CBS	0.20753629838087054
PF10721	DUF2514	2.1990350281968376
PF02974	Inh	7.828139801605829
PF19324	LETM2_N	5.326069232699673
PF02398	Corona_7	16.393245197377862
PF00474	SSF	0.7472399928169103
PF17265	DUF5331	8.48910384904951
PF10973	DUF2799	17.97820769809902
PF21384	Cas3_I-F_Cas2	16.97820769809902
PF03784	Cyclotide	1.972611813808101
PF21572	Nop5_56-rel_N_Arc	17.97820769809902
PF10264	Stork_head	3.078649039475573
PF08773	CathepsinC_exc	4.9360942322189025
PF07371	DUF1490	8.48910384904951
PF19229	DUF5882	8.196622598688931
PF08720	Hema_stalk	6.94537242842434
PF08091	Toxin_21	17.97820769809902
PF18469	PH_18	2.6555535959915857
PF04312	DUF460	5.326069232699673
PF12480	GARIL_Rab2_bd	1.8722759622623775
PF06342	DUF1057	17.97820769809902
PF20568	DUF6777	3.9140699008029145
PF13826	Monooxy_af470-like	8.98910384904951
PF21789	TNP-like_RNaseH_C	5.659402566033006
PF09799	Transmemb_17	8.48910384904951
PF20633	CoV_NSP13_stalk	6.53565855124525
PF09892	DUF2119	8.196622598688931
PF07846	Metallothio_Cad	7.696622598688932
PF03945	Endotoxin_N	1.0471614617692475
PF20874	Relaxase_M	8.48910384904951
PF14938	SNAP	5.46441506579262
PF00521	DNA_topoisoIV	1.3331655928518331
PF10174	Cast	2.1672646822916306
PF02435	Glyco_hydro_68	2.2366113718873795
PF05282	AAR2	14.808282696656708
PF11970	GPR_Gpa2_C	5.46441506579262
PF11984	DUF3485	3.994551924524755
PF09196	DUF1953	8.48910384904951
PF22943	HTH_68	2.4963679496831697
PF18409	Plk4_PB2	2.666870301664859
PF00680	RdRP_1	0.22601783401276296
PF14833	NAD_binding_11	6.181748926991905
PF11198	DUF2857	17.97820769809902
PF00367	PTS_EIIB	1.4114633963644752
PF00929	RNase_T	0.28680771577981634
PF21026	SLFN_GTPase-like	3.569441994989482
PF00491	Arginase	2.9037552158923443
PF06529	Vert_IL3-reg_TF	7.404141348328354
PF22366	NDH2_C	2.276046600535276
PF20218	DUF6578	17.97820769809902
PF19202	DUF5874	3.744551924524755
PF19023	DUF5749	8.48910384904951
PF15261	JHY	17.97820769809902
PF05943	VipB	8.48910384904951
PF08241	Methyltransf_11	0.18813997426967669
PF16864	Dimerisation2	1.5312859054419776
PF08567	PH_TFIIH	2.878649039475573
PF22130	Phage_gp38	5.218759867737219
PF01016	Ribosomal_L27	7.585426388020708
PF09284	RhgB_N	14.393245197377864
PF05365	UCR_UQCRX_QCR9	4.244551924524755
PF10412	TrwB_AAD_bind	2.6093799338686097
PF18350	SH3_17	8.98910384904951
PF08441	Integrin_A_Ig_1	6.111660097967776
PF00446	GnRH	5.46441506579262
PF13817	DDE_Tnp_IS66_C	16.393245197377862
PF04133	Vps55	3.994551924524755
PF15788	DUF4705	16.97820769809902
PF03522	SLC12	4.243426728218478
PF05055	DUF677	1.1809043980034513
PF16837	SF3A3	3.078649039475573
PF15763	DUF4692	0.9318805132066013
PF08882	Acetone_carb_G	17.97820769809902
PF02388	FemAB	3.994551924524755
PF10323	7TM_GPCR_Srv	7.48910384904951
PF09644	Mg296	5.659402566033006
PF06136	SOK	2.1630346163498366
PF22078	Ribosomal_bL9m_C	7.585426388020708
PF18543	ID	4.244551924524755
PF22575	Vir1p	0.7717080476027044
PF07481	DUF1521	17.97820769809902
PF04528	Adeno_E4_34	8.196622598688931
PF12356	BIRC6	3.1312559206423316
PF05358	DicB	7.696622598688932
PF01409	tRNA-synt_2d	0.1655095940698122
PF07497	Rho_RNA_bind	2.0605829756639684
PF15259	GTSE1_N	17.97820769809902
PF03242	LEA_3a	8.196622598688931
PF09135	Alb1	8.48910384904951
PF07685	GATase_3	0.47676321011251455
PF20474	PHL	5.46441506579262
PF20865	FAM186A-B_C	5.326069232699673
PF19831	DUF6312	17.97820769809902
PF10568	Tom37	2.746056036931087
PF10375	GRAB	3.994551924524755
PF18075	FtsX_ECD	1.1212204785035005
PF01540	Lipoprotein_7	17.97820769809902
PF01678	DAP_epimerase	2.3125718108839552
PF18822	CdvA	2.2366113718873795
PF02567	PhzC-PhzF	16.393245197377862
PF19802	DUF6285	5.326069232699673
PF15341	SLX9	5.46441506579262
PF21361	Sina_ZnF	0.6461983147346277
PF14828	Amnionless	2.565540866229644
PF01465	GRIP	0.8370778248361165
PF14294	DUF4372	8.98910384904951
PF02673	BacA	2.115468956665244
PF03792	PBC	3.396472568830065
PF18645	DUF5631	17.97820769809902
PF16470	S8_pro-domain	3.1732013698091928
PF08544	GHMP_kinases_C	0.27195766592329007
PF18677	ArnB_C	2.4963679496831697
PF12351	Fig1	5.326069232699673
PF06396	AGTRAP	5.46441506579262
PF01283	Ribosomal_S26e	8.98910384904951
PF00124	Photo_RC	17.97820769809902
PF06217	GAGA_bind	1.599249466375318
PF01138	RNase_PH	1.092630194268331
PF08642	Rxt3	2.1672646822916306
PF01885	PTS_2-RNA	3.195641539619804
PF00751	DM	1.3909751199401912
PF04230	PS_pyruv_trans	5.326069232699673
PF20926	Htt_N-HEAT_1	1.8510353370820884
PF15806	DUF4707	17.97820769809902
PF19674	DUF6177	14.656279603211658
PF06201	PITH	15.97820769809902
PF03254	XG_FTase	3.9140699008029145
PF18802	CxC1	17.97820769809902
PF06748	DUF1217	17.97820769809902
PF14922	FWWh	4.0983112993444655
PF18636	Sld7_N	6.828139801605829
PF18634	RXLR_WY	7.585426388020708
PF02380	Papo_T_antigen	13.58589027532026
PF20844	PCF11_RFEG_rpt	4.244551924524755
PF01160	Opiods_neuropep	2.398874199562977
PF09305	TACI-CRD2	8.196622598688931
PF18318	Gln-synt_C-ter	3.994551924524755
PF18964	DUF5704	3.994551924524755
PF09851	SHOCT	0.593751287096159
PF18488	WYL_3	3.994551924524755
PF18604	PreAtp-grasp	17.97820769809902
PF09402	MSC	1.6131973421624135
PF12759	HTH_Tnp_IS1	4.576760061551811
PF10521	Tti2	2.024407539434488
PF14700	RPOL_N	1.2122137734840268
PF00077	RVP	1.1901579063782353
PF01257	2Fe-2S_thioredx	1.8722759622623775
PF07880	T4_gp9_10	17.97820769809902
PF14980	TIP39	2.528475462673569
PF05679	CHGN	1.397820769809902
PF13289	SIR2_2	7.696622598688932
PF15003	HAUS2	2.6630346163498366
PF19937	GldC-like	17.97820769809902
PF05736	OprF	8.196622598688931
PF03835	Rad4	1.8320349504014573
PF04202	Mfp-3	17.97820769809902
PF17882	SBD	15.656279603211658
PF10475	Vps54_N	1.2792106456809547
PF08903	DUF1846	6.243177300884672
PF15065	NCU-G1	7.828139801605829
PF05525	Branch_AA_trans	17.97820769809902
PF02509	Rota_NS35_C	13.277767979957927
PF17122	zf-C3H2C3	3.6640699008029145
PF18076	FGAR-AT_N	5.977919942535283
PF06469	DUF1088	7.48910384904951
PF04198	Sugar-bind	1.2659161330419848
PF14521	Aspzincin_M35	4.0983112993444655
PF03450	CO_deh_flav_C	3.017829275622625
PF20933	HpHbR	5.46441506579262
PF22026	Alpha-amylase_C_2	3.848311299344466
PF20951	Flu_PB2_6th	5.6251436217679105
PF01027	Bax1-I	2.528475462673569
PF20939	MsrA_helical	17.97820769809902
PF01142	TruD	2.6573698859669856
PF12990	DUF3874	5.326069232699673
PF15107	FAM216B	16.97820769809902
PF14605	Nup35_RRM_2	2.0741108684945315
PF01602	Adaptin_N	0.33622923177991454
PF22774	DNAJC11_beta-barrel	7.696622598688932
PF03315	SDH_beta	2.3796279966596545
PF19962	EAD9	0.9380878068327
PF20529	DUF6744	17.97820769809902
PF01783	Ribosomal_L32p	5.659402566033006
PF14104	DUF4277	8.48910384904951
PF02825	WWE	0.4375102586977079
PF04923	Ninjurin	3.1312559206423316
PF09478	CBM49	2.398874199562977
PF09597	IGR	8.48910384904951
PF11433	DUF3198	8.48910384904951
PF17687	DUF5535	8.48910384904951
PF06883	RNA_pol_Rpa2_4	7.085426388020708
PF17779	NOD2_WH	2.007911726756022
PF20599	DUF6796	3.744551924524755
PF01161	PBP	3.0341705552082834
PF18507	WW_1	2.6093799338686097
PF11177	DUF2964	17.97820769809902
PF16852	HHV-1_VABD	16.393245197377862
PF03871	RNA_pol_Rpb5_N	13.58589027532026
PF14692	DUF4462	3.792713194010354
PF14551	MCM_N	2.269770215603882
PF12266	DUF3613	5.131081732459288
PF20327	DUF6622	16.97820769809902
PF18756	Nmad4	17.97820769809902
PF11795	DUF3322	5.659402566033006
PF00712	DNA_pol3_beta	3.0363294209835696
PF14508	GH97_N	5.218759867737219
PF03368	Dicer_dimer	1.5454372317479763
PF14354	Lar_restr_allev	1.0198405699969948
PF10451	Stn1	2.4427132672019427
PF03047	ComC	2.528475462673569
PF13130	DUF3952	8.98910384904951
PF18897	Gp3-like	17.97820769809902
PF14038	YqzE	3.1312559206423316
PF03927	NapD	8.196622598688931
PF13392	HNH_3	0.8033105648948033
PF09256	BaffR-Tall_bind	17.97820769809902
PF00240	ubiquitin	0.13635292883721842
PF21037	CCDC138_cc	0.8222475116528835
PF16922	SLD5_C	6.828139801605829
PF08373	RAP	1.8673310146414999
PF02617	ClpS	2.9037552158923443
PF11457	DUF3021	3.078649039475573
PF17669	DUF5529	8.48910384904951
PF13962	PGG	2.4963679496831697
PF21579	PabTrmU54_TRAM_dom	1.5864186644397695
PF10403	BHD_1	2.0741108684945315
PF04337	DUF480	0.26012987177596747
PF20279	CTD12	4.244551924524755
PF10570	Myelin-PO_C	3.598311299344466
PF07980	SusD_RagB	7.828139801605829
PF13240	zinc_ribbon_2	0.5920005176232793
PF08072	BDHCT	2.565540866229644
PF06265	YutD-like	17.97820769809902
PF15588	Imm10	5.659402566033006
PF01088	Peptidase_C12	1.8540296711570028
PF04399	Glutaredoxin2_C	5.218759867737219
PF14081	DUF4262	17.97820769809902
PF13691	Lactamase_B_4	2.8555535959915854
PF16830	NBD94	17.97820769809902
PF18383	IFT81_CH	2.1672646822916306
PF13106	DUF3961	5.326069232699673
PF11621	Sbi-IV	3.4325700461638586
PF04023	FeoA	17.97820769809902
PF19068	DUF5764	6.98910384904951
PF18870	HEPN_RES_NTD1	3.195641539619804
PF06180	CbiK	8.98910384904951
PF16904	PurL_C	8.48910384904951
PF07104	DUF1366	1.465627960321166
PF16241	DUF4900	16.393245197377862
PF16762	RHH_6	7.98910384904951
PF20703	nSTAND1	2.6630346163498366
PF18108	QSOX_Trx1	7.404141348328354
PF09558	DUF2375	16.97820769809902
PF16747	Adhesin_E	3.994551924524755
PF04669	PBDC1	17.97820769809902
PF20088	DUF6480	1.6453647440729675
PF01393	Chromo_shadow	6.904141348328354
PF07652	Flavi_DEAD	1.901392014961345
PF08457	Sfi1	4.244551924524755
PF20572	DUF6781	1.6642452997887798
PF19455	DUF5993	16.97820769809902
PF10988	DUF2807	8.48910384904951
PF04246	RseC_MucC	1.4170852776041416
PF02599	CsrA	2.878649039475573
PF01963	TraB_PrgY_gumN	5.46441506579262
PF21995	RNR-II_ins_dom	7.259388039730861
PF16309	DUF4951	5.46441506579262
PF20101	DUF6491	0.7866181422075162
PF18206	Porphyrn_cat_1	17.97820769809902
PF19860	DUF6334	8.98910384904951
PF17878	ssDBP	4.0983112993444655
PF10383	Clr2	8.48910384904951
PF11611	DUF4352	3.994551924524755
PF01536	SAM_decarbox	17.97820769809902
PF08721	Tn7_Tnp_TnsA_C	3.1312559206423316
PF17058	MBR1	7.585426388020708
PF06906	DUF1272	8.196622598688931
PF00708	Acylphosphatase	3.6296940198654304
PF05450	Nicastrin	2.34521951708175
PF22219	DUF3829_2nd	17.97820769809902
PF08625	Utp13	3.702070674164177
PF22355	tRNA_int_end_N3	17.97820769809902
PF21564	Caudo_bapla_RBP_neck	3.994551924524755
PF16203	ERCC3_RAD25_C	4.444783836108098
PF21770	MgtC_SapB_C	7.259388039730861
PF09182	PuR_N	2.995641539619804
PF06012	DUF908	1.3890744856848682
PF09109	Xol-1_GHMP-like	8.48910384904951
PF07857	TMEM144	7.196622598688932
PF16707	CagS	5.659402566033006
PF10935	DUF2637	17.97820769809902
PF17950	SpmSyn_N	2.1397439568712886
PF03766	Remorin_N	16.393245197377862
PF07047	OPA3	2.565540866229644
PF00892	EamA	0.3448595784344518
PF04633	Herpes_BMRF2	17.97820769809902
PF09922	LiaF-like_C	5.326069232699673
PF14770	TMEM18	16.393245197377862
PF21702	GLGE_C	6.759388039730861
PF04409	DUF530	7.98910384904951
PF21457	zf-CCCH_2-like_3	5.659402566033006
PF03024	Folate_rec	4.9360942322189025
PF20872	MalF_N_TM	14.277767979957927
PF13373	Dsc3_C	0.8171026386381577
PF19605	DUF6110	8.48910384904951
PF14443	DBC1	3.702070674164177
PF06255	MafB	17.97820769809902
PF10405	BHD_3	7.48910384904951
PF10344	FMP27-BLTP2_N	5.326069232699673
PF12914	SH3_7	17.97820769809902
PF07235	DUF1427	17.97820769809902
PF03660	PHF5	8.48910384904951
PF15869	TolB_like	17.97820769809902
PF08546	ApbA_C	2.0810591002948904
PF17090	Ytca	17.97820769809902
PF07421	Pro-NT_NN	17.97820769809902
PF17598	DUF5494	17.97820769809902
PF02635	DsrE	8.48910384904951
PF07994	NAD_binding_5	7.98910384904951
PF11287	DUF3088	8.48910384904951
PF20585	Pectate_lyase_5	17.97820769809902
PF16783	FANCM-MHF_bd	4.0983112993444655
PF18439	zf_UBZ	0.4316819337745421
PF12161	HsdM_N	2.7312559206423317
PF17172	GST_N_4	4.9360942322189025
PF12523	DUF3725	16.97820769809902
PF22073	Cep192_D4	1.480828269665671
PF03205	MobB	3.994551924524755
PF02072	Orexin	17.97820769809902
PF12324	HTH_15	2.34521951708175
PF22803	GBD_Y3	17.97820769809902
PF00427	PBS_linker_poly	2.6555535959915857
PF07990	NABP	5.218759867737219
PF01272	GreA_GreB	1.3557668091822812
PF10346	Con-6	4.8395920264872405
PF21171	PDE12-like_N	7.98910384904951
PF19589	DUF6095	5.659402566033006
PF02331	P35	8.48910384904951
PF09267	Dict-STAT-coil	5.326069232699673
PF13060	DUF3921	8.196622598688931
PF04362	Iron_traffic	17.97820769809902
PF16581	HIGH_NTase1_ass	5.218759867737219
PF13506	Glyco_transf_21	4.992735899366339
PF22317	PolB_N	16.393245197377862
PF20079	DUF6474	5.46441506579262
PF01747	ATP-sulfurylase	2.7473807528317136
PF06210	DUF1003	5.659402566033006
PF05400	FliT	3.994551924524755
PF03571	Peptidase_M49	5.46441506579262
PF04538	BEX	15.170852776041416
PF16213	DCB	1.3120226702971447
PF06810	Phage_GP20	0.9380878068327
PF18513	Pro_sub2	7.98910384904951
PF22521	HypF_C_2	1.054833478795645
PF07111	HCR	5.659402566033006
PF13917	zf-CCHC_3	1.3890744856848682
PF17319	DUF5362	2.1397439568712886
PF20253	DUF6604	5.326069232699673
PF19903	DUF6376	1.3462075178778825
PF08454	RIH_assoc	0.8622542385827043
PF04940	BLUF	2.8555535959915854
PF08928	PoNi_N	5.46441506579262
PF04867	DUF643	8.98910384904951
PF01326	PPDK_N	1.2305782356127526
PF03748	FliL	3.744551924524755
PF19631	Trypco2	17.97820769809902
PF21207	GLOD4_N	7.98910384904951
PF16988	Vps36-NZF-N	3.2786490394755727
PF04256	DUF434	8.48910384904951
PF04573	SPC22	17.97820769809902
PF10639	TMEM234	15.656279603211658
PF19798	Sulfotransfer_5	5.46441506579262
PF18201	PIH1_CS	1.1643893360597006
PF06251	Caps_syn_GfcC_C	3.994551924524755
PF10501	Ribosomal_L50	2.1397439568712886
PF21356	Vps27_GAT-like	1.4815946120360326
PF10372	CdaS_N	1.1274061233239738
PF03181	BURP	3.994551924524755
PF19359	DUF5936	17.97820769809902
PF11886	TOC159_MAD	3.744551924524755
PF19198	RsaA_NTD	17.97820769809902
PF09320	DUF1977	6.98910384904951
PF01185	Hydrophobin	3.1312559206423316
PF13302	Acetyltransf_3	2.0937542290302367
PF08165	FerA	3.6640699008029145
PF06250	YhcG_C	17.97820769809902
PF17136	ribosomal_L24	0.32156403958191043
PF14940	TMEM219	3.078649039475573
PF08947	BPS	7.196622598688932
PF16214	AC_N	2.546056036931087
PF09949	APP1_cat	16.393245197377862
PF10137	CAP12-PCTIR_TIR	2.3796279966596545
PF16175	DUF4875	17.97820769809902
PF16721	zf-H3C2	2.8142634204981003
PF22468	ACT_9	2.466870301664859
PF12923	RRP7	1.3890744856848682
PF19315	MC_hydratase	8.98910384904951
PF20756	SusG_CBM58	17.97820769809902
PF00001	7tm_1	0.04656492565904742
PF01054	MMTV_SAg	17.97820769809902
PF09497	Med12	1.3518776079461723
PF20591	DUF6792	17.97820769809902
PF09749	HVSL	5.659402566033006
PF14084	DUF4264	17.97820769809902
PF02840	Prp18	1.7162850230819293
PF09202	Rio2_N	4.885426534403885
PF02112	PDEase_II	7.98910384904951
PF03086	DUF240	2.0396811399939896
PF01934	HepT-like	2.6093799338686097
PF04348	LppC	4.576760061551811
PF14199	DUF4317	16.393245197377862
PF07971	Glyco_hydro_92	8.48910384904951
PF05104	Rib_recp_KP_reg	1.8148470099327152
PF02404	SCF	17.97820769809902
PF17102	Stealth_CR3	1.3909751199401912
PF20466	MmeI_TRD	3.9140699008029145
PF15556	Zwint	17.97820769809902
PF05279	Asp-B-Hydro_N	8.196622598688931
PF13039	DUF3900	17.97820769809902
PF15161	Neuropep_like	3.994551924524755
PF08528	Whi5	8.196622598688931
PF19960	EAD7	3.0341705552082834
PF16195	UBA2_C	7.585426388020708
PF22807	TrAA12	0.26877169247790894
PF21328	Gp44_lid	2.3796279966596545
PF05014	Nuc_deoxyrib_tr	17.97820769809902
PF09794	Avl9	5.131081732459288
PF08512	Rttp106-like_middle	0.6911405298590081
PF21161	P2R3B_EF-hand	5.326069232699673
PF20882	Sos7	1.0504830464008967
PF01408	GFO_IDH_MocA	0.6505220056105044
PF22387	PhiCb5_coat	8.48910384904951
PF06522	B12D	3.9140699008029145
PF11604	CusF_Ec	5.46441506579262
PF20064	DUF6463	16.97820769809902
PF21788	TNP-like_GBD	3.195641539619804
PF08652	RAI1	5.326069232699673
PF07631	PSD4	8.196622598688931
PF12296	HsbA	1.132157522943355
PF19450	DUF5988	14.97820769809902
PF14701	hDGE_amylase	3.0341705552082834
PF19640	DUF6143	17.97820769809902
PF04934	Med6	3.792713194010354
PF04798	Baculo_19	8.98910384904951
PF08432	Vfa1	5.46441506579262
PF08541	ACP_syn_III_C	0.4299924031673496
PF03963	FlgD	7.696622598688932
PF01774	UreD	2.961656539331342
PF22652	DUF7006	3.569441994989482
PF01352	KRAB	0.20814655119835196
PF05986	ADAMTS_spacer1	2.4341705552082833
PF14043	WVELL	16.97820769809902
PF01837	HcyBio	7.98910384904951
PF04643	Motilin_assoc	13.89074485684868
PF21160	PrkC-like_PASTA-like	16.393245197377862
PF01601	CoV_S2	3.076445589031881
PF18374	Enolase_like_N	4.759255993319309
PF06792	UPF0261	16.97820769809902
PF09481	CRISPR_Cse1	5.326069232699673
PF00241	Cofilin_ADF	1.4370903976378406
PF07109	Mg-por_mtran_C	17.97820769809902
PF14344	DUF4397	5.131081732459288
PF10098	DUF2336	16.97820769809902
PF00083	Sugar_tr	0.5374694503801569
PF02731	SKIP_SNW	2.1672646822916306
PF01400	Astacin	0.6957917987408433
PF11267	DUF3067	17.97820769809902
PF01237	Oxysterol_BP	0.6138883989978964
PF04527	Retinin_C	17.97820769809902
PF12002	MgsA_C	4.659402566033006
PF17917	RT_RNaseH	4.630248285616227
PF05854	MC1	8.98910384904951
PF19214	CoV_S2_C	3.076445589031881
PF21989	RA_2	0.5160731844052543
PF20289	MComp1	8.98910384904951
PF11505	DUF3216	8.48910384904951
PF05662	YadA_stalk	1.5531341886776688
PF10599	Nup_retrotrp_bd	3.9140699008029145
PF09116	gp45-slide_C	16.393245197377862
PF03956	Lys_export	17.97820769809902
PF01617	Surface_Ag_2	8.98910384904951
PF04061	ORMDL	17.97820769809902
PF04316	FlgM	1.5634796780545
PF22106	NGO1945_C	8.48910384904951
PF17839	CNP_C_terminal	17.97820769809902
PF00187	Chitin_bind_1	1.0442140547063041
PF08041	PetM	3.994551924524755
PF18903	DUF5659	2.1990350281968376
PF22625	ECR1_N_2	4.444783836108098
PF12600	DUF3769	17.97820769809902
PF16621	NCF1_PBR_AIR	5.056950925347138
PF06594	HCBP_related	3.6640699008029145
PF09127	Leuk-A4-hydro_C	6.167175754162147
PF09984	sCache_4	3.792713194010354
PF14310	Fn3-like	2.7648361152061063
PF00091	Tubulin	0.5566715834713997
PF03715	Noc2	1.8722759622623775
PF04993	TfoX_N	7.828139801605829
PF21107	STPRs	3.792713194010354
PF02955	GSH-S_ATP	4.06561599485812
PF22924	ACOX_C_alpha1	2.497270920353869
PF11335	DUF3137	5.659402566033006
PF18090	SoPB_HTH	8.196622598688931
PF07706	TAT_ubiq	3.848311299344466
PF21868	GbpA_D3	4.723617592013805
PF08243	SPT2	7.48910384904951
PF18325	Fas_alpha_ACP	4.576760061551811
PF08269	dCache_2	2.1672646822916306
PF15778	UNC80_N	7.98910384904951
PF19888	DUF6361	17.97820769809902
PF08911	NUP50	2.9037552158923443
PF18377	FERM_F2	4.659402566033006
PF20695	UbiD_N	5.251237133566311
PF07168	Ureide_permease	3.195641539619804
PF12353	eIF3g	3.910093394885145
PF15666	HGAL	16.97820769809902
PF12347	HJURP_C	1.2231496129129096
PF12733	Cadherin-like	2.73220753289631
PF20830	Reovirus_bridge	5.659402566033006
PF03546	Treacle	2.1990350281968376
PF08718	GLTP	1.090065598157032
PF06827	zf-FPG_IleRS	0.5086877443751298
PF14586	MHC_I_2	5.659402566033006
PF09154	Alpha-amy_C_pro	7.696622598688932
PF02768	DNA_pol3_beta_3	3.4140699008029145
PF22689	FGAR-AT_PurM_N-like	1.6730601653434454
PF15772	UPF0688	17.97820769809902
PF10878	DUF2672	17.97820769809902
PF01105	EMP24_GP25L	1.896356597005177
PF03073	TspO_MBR	2.6048022775424293
PF18207	LIFR_N	3.1312559206423316
PF22873	OAF_C	7.585426388020708
PF11861	DUF3381	2.2129613299929876
PF01308	Chlam_OMP	5.326069232699673
PF00166	Cpn10	17.97820769809902
PF21473	Ssb-like_OB	3.195641539619804
PF16634	APC_u13	3.9140699008029145
PF20389	DUF6684	8.48910384904951
PF18491	SRA	17.97820769809902
PF13309	HTH_22	2.4680471161094513
PF08539	HbrB	7.404141348328354
PF07213	DAP10	1.465627960321166
PF17056	KRE1	8.98910384904951
PF09646	Gp37	17.97820769809902
PF11125	Phage_MS2_lysis	8.48910384904951
PF11023	DUF2614	8.196622598688931
PF15789	Hyr1	2.4680471161094513
PF08672	ANAPC2	2.3151241428081133
PF21326	KDM6_GATAL	4.992735899366339
PF12259	Baculo_F	5.056950925347138
PF16911	PapA_C	2.878649039475573
PF22285	DUF6962	8.48910384904951
PF00282	Pyridoxal_deC	0.6959642208387132
PF18289	HU-CCDC81_euk_2	2.528475462673569
PF13675	PilJ	2.4197960132436203
PF11622	DUF3251	17.97820769809902
PF13930	Endonuclea_NS_2	3.792713194010354
PF14776	UNC-79	8.196622598688931
PF15209	IL31	17.97820769809902
PF00648	Peptidase_C2	1.0646746506731017
PF05630	NPP1	2.8555535959915854
PF06657	Cep57_MT_bd	0.6828139801605829
PF02191	OLF	0.5326211845015574
PF13175	AAA_15	0.7717780413512616
PF03115	Astro_capsid_N	2.834170555208283
PF20777	SLS1_KH2	2.565540866229644
PF06252	GemA	7.828139801605829
PF20362	DUF6657	17.97820769809902
PF13839	PC-Esterase	5.977919942535283
PF20458	DUF6711	8.48910384904951
PF16488	ArgoL2	3.0002319436497755
PF14416	PMR5N	1.707977126438652
PF03358	FMN_red	1.2792106456809547
PF01794	Ferric_reduct	0.37702805443932985
PF13419	HAD_2	0.8413770462320623
PF02943	FeThRed_B	8.48910384904951
PF00413	Peptidase_M10	0.5472392348280785
PF08747	BrxB	17.97820769809902
PF03754	At2g31720-like	1.8510353370820884
PF18558	HTH_51	1.1161607254507206
PF05093	CIAPIN1	0.6457769234175894
PF04666	Glyco_transf_54	1.784720997494741
PF10104	Brr6_like_C_C	2.565540866229644
PF02440	Adeno_E3_CR1	1.7162850230819293
PF12084	DUF3561	7.98910384904951
PF01593	Amino_oxidase	0.20730670889150676
PF02843	GARS_C	1.5816167289272143
PF15200	KRTDAP	3.994551924524755
PF22747	DUF2089_Zn_ribbon	1.6642452997887798
PF02494	HYR	1.659720997494741
PF13037	DUF3898	4.0983112993444655
PF15400	TEX33	4.0983112993444655
PF18598	TetR_C_36	5.659402566033006
PF10799	YliH	17.97820769809902
PF20662	COG4_C	2.8555535959915854
PF18581	SYCP2_ARLD	5.056950925347138
PF22370	FliC-like_3rd	2.8555535959915854
PF19518	RhoGAP_pG1_pG2	2.995641539619804
PF06059	DUF930	17.97820769809902
PF20119	DUF6509	8.48910384904951
PF06566	Chon_Sulph_att	5.326069232699673
PF06745	ATPase	0.4019406759728158
PF18000	Top6b_C	4.885426534403885
PF02312	CBF_beta	16.97820769809902
PF22939	GPIID_WHD	2.1990350281968376
PF18331	PKHD_C	1.7558773670417152
PF14290	SDH5_plant	7.98910384904951
PF03981	Ubiq_cyt_C_chap	3.702070674164177
PF03296	Pox_polyA_pol	3.319441994989482
PF12059	DUF3540	17.97820769809902
PF14069	SpoVIF	3.078649039475573
PF05263	DUF722	17.97820769809902
PF02170	PAZ	0.8685928593012155
PF00054	Laminin_G_1	0.9883788216272349
PF03186	CobD_Cbib	8.48910384904951
PF06143	Baculo_11_kDa	1.3198887344965202
PF21342	SoxA-TsdA_cyt-c	1.7472759622623775
PF22832	PsaO_TMD	17.97820769809902
PF13720	Acetyltransf_11	0.9798298608084086
PF04970	LRAT	1.5255866871839372
PF08466	IRK_N	6.865140092327717
PF04566	RNA_pol_Rpb2_4	4.023772367496833
PF11684	DUF3280	17.97820769809902
PF15935	RnlA_toxin	5.46441506579262
PF06514	PsbU	2.0937542290302367
PF18535	Gal11_ABD1	3.1312559206423316
PF22640	ManC_GMP_beta-helix	3.47268621421217
PF00229	TNF	0.7261842834716944
PF13352	DUF4100	3.9140699008029145
PF03627	PapG_N	15.97820769809902
PF08788	NHR2	1.736343107106085
PF19500	DUF6035	17.97820769809902
PF14741	GH114_assoc	17.97820769809902
PF20514	ROXA-like_wH	4.992735899366339
PF12904	Collagen_bind_2	17.97820769809902
PF12874	zf-met	0.3312930053068499
PF04491	Pox_T4_N	15.97820769809902
PF20691	TAGT	3.848311299344466
PF09632	Rac1	8.196622598688931
PF10530	Toxin_35	2.9037552158923443
PF22929	INTS1_INTS2-bd	2.2366113718873795
PF10432	bact-PGI_C	7.404141348328354
PF20339	DUF6634	17.97820769809902
PF14284	PcfJ	5.056950925347138
PF03899	ATP-synt_I	5.46441506579262
PF00284	Cytochrom_B559a	11.000927774599102
PF02361	CbiQ	1.6642452997887798
PF21536	KLHL33-like_BTB_POZ	5.46441506579262
PF00399	PIR	2.26431504588671
PF01065	Adeno_hexon	6.904141348328354
PF12475	Amdo_NSP_1-3	8.98910384904951
PF02550	AcetylCoA_hydro	2.276046600535276
PF05904	DUF863	17.97820769809902
PF06110	TXD17-like_Trx	16.393245197377862
PF11454	DUF3016	8.48910384904951
PF22508	InlJ_IG	3.1312559206423316
PF08974	DUF1877	5.659402566033006
PF04662	Luteo_PO	17.97820769809902
PF04812	HNF-1B_C	7.03565855124525
PF06159	DUF974	3.542713194010354
PF09079	Cdc6_C	1.1788383139219003
PF06115	DUF956	17.97820769809902
PF10873	CYYR1	3.0341705552082834
PF17252	DUF5319	8.196622598688931
PF00883	Peptidase_M17	1.8013328288296497
PF01074	Glyco_hydro_38N	4.25625144415669
PF18502	Mrpl_C	7.98910384904951
PF09423	PhoD	16.97820769809902
PF05578	Peptidase_S31	3.9140699008029145
PF17071	Capsid_VP7	8.48910384904951
PF05328	CybS	17.97820769809902
PF20084	TrbK	3.848311299344466
PF21512	ITPK1_preATP-grasp	4.0983112993444655
PF08408	DNA_pol_B_3	4.797748399125954
PF15069	FAM163	7.696622598688932
PF09560	Spore_YunB	17.97820769809902
PF19474	DUF6011	3.702070674164177
PF00995	Sec1	5.131081732459288
PF15967	Nucleoporin_FG2	5.46441506579262
PF07779	Cas1_AcylT	17.97820769809902
PF13202	EF-hand_5	0.4351950239131357
PF19744	DUF6232	1.1994370997814885
PF04947	Pox_VLTF3	4.602760898885569
PF02733	Dak1	6.94537242842434
PF18972	Wheel	5.056950925347138
PF08856	DUF1826	17.97820769809902
PF22108	TFIIB_C_2	17.97820769809902
PF20832	Reov_VP3_MTase2	5.056950925347138
PF17654	Trnau1ap	7.404141348328354
PF20953	Caud_bapl16_3rd	8.196622598688931
PF03868	Ribosomal_L6e_N	14.393245197377864
PF21454	MSP1_barrel	17.97820769809902
PF19514	MobC_2	5.659402566033006
PF22414	Hia_Tpr_ring_dom	3.195641539619804
PF05386	TEP1_N	3.848311299344466
PF07638	Sigma70_ECF	3.994551924524755
PF09871	DUF2098	17.97820769809902
PF00283	Cytochrom_B559	3.6594025660330063
PF09159	Ydc2-catalyt	5.46441506579262
PF19043	CBP66	4.244551924524755
PF06214	SLAM	16.393245197377862
PF11849	DUF3369	3.994551924524755
PF21114	DDR1-2_DS-like	3.744551924524755
PF21311	Phage_RBD_prop	8.48910384904951
PF13692	Glyco_trans_1_4	1.2196847984574362
PF12867	DinB_2	1.8510353370820884
PF14124	DUF4291	5.46441506579262
PF06818	Fez1	0.19563628817607484
PF20319	DUF6614	17.97820769809902
PF08222	HTH_CodY	11.183791831748913
PF01814	Hemerythrin	0.753718823741835
PF03656	Pam16	3.848311299344466
PF10438	Cyc-maltodext_C	3.848311299344466
PF18835	Beta_helix_2	4.0983112993444655
PF10998	DUF2838	3.994551924524755
PF16681	Ig_5	1.881550396577345
PF09101	Exotox-A_bind	16.97820769809902
PF05544	Pro_racemase	8.48910384904951
PF20023	WSLR	3.994551924524755
PF02482	Ribosomal_S30AE	6.611660097967776
PF14433	SUKH-3	5.46441506579262
PF08011	PDDEXK_9	17.97820769809902
PF06140	Ifi-6-16	5.659402566033006
PF13918	PLDc_3	4.0983112993444655
PF13875	DUF4202	17.97820769809902
PF10490	CENP-F_C_Rb_bdg	17.97820769809902
PF21954	TUNAR	8.98910384904951
PF06690	HcgC	8.196622598688931
PF01491	Frataxin_Cyay	3.994551924524755
PF17701	DUF5547	8.196622598688931
PF17831	PDH_E1_M	3.517829275622625
PF22310	NMB0315_dom_I	8.98910384904951
PF20949	Flu_PB2_3rd	3.7193429118946106
PF05717	TnpB_IS66	17.97820769809902
PF15791	DMRT-like	7.98910384904951
PF21070	IcmF_helical	8.98910384904951
PF08850	DUF1820	17.97820769809902
PF18330	Lig_C	5.46441506579262
PF06183	DinI	1.2882593432764924
PF00490	ALAD	17.97820769809902
PF08591	RNR_inhib	5.46441506579262
PF11896	GlgE_dom_N_S	3.3335878770810736
PF16453	IQ_SEC7_PH	14.97820769809902
PF05417	Peptidase_C41	4.885426534403885
PF22430	Aa-Ago_N	17.97820769809902
PF05994	FragX_IP	4.797748399125954
PF13516	LRR_6	0.14834759266875697
PF05929	Phage_GPO	3.1312559206423316
PF20527	DUF6742	5.46441506579262
PF15849	DUF4722	16.97820769809902
PF17889	NLRC4_HD	1.784720997494741
PF14524	Wzt_C	2.6093799338686097
PF09277	Erythro-docking	2.1397439568712886
PF20063	DUF6462	17.97820769809902
PF04273	BLH_phosphatase	7.98910384904951
PF22300	NGO_1070-like	4.244551924524755
PF08685	GON	7.828139801605829
PF06025	DUF913	1.8148470099327152
PF00951	Arteri_Gl	7.98910384904951
PF08309	LVIVD	3.195641539619804
PF08317	Spc7	2.0937542290302367
PF22031	MCP_V20_C	17.97820769809902
PF18500	CadC_C1	8.98910384904951
PF17331	GFD1	5.659402566033006
PF10538	ITAM_Cys-rich	6.904141348328354
PF19558	DUF6080	1.5634796780545
PF10600	PDZ_assoc	6.904141348328354
PF00858	ASC	2.4197960132436203
PF19118	DUF5802	8.48910384904951
PF08327	AHSA1	7.404141348328354
PF18785	Inv-AAD	17.97820769809902
PF18508	zf_C2H2_13	2.1672646822916306
PF07864	DUF1651	8.48910384904951
PF20418	Herpes_gE_N	7.196622598688932
PF18610	Peripla_BP_7	8.48910384904951
PF21296	APAF-1-like_WHD	5.218759867737219
PF11229	Focadhesin	16.393245197377862
PF19079	CFSR	2.4680471161094513
PF08740	BCS1_N	3.6296940198654304
PF00894	Luteo_coat	3.702070674164177
PF22597	DYN_lid	4.484881914014002
PF17311	DUF5358	17.97820769809902
PF14836	Ubiquitin_3	1.488138355264207
PF19104	DUF5791	17.97820769809902
PF01973	MptE-like	4.0983112993444655
PF06941	NT5C	7.98910384904951
PF08574	Iwr1	5.46441506579262
PF14019	DUF4235	8.48910384904951
PF04178	Got1	3.1312559206423316
PF14115	YuzL	17.97820769809902
PF00378	ECH_1	0.5938567440433634
PF07816	DUF1645	8.48910384904951
PF14733	ACDC	2.1397439568712886
PF00216	Bac_DNA_binding	1.2882593432764924
PF08532	Glyco_hydro_42M	1.4523685669433888
PF19134	DUF5817	0.9566603712412759
PF11272	DUF3072	14.97820769809902
PF21996	HisZ-like	3.517829275622625
PF19218	CoV_NSP3_C	2.409494072107227
PF02670	DXP_reductoisom	0.7650455143537715
PF17881	DUF5590	17.97820769809902
PF19128	DUF5811	8.98910384904951
PF15600	Imm64	3.9140699008029145
PF13501	SoxY	8.98910384904951
PF07335	Glyco_hydro_75	7.828139801605829
PF02962	CHMI	17.97820769809902
PF17629	DUF5510	17.97820769809902
PF13954	PapC_N	12.808282696656708
PF16493	Meis_PKNOX_N	3.3636614355105015
PF12463	DUF3689	17.97820769809902
PF21425	DTP-pb9_A-dom_N	8.48910384904951
PF02515	CoA_transf_3	2.995641539619804
PF16964	TadF	4.885426534403885
PF08438	YGR210-like_G4	3.9140699008029145
PF20433	PKAT_KLD	3.6296940198654304
PF22500	GMC_oxred_C_1st	8.48910384904951
PF06022	Cir_Bir_Yir	8.98910384904951
PF18701	DUF5641	8.98910384904951
PF00599	Flu_M2	17.97820769809902
PF13711	DUF4160	5.326069232699673
PF11628	TCR_zetazeta	6.94537242842434
PF14307	Glyco_tran_WbsX	16.97820769809902
PF09114	MotA_activ	17.97820769809902
PF01863	YgjP-like	7.585426388020708
PF08359	TetR_C_4	3.195641539619804
PF20561	DUF6771	4.0983112993444655
PF06918	DUF1280	7.828139801605829
PF11955	PORR	17.97820769809902
PF04500	FLYWCH	1.2098980066218101
PF21690	MJ1010-like_2nd	1.0892764252075415
PF12486	VasL	5.659402566033006
PF01639	v110	1.3656279603211658
PF00109	ketoacyl-synt	0.4983210597793577
PF04683	Rpn13_ADRM1_Pru	7.085426388020708
PF00880	Nebulin	2.8142634204981003
PF14580	LRR_9	0.4820340317483882
PF12194	Ste5_C	17.97820769809902
PF05045	RgpF	16.97820769809902
PF10954	DUF2755	8.196622598688931
PF11151	DUF2929	17.97820769809902
PF19772	DUF6258	8.196622598688931
PF03647	Tmemb_14	17.97820769809902
PF21967	MGS_C	16.97820769809902
PF08700	VPS51_Exo84_N	0.6445372428424341
PF20558	DUF6769	8.48910384904951
PF21283	EPCAM-Trop-2_C	2.931255920642332
PF12074	Gcn1_N	4.244551924524755
PF12196	hNIFK_binding	2.0741108684945315
PF16892	CHS5_N	16.393245197377862
PF05183	RdRP	2.6093799338686097
PF11581	Argos	17.97820769809902
PF02994	Transposase_22	3.9140699008029145
PF09257	BCMA-Tall_bind	17.97820769809902
PF09404	C12orf66_like	8.196622598688931
PF14702	hGDE_central	7.828139801605829
PF02122	Peptidase_S39	2.3618087960069025
PF20139	DUF6529	8.98910384904951
PF07716	bZIP_2	0.3107750436659345
PF09865	DUF2092	7.98910384904951
PF08815	Nuc_rec_co-act	1.5434160952054088
PF12483	GIDE	2.329701283016503
PF13234	MTR4_beta-barrel	1.7472759622623775
PF08283	Gemini_AL1_M	3.121588650442336
PF03029	ATP_bind_1	0.7418552025825531
PF22494	choice_anch_I	8.48910384904951
PF14568	SUKH_6	17.97820769809902
PF17623	B277	17.97820769809902
PF06540	GMAP	15.170852776041416
PF01282	Ribosomal_S24e	8.98910384904951
PF04689	S1FA	1.6453647440729675
PF21985	TR61B_FKBP-like	8.48910384904951
PF09165	Ubiq-Cytc-red_N	13.89074485684868
PF17703	DUF5549	17.97820769809902
PF16220	DUF4880	3.792713194010354
PF16266	DUF4919	17.97820769809902
PF14319	Zn_Tnp_IS91	3.744551924524755
PF12742	Gryzun-like	7.828139801605829
PF03539	Spuma_A9PTase	5.131081732459288
PF11770	GAPT	1.6284755114679619
PF19056	WD40_2	1.0349727493878467
PF21034	BCAS3_WD40	3.744551924524755
PF19254	DUF5901	8.98910384904951
PF02217	T_Ag_DNA_bind	4.552093201070552
PF20239	DUF6596	5.659402566033006
PF01039	Carboxyl_trans	0.26324416769203335
PF21819	DUF6885	16.393245197377862
PF12738	PTCB-BRCT	1.4518776079461722
PF02262	Cbl_N	2.34521951708175
PF22779	SHLD2_OB2	8.196622598688931
PF08918	PhoQ_Sensor	7.196622598688932
PF16482	Staufen_C	14.393245197377864
PF20242	Emfourin	2.056177885339695
PF08551	DUF1751	17.97820769809902
PF01968	Hydantoinase_A	1.030249630567528
PF19034	RnlA-toxin_DBD	1.9508970861730939
PF16623	WW_FCH_linker	8.196622598688931
PF02761	Cbl_N2	2.3013804494427843
PF14986	DUF4514	3.994551924524755
PF16373	DUF4985	8.98910384904951
PF22049	PRRSV-NSP11_N	2.931255920642332
PF19934	DUF6397	17.97820769809902
PF13434	Lys_Orn_oxgnase	1.5020862310513023
PF02786	CPSase_L_D2	0.19813754475033377
PF04479	RTA1	5.46441506579262
PF10561	C2orf69	17.97820769809902
PF02138	Beach	1.8029508133544194
PF22153	SelB_WH1	3.1312559206423316
PF13492	GAF_3	1.4518776079461722
PF02424	ApbE	2.9037552158923443
PF03357	Snf7	0.32309915736731387
PF03028	Dynein_heavy	1.527915024491944
PF10793	Gloverin	17.97820769809902
PF00159	Hormone_3	1.924155649672233
PF22704	CBM13-like	8.48910384904951
PF19613	DUF6118	8.98910384904951
PF03253	UT	8.196622598688931
PF14225	MOR2-PAG1_C	3.792713194010354
PF09241	Herp-Cyclin	17.97820769809902
PF16408	DUF5016	17.97820769809902
PF20640	Rrn6_HB	1.1575620714040566
PF16576	HlyD_D23	0.7272645796461065
PF18095	PAS_12	15.97820769809902
PF07386	DUF1499	17.97820769809902
PF09028	Mac-1	8.98910384904951
PF00847	AP2	0.2825826896419576
PF14293	YWFCY	8.48910384904951
PF16822	ALGX	4.992735899366339
PF00389	2-Hacid_dh	4.992735899366339
PF09092	Lyase_N	15.97820769809902
PF07714	PK_Tyr_Ser-Thr	0.03244894531390739
PF09735	Nckap1	8.48910384904951
PF08043	Xin	1.4393245197377864
PF08214	HAT_KAT11	2.329701283016503
PF03184	DDE_1	1.3024011387712147
PF08519	RFC1	1.9408414679028942
PF01494	FAD_binding_3	0.20924045375219427
PF12812	PDZ_1	1.6400283378714309
PF13208	TerB_N	17.97820769809902
PF04410	Gar1	2.4963679496831697
PF22060	Cep192_D1	5.659402566033006
PF13125	DUF3958	3.195641539619804
PF16371	MetallophosN	17.97820769809902
PF15082	DUF4549	8.98910384904951
PF02009	RIFIN	1.0050940787493214
PF19176	DUF5858	8.48910384904951
PF10214	Rrn6_beta-prop	7.98910384904951
PF14532	Sigma54_activ_2	2.565540866229644
PF04639	Baculo_E56	17.97820769809902
PF20117	DUF6507	8.98910384904951
PF13135	DUF3947	17.97820769809902
PF18293	Caprin-1_dimer	4.992735899366339
PF00849	PseudoU_synth_2	0.5181036007208806
PF20785	MACPF_D3	17.97820769809902
PF07928	Vps54	2.0741108684945315
PF13968	DUF4220	15.393245197377864
PF02862	DDHD	0.2255818846239729
PF15427	S100PBPR	16.97820769809902
PF06037	DUF922	17.97820769809902
PF10259	Rogdi_lz	8.48910384904951
PF09791	Oxidored-like	3.9140699008029145
PF00509	Hemagglutinin	1.9968868140141456
PF22345	GLMA-like_C	16.97820769809902
PF13171	DUF4004	17.97820769809902
PF14032	PknH_C	15.393245197377864
PF00551	Formyl_trans_N	1.3929979787652553
PF05848	CtsR	2.7312559206423317
PF00363	Casein	0.9104186402141106
PF21247	Fic-like_C	8.98910384904951
PF05498	RALF	3.994551924524755
PF03255	ACCA	1.9963679496831699
PF15911	WD40_3	1.896356597005177
PF01739	CheR	1.8743181004244924
PF16051	DUF4797	17.97820769809902
PF17568	DUF5474	8.98910384904951
PF09145	Ubiq-assoc	8.48910384904951
PF17716	RIMC1	17.97820769809902
PF03558	TBSV_P22	17.97820769809902
PF13881	Rad60-SLD_2	5.218759867737219
PF14041	Lipoprotein_21	16.393245197377862
PF19956	EAD2	7.98910384904951
PF22298	Tsr1_G-like	2.878649039475573
PF14369	zinc_ribbon_9	0.8593829904565787
PF01608	I_LWEQ	2.398874199562977
PF10906	Mrx7	8.196622598688931
PF17686	DUF5534	17.97820769809902
PF15621	PROL5-SMR	1.799155649672233
PF10260	SAYSvFN	3.1312559206423316
PF13439	Glyco_transf_4	0.4409604555084858
PF01635	CoV_M	5.056950925347138
PF17425	Arylsulfotran_N	16.97820769809902
PF20773	InhA-like_MAM	2.1397439568712886
PF02469	Fasciclin	0.8538855131104471
PF02929	Bgal_small_N	3.985279961690188
PF03994	DUF350	5.218759867737219
PF03798	TRAM_LAG1_CLN8	1.4949606380046672
PF09187	RdDM_RDM1	17.97820769809902
PF22982	HRQ1_WHD	8.196622598688931
PF07670	Gate	0.9285628540377309
PF18707	IL2RB_N1	7.828139801605829
PF18809	PBECR1	17.97820769809902
PF03423	CBM_25	1.924155649672233
PF15608	PELOTA_1	2.565540866229644
PF19290	PmbA_TldD_2nd	4.52863009177342
PF19886	DUF6359	17.97820769809902
PF04139	Rad9	5.326069232699673
PF21002	TMEM106_N	1.972611813808101
PF11269	DUF3069	5.659402566033006
PF02350	Epimerase_2	2.4963679496831697
PF10360	DUF2433	2.6630346163498366
PF14068	YuiB	17.97820769809902
PF01526	DDE_Tnp_Tn3	7.328139801605829
PF18247	AvrM_N	4.0983112993444655
PF09834	DUF2061	3.848311299344466
PF08120	Toxin_32	17.97820769809902
PF15044	CLU_N	1.521356597005177
PF22037	PSD13_N	2.878649039475573
PF12131	DUF3586	15.97820769809902
PF05836	Chorion_S16	17.97820769809902
PF00579	tRNA-synt_1b	0.28553236210502675
PF01520	Amidase_3	1.1883015547718636
PF10041	DUF2277	2.6630346163498366
PF12117	NS1_C	14.656279603211658
PF12829	Mhr1	3.994551924524755
PF04567	RNA_pol_Rpb2_5	3.0300566757428617
PF17462	DUF5424	17.97820769809902
PF04006	Mpp10	3.1312559206423316
PF18958	DUF5700	17.97820769809902
PF18656	DUF5633	3.9140699008029145
PF17012	DUF5091	17.97820769809902
PF16123	HAGH_C	1.9576766278438005
PF21939	Gp10_C	8.48910384904951
PF08257	Sulfakinin	2.9037552158923443
PF04130	GCP_C_terminal	2.178552850415083
PF10778	DehI	16.393245197377862
PF12381	Peptidase_C3G	1.8510353370820884
PF22697	SOS1_NGEF_PH	0.43996341873042266
PF06724	DUF1206	1.8722759622623775
PF06394	Pepsin-I3	2.8555535959915854
PF01673	Herpes_env	4.8395920264872405
PF09392	T3SS_needle_F	2.2366113718873795
PF20869	FAM186A_PQQAQ	1.6453647440729675
PF18069	DR2241	8.98910384904951
PF10836	DUF2574	8.196622598688931
PF16676	FOXO-TAD	1.4578029669968273
PF02872	5_nucleotid_C	2.6048022775424293
PF04885	Stig1	17.97820769809902
PF07973	tRNA_SAD	0.07639921679082631
PF01364	Peptidase_C25	7.48910384904951
PF18613	TrkA_TMD	4.759255993319309
PF11408	Helicase_Sgs1	8.48910384904951
PF21732	DUF6864	16.97820769809902
PF09969	DUF2203	2.115468956665244
PF11179	DUF2967	8.98910384904951
PF08620	RPAP1_C	3.6296940198654304
PF16684	ResT-TelK_cat	2.6093799338686097
PF22749	Arb2	8.48910384904951
PF09972	DUF2207	5.46441506579262
PF19890	DUF6363	2.1990350281968376
PF13222	DUF4030	5.659402566033006
PF18124	Kindlin_2_N	7.196622598688932
PF02582	DUF155	5.659402566033006
PF04370	DUF508	8.48910384904951
PF08101	Msb1-Mug8_dom	17.97820769809902
PF00264	Tyrosinase	0.669303908918674
PF09886	DUF2113	17.97820769809902
PF02485	Branch	2.746056036931087
PF07756	DUF1612	4.992735899366339
PF01195	Pept_tRNA_hydro	5.46441506579262
PF21522	MreB-like_C	3.1312559206423316
PF16763	Spidroin_N	5.659402566033006
PF13396	PLDc_N	1.8472316557985125
PF21117	MRB1590_C	8.48910384904951
PF11632	LcnG-beta	17.97820769809902
PF21889	TPR1-like_2nd	1.9614685978079192
PF13082	DUF3931	17.97820769809902
PF04587	ADP_PFK_GK	14.97820769809902
PF10199	Adaptin_binding	1.0824090078838846
PF10157	BORCS6	0.6638883989978964
PF00642	zf-CCCH	0.1283418216455959
PF00067	p450	0.14117259037336086
PF13256	DUF4047	2.4963679496831697
PF17511	Mobilization_B	2.565540866229644
PF11905	DUF3425	17.97820769809902
PF14016	DUF4232	8.98910384904951
PF11445	DUF2894	17.97820769809902
PF10454	DUF2458	3.994551924524755
PF11740	KfrA_N	1.2792106456809547
PF04809	HupH_C	15.170852776041416
PF16713	EAGR_box	1.3616552452817292
PF13505	OMP_b-brl	1.0685188351422064
PF12053	Par3_HAL_N_term	2.8555535959915854
PF17149	CHASE5	17.97820769809902
PF10303	DUF2408	1.1898139983298273
PF01245	Ribosomal_L19	3.1312559206423316
PF18953	SAP_new25	1.1809043980034513
PF03683	UPF0175	4.602760898885569
PF08557	Lipid_DES	6.94537242842434
PF21785	Bflower_2	5.659402566033006
PF12366	Casc1_C	3.792713194010354
PF08709	Ins145_P3_rec	13.334351508324294
PF01134	GIDA	0.16516899698865456
PF02284	COX5A	5.326069232699673
PF18633	zf-CCCH_8	3.1312559206423316
PF12079	DUF3558	5.218759867737219
PF18252	Cu_bind_CorA	17.97820769809902
PF11705	RNA_pol_3_Rpc31	0.5191283079239608
PF00962	A_deaminase	1.7472759622623775
PF10537	WAC_Acf1_DNA_bd	4.9360942322189025
PF17994	Glft2_N	5.46441506579262
PF02878	PGM_PMM_I	1.1942603136914876
PF04303	PrpF	8.98910384904951
PF03496	ADPrib_exo_Tox	1.771356597005177
PF20473	MmeI_Mtase	4.244551924524755
PF10165	Ric8	3.078649039475573
PF21394	Beta-ketacyl_N	2.115468956665244
PF19220	Crescentin	0.15494207591307915
PF11796	DUF3323	3.3956415396198043
PF09383	NIL	0.4969644354403359
PF14512	TM1586_NiRdase	7.696622598688932
PF03079	ARD	3.702070674164177
PF11502	BCL9	8.48910384904951
PF16277	DUF4926	17.97820769809902
PF19136	DUF5819	17.97820769809902
PF21427	Gp7_5th	3.2786490394755727
PF15168	TRIQK	8.48910384904951
PF14596	STAT6_C	8.196622598688931
PF01298	TbpB_B_D	2.056177885339695
PF15597	Imm59	17.97820769809902
PF00795	CN_hydrolase	0.6038712911844916
PF18608	XAF1_C	1.799155649672233
PF13825	Paramyxo_P_V_N	3.319441994989482
PF07758	DUF1614	8.98910384904951
PF21367	ZNF512_zf-C2H2	7.828139801605829
PF19859	DUF6333	8.98910384904951
PF00603	Flu_PA	8.48910384904951
PF02732	ERCC4	0.5930783686686669
PF09717	CPW_WPC	2.0937542290302367
PF05264	CfAFP	17.97820769809902
PF15306	LIN37	8.196622598688931
PF20931	Dicer_platform	1.972611813808101
PF11540	Dynein_IC2	7.196622598688932
PF10732	DUF2524	5.46441506579262
PF17276	DUF5341	17.97820769809902
PF13971	Mei4	5.46441506579262
PF21145	C4_MG1	15.97820769809902
PF00006	ATP-synt_ab	0.2594764045939083
PF09454	Vps23_core	1.771356597005177
PF20921	DUF1846_C	2.0706031410702304
PF13673	Acetyltransf_10	0.8851845319971952
PF22797	SlpA_D2	3.195641539619804
PF09564	RE_NgoBV	5.659402566033006
PF09989	DUF2229	17.97820769809902
PF03708	Avian_gp85	7.48910384904951
PF13902	R3H-assoc	7.98910384904951
PF04349	MdoG	2.5241311386961875
PF15330	SIT	0.7634239822411188
PF15413	PH_11	2.4427132672019427
PF02633	Creatininase	17.97820769809902
PF20757	M_large_dom	3.9140699008029145
PF12158	DUF3592	17.97820769809902
PF05786	Cnd2	17.97820769809902
PF19575	HTH_58	14.656279603211658
PF21653	pulA_all-beta	16.97820769809902
PF11641	Antigen_Bd37	8.98910384904951
PF12470	SUFU_C	16.97820769809902
PF04777	Evr1_Alr	1.2350809341200237
PF17914	HopA1	8.48910384904951
PF13251	DUF4042	2.1397439568712886
PF00694	Aconitase_C	0.4511858574414307
PF06188	HrpE	3.6296940198654304
PF20318	DUF6613	17.97820769809902
PF09490	CbtA	5.46441506579262
PF00390	malic	1.5197653850306279
PF20925	Htt_bridge	2.115468956665244
PF05990	DUF900	2.1672646822916306
PF16741	mRNA_decap_C	4.9360942322189025
PF11279	DUF3080	2.9037552158923443
PF10040	CRISPR_Cas6	16.97820769809902
PF00706	Toxin_4	3.994551924524755
PF02703	Adeno_E1A	4.992735899366339
PF17906	HTH_48	1.8722759622623775
PF06607	Prokineticin	8.48910384904951
PF19226	DisA	17.97820769809902
PF01325	Fe_dep_repress	1.521356597005177
PF00349	Hexokinase_1	1.7177159125303063
PF19961	EAD8	3.195641539619804
PF12602	FinO_N	7.696622598688932
PF05303	GSKIP_dom	1.7620502154748992
PF01375	Enterotoxin_a	5.659402566033006
PF02460	Patched	1.1973502523674016
PF08341	TED	17.97820769809902
PF09004	ALKBH8_N	7.696622598688932
PF13668	Ferritin_2	16.393245197377862
PF14510	ABC_trans_N	3.723617592013805
PF09586	YfhO	3.9140699008029145
PF11807	UstYa	2.6093799338686097
PF06689	zf-C4_ClpX	1.0786849429834928
PF07145	PAM2	0.40569509253471386
PF10471	ANAPC_CDC26	3.195641539619804
PF15246	NCKAP5	3.9140699008029145
PF20937	FHBP_N	16.97820769809902
PF21504	FLIC_barrel	5.131081732459288
PF03592	Terminase_2	3.848311299344466
PF03148	Tektin	1.0198405699969948
PF10928	DUF2810	16.97820769809902
PF20686	CsoSCA_cat	3.792713194010354
PF09674	DUF2400	5.659402566033006
PF21013	LOC400499	17.97820769809902
PF10393	Matrilin_ccoil	2.3796279966596545
PF05088	Bac_GDH_CD	3.792713194010354
PF21470	BppU-like_C	5.659402566033006
PF04177	TAP42	2.6093799338686097
PF21260	Laman-like_dom	4.552093201070552
PF01752	Peptidase_M9	2.931255920642332
PF01286	XPA_N	2.010188157498643
PF10032	Pho88	17.97820769809902
PF18836	B_solenoid_ydck	3.2786490394755727
PF22189	RickCE_N	17.97820769809902
PF22648	SET7_N	5.218759867737219
PF10673	DUF2487	7.404141348328354
PF11971	CAMSAP_CH	2.6909291484084013
PF08062	P120R	1.924155649672233
PF14197	Cep57_CLD_2	0.4661646923952318
PF15024	Glyco_transf_18	15.97820769809902
PF11931	SF3a60_Prp9_C	2.1397439568712886
PF15440	THRAP3_BCLAF1	8.196622598688931
PF17932	TetR_C_24	5.056950925347138
PF05946	TcpA	5.218759867737219
PF10576	EndIII_4Fe-2S	2.531255920642332
PF00094	VWD	0.4001092505776584
PF05406	WGR	1.628001423464018
PF11534	HTHP	17.97820769809902
PF22948	MINAR1_N	3.848311299344466
PF20699	DUF6820	8.98910384904951
PF22455	PqqF_C_3	3.9140699008029145
PF02762	Cbl_N3	4.797748399125954
PF08820	DUF1803	5.659402566033006
PF11154	DUF2934	3.994551924524755
PF08491	SE	1.1441718432109327
PF06955	XET_C	3.069441994989482
PF01450	IlvC	1.0834493645549363
PF00374	NiFeSe_Hases	1.5686922766546545
PF19020	Ta1207	17.97820769809902
PF01300	Sua5_yciO_yrdC	1.4949606380046672
PF16258	DUF4912	17.97820769809902
PF10213	MRP-S28	5.46441506579262
PF08731	AFT	8.48910384904951
PF02638	GHL10	5.659402566033006
PF07785	DUF1623	5.659402566033006
PF21756	DacZ_T	17.97820769809902
PF10583	Involucrin_N	2.3013804494427843
PF18807	TTc_toxin_rep	3.195641539619804
PF14866	Toxin_38	1.9312537256373887
PF22958	Ltn1_1st	2.398874199562977
PF16025	CaM_bind	3.994551924524755
PF05796	Chordopox_G2	17.97820769809902
PF06278	CNDH2_N	7.404141348328354
PF22702	Cas9_RuvC	5.131081732459288
PF22400	DUF6980	17.97820769809902
PF11183	PmrD	8.98910384904951
PF17719	DUF5564	17.97820769809902
PF18204	PGF-CTERM	0.9153520123103623
PF18301	preATP-grasp_3	16.97820769809902
PF16369	GH43_C	16.97820769809902
PF17230	DUF5304	2.2826010997284314
PF01411	tRNA-synt_2c	0.1693291008866328
PF20854	LED_rpt	1.497820769809902
PF08079	Ribosomal_L30_N	4.2969149522828936
PF13183	Fer4_8	0.5771536525224499
PF22836	TEX13B_C	3.994551924524755
PF22177	PBP1_XylR	5.131081732459288
PF19773	DUF6259	5.659402566033006
PF02248	Como_SCP	14.97820769809902
PF09237	GAGA	2.4963679496831697
PF05066	HARE-HTH	0.9445228711382536
PF21091	SPT16_C	13.277767979957927
PF08495	FIST	4.8395920264872405
PF01929	Ribosomal_L14e	4.0484392279780925
PF17561	TssO	1.808039943315951
PF02093	Gag_p30	2.4446640391871104
PF07343	DUF1475	8.48910384904951
PF12326	EOS1	0.8923604987473704
PF19618	DUF6123	3.195641539619804
PF20936	GCIP_C	1.9614685978079192
PF08645	PNK3P	1.8673310146414999
PF13192	Thioredoxin_3	1.9220922488631436
PF17789	MG4	1.2454645742042008
PF02535	Zip	0.16749115783169716
PF18918	DUF5669	8.98910384904951
PF13751	DDE_Tnp_1_6	16.97820769809902
PF17300	FIN1	17.97820769809902
PF21601	GldM_2nd	17.97820769809902
PF13728	TraF	2.6630346163498366
PF00802	Glycoprotein_G	3.994551924524755
PF01328	Peroxidase_2	17.97820769809902
PF17360	DUF5386	17.97820769809902
PF15558	DUF4659	16.97820769809902
PF19690	DUF6191	5.659402566033006
PF16772	TERF2_RBM	3.598311299344466
PF19368	AraR_C	17.97820769809902
PF19188	AGRB_N	14.97820769809902
PF19644	DUF6147	17.97820769809902
PF00215	OMPdecase	1.2854240846623686
PF06646	CypI	17.97820769809902
PF15037	IL17_R_N	7.828139801605829
PF03728	Viral_DNA_Zn_bi	7.259388039730861
PF04383	KilA-N	0.6424462340577026
PF03210	Paramyx_P_V_C	2.6341705552082835
PF09815	XK-related	8.48910384904951
PF05209	MinC_N	1.1435230189906445
PF10420	IL12p40_C	2.717178055064052
PF18462	DUF5612	3.9140699008029145
PF08023	Antimicrobial_2	4.031854882912393
PF12228	DUF3604	3.994551924524755
PF15030	DUF4527	4.0983112993444655
PF09285	Elong-fact-P_C	2.7644863592257978
PF15578	DUF4662	5.326069232699673
PF08446	PAS_2	4.141206282140461
PF18217	Zap1_zf2	3.994551924524755
PF22485	DUF6987	4.0983112993444655
PF22629	AHAS-like_ACT	2.546056036931087
PF19189	Mtf2	3.994551924524755
PF00555	Endotoxin_M	5.924462340577026
PF11817	Foie-gras_1	2.878649039475573
PF10664	NdhM	16.97820769809902
PF12456	hSac2	3.9140699008029145
PF09873	DUF2100	8.98910384904951
PF19483	DUF6019	3.1312559206423316
PF19415	Astro_1A	2.8555535959915854
PF12118	SprA-related	1.6284755114679619
PF08662	eIF2A	0.4511646224867475
PF21203	ECM10	1.3084768361252603
PF06640	P_C	2.1990350281968376
PF00117	GATase	0.2836377443504934
PF16055	DUF4798	4.244551924524755
PF00203	Ribosomal_S19	1.8148470099327152
PF18356	DUF5608	8.48910384904951
PF14740	DUF4471	4.885426534403885
PF04720	PDDEXK_6	8.98910384904951
PF13004	BACON	17.97820769809902
PF01406	tRNA-synt_1e	0.2214727703652091
PF05591	T6SS_VipA	8.48910384904951
PF20045	DUF6447	2.6630346163498366
PF20616	Caps_syn_GfcC_N	3.9140699008029145
PF00993	MHC_II_alpha	4.390284258680472
PF10138	vWA-TerF-like	17.97820769809902
PF14879	DUF4489	17.97820769809902
PF02195	ParBc	0.5454593210496193
PF01828	Peptidase_A4	5.659402566033006
PF22896	RNR_OB1_NT	5.218759867737219
PF04724	Glyco_transf_17	8.196622598688931
PF03854	zf-P11	3.994551924524755
PF17292	POB3_N	3.3335878770810736
PF02303	Phage_DNA_bind	17.97820769809902
PF13009	Integrase_2	8.98910384904951
PF02239	Cytochrom_D1	2.4197960132436203
PF15568	Imm39	17.97820769809902
PF01207	Dus	0.5520598947242854
PF09367	CpeS	7.828139801605829
PF02618	YceG	3.078649039475573
PF05198	IF3_N	2.4220472127916004
PF22076	Cep192_D6	3.848311299344466
PF21796	Cac1_C	3.078649039475573
PF12845	TBD	1.3518776079461723
PF06922	CTV_P13	8.98910384904951
PF16613	RGS12_us1	3.744551924524755
PF09293	RNaseH_C	5.659402566033006
PF06241	Castor_Poll_mid	2.9037552158923443
PF19955	EAD1	2.995641539619804
PF21875	CAPN13-like_C_EFh	3.744551924524755
PF00126	HTH_1	0.8348901665226285
PF05460	ORC6	5.056950925347138
PF19502	DUF6036	17.97820769809902
PF11614	FixG_C	2.4963679496831697
PF12017	Tnp_P_element	4.0983112993444655
PF16349	DUF4978	17.97820769809902
PF07426	Dynactin_p22	1.896356597005177
PF11956	KCNQC3-Ank-G_bd	3.744551924524755
PF16049	Antimicrobial24	8.48910384904951
PF00167	FGF	2.115468956665244
PF20831	Reov_VP3_MTase1	3.994551924524755
PF14819	QueF_N	1.2804372597341476
PF22938	Integrase_p58_C	16.393245197377862
PF16262	DUF4916	8.48910384904951
PF05812	Herpes_BLRF2	1.0504830464008967
PF03641	Lysine_decarbox	2.115468956665244
PF09606	Med15_N	3.569441994989482
PF17085	UCMA	5.46441506579262
PF14622	Ribonucleas_3_3	0.7546972300853774
PF07573	AreA_N	4.992735899366339
PF21848	DUF6907	17.97820769809902
PF21520	ITGAX-like_Ig_3	7.328139801605829
PF14410	GH-E	5.46441506579262
PF06338	ComK	16.393245197377862
PF14889	PBP-Tp47_a	8.48910384904951
PF13639	zf-RING_2	0.05499319978138688
PF04972	BON	1.7260353370820884
PF00329	Complex1_30kDa	1.1830323133316
PF04614	Pex19	1.6284755114679619
PF16990	CBM_35	1.8320349504014573
PF21412	TEP1_CUB2	5.326069232699673
PF14368	LTP_2	7.98910384904951
PF06962	rRNA_methylase	3.848311299344466
PF07467	BLIP	17.97820769809902
PF11295	DUF3096	8.48910384904951
PF21920	Ski7_3rd	8.48910384904951
PF16521	Myosin-VI_CBD	7.585426388020708
PF13840	ACT_7	1.7472759622623775
PF19774	DUF6260	8.98910384904951
PF21196	PcrA_UvrD_tudor	3.348311299344466
PF02044	Bombesin	2.6093799338686097
PF08549	SWI-SNF_Ssr4_N	17.97820769809902
PF15405	PH_5	5.131081732459288
PF08769	Spo0A_C	3.4325700461638586
PF12250	AftA_N	15.393245197377864
PF21113	LarA_C	16.97820769809902
PF18658	zf-C2H2_12	1.1994370997814885
PF21228	RuBisCO_activase_AAA_helical	1.358589027532026
PF20533	DUF6748	8.48910384904951
PF10037	MRP-S27	3.792713194010354
PF05218	DUF713	2.2826010997284314
PF00410	Ribosomal_S8	1.2979789072689025
PF05220	MgpC	8.196622598688931
PF03110	SBP	1.397820769809902
PF08771	FRB_dom	1.5255866871839372
PF22338	Pyruv_OxRed_insertion	5.659402566033006
PF12438	DUF3679	3.848311299344466
PF04019	DUF359	2.6093799338686097
PF19909	DUF6382	16.97820769809902
PF17938	TetR_C_29	3.994551924524755
PF04575	SlipAM	3.9140699008029145
PF04159	NB	3.0341705552082834
PF04704	Zfx_Zfy_act	4.723617592013805
PF12098	DUF3574	17.97820769809902
PF07950	MCP1_TM	17.97820769809902
PF02459	Adeno_terminal	2.995641539619804
PF13445	zf-RING_UBOX	0.19660231146029908
PF21218	Fpg-like_C	3.6296940198654304
PF17860	Defensin_RK-1	4.9360942322189025
PF19261	DUF5904	5.46441506579262
PF16996	Asp4	7.828139801605829
PF22200	ExsA_N	15.656279603211658
PF06429	Flg_bbr_C	1.2000927774599104
PF07646	Kelch_2	0.9981839748415849
PF17324	BLI1	5.46441506579262
PF11766	Candida_ALS_N	14.277767979957927
PF11047	SopD	8.196622598688931
PF12524	GlyL_C	7.585426388020708
PF09046	AvrPtoB-E3_ubiq	15.170852776041416
PF06043	Reo_P9	16.97820769809902
PF04304	DUF454	17.97820769809902
PF22740	PapZ_C	0.3722422324475235
PF13801	Metal_resist	0.6271834655257816
PF00735	Septin	0.6173831676134439
PF13473	Cupredoxin_1	2.1556355964567606
PF21630	Q4D059-like	8.196622598688931
PF15613	WSD	1.1019433496612958
PF08339	RTX_C	4.373408900990482
PF03967	PRCH	3.0341705552082834
PF01875	Memo	7.828139801605829
PF14407	Frankia_peptide	5.659402566033006
PF05147	LANC_like	2.2366113718873795
PF03348	Serinc	5.326069232699673
PF17757	UvrB_inter	0.300300732704283
PF02244	Propep_M14	2.4240453405942897
PF08742	C8	0.9681454057938662
PF09370	PEP_hydrolase	5.326069232699673
PF11933	Na_trans_cytopl	3.305830048983888
PF06051	DUF928	17.97820769809902
PF22142	Hao_C	17.97820769809902
PF06590	PerB	5.659402566033006
PF08906	T6SS_Tdi1_C	17.97820769809902
PF20382	DUF6677	17.97820769809902
PF10852	DUF2651	17.97820769809902
PF15619	Lebercilin	0.6396053228404773
PF09363	XFP_C	6.275971471698461
PF00543	P-II	3.1312559206423316
PF03150	CCP_MauG	1.9968868140141456
PF20215	DUF6575	17.97820769809902
PF02355	SecD_SecF	0.8573321295334061
PF22467	KH-I_CeGLD3_rpt3	8.98910384904951
PF03412	Peptidase_C39	4.25625144415669
PF12141	BMT	1.4170852776041416
PF15833	DUF4714	2.4680471161094513
PF03372	Exo_endo_phos	0.3452498544659959
PF03271	EB1	2.2129613299929876
PF03289	Pox_I1	17.97820769809902
PF07231	Hs1pro-1_N	8.196622598688931
PF20093	DUF6484	7.98910384904951
PF02834	LigT_PEase	1.4471123764124605
PF10961	SelK_SelG	1.6856503084490462
PF13609	Porin_4	17.97820769809902
PF21810	DUF6880	7.696622598688932
PF12358	DUF3644	8.98910384904951
PF15877	TMEM232	8.48910384904951
PF12558	DUF3744	4.464415065792621
PF21919	P23-45_portal_barrel	3.994551924524755
PF19094	EMC6_arch	5.46441506579262
PF07710	P53_tetramer	1.5732362844150325
PF04925	SHQ1	2.961656539331342
PF22960	UBR1-like_wing	0.9318805132066013
PF08783	DWNN	2.795641539619804
PF11919	DUF3437	3.6640699008029145
PF09406	DUF2004	17.97820769809902
PF15905	HMMR_N	1.0280889426698474
PF04231	Endonuclease_1	3.195641539619804
PF22212	CPV_RdRP_pol_dom	7.696622598688932
PF09340	NuA4	1.7103605774864292
PF03815	LCCL	1.5020862310513023
PF00072	Response_reg	0.10361378582293689
PF21000	RMI1_N_N	2.8555535959915854
PF03285	Paralemmin	1.8148470099327152
PF20164	GspA_SrpA_N	5.659402566033006
PF18154	pPIWI_RE_REase	17.97820769809902
PF15285	BH3	2.9037552158923443
PF15009	TMEM173	5.218759867737219
PF13416	SBP_bac_8	1.397820769809902
PF05823	Gp-FAR-1	0.8794573189056563
PF14214	Helitron_like_N	16.97820769809902
PF22322	DUF6973	3.1312559206423316
PF12528	T2SSppdC	8.196622598688931
PF13097	CENP-U	3.994551924524755
PF16368	CEBP1_N	7.404141348328354
PF01366	PRTP	17.97820769809902
PF19804	DUF6287	8.48910384904951
PF18561	Regnase_1_C	7.404141348328354
PF10114	PocR	8.48910384904951
PF13020	NOV_C	4.0983112993444655
PF21075	GDH_ACT1	15.97820769809902
PF10359	Fmp27_WPPW	2.565540866229644
PF12288	CsoS2_M	15.656279603211658
PF03200	Glyco_hydro_63	7.328139801605829
PF20357	DUF6652	8.98910384904951
PF22951	3HBD	16.97820769809902
PF16819	DUF5074	5.46441506579262
PF21587	AP5B1_N	5.131081732459288
PF17427	Phi29_Phage_SSB	5.326069232699673
PF09536	DUF2378	17.97820769809902
PF13212	DUF4020	17.97820769809902
PF10648	Gmad2	3.1312559206423316
PF11895	Peroxidase_ext	6.696622598688932
PF03694	Erg28	8.98910384904951
PF00548	Peptidase_C3	0.9267284892720102
PF12682	Flavodoxin_4	16.393245197377862
PF19974	TCAD9	17.97820769809902
PF21672	COMM_HN	2.6142634204981
PF00538	Linker_histone	0.5273449834671524
PF18129	SH3_12	3.9140699008029145
PF12587	DUF3761	16.97820769809902
PF01250	Ribosomal_S6	0.6638883989978964
PF07033	Orthopox_B11R	8.48910384904951
PF12907	zf-met2	8.48910384904951
PF22442	Gp49_Pectate_lyase_like	8.98910384904951
PF15706	TMEM132D_C	0.7843736181367232
PF05062	RICH	2.1672646822916306
PF09059	TyeA	2.834170555208283
PF06547	DUF1117	7.98910384904951
PF13743	Thioredoxin_5	2.3618087960069025
PF16304	DUF4946	4.0983112993444655
PF10894	DUF2689	8.98910384904951
PF13421	Band_7_1	8.48910384904951
PF02845	CUE	0.3636644780181546
PF14273	DUF4360	17.97820769809902
PF14137	DUF4304	17.97820769809902
PF01090	Ribosomal_S19e	5.218759867737219
PF21594	MELK_UBA	3.598311299344466
PF20286	divDNApol	5.218759867737219
PF20877	Anoctamin_N	17.97820769809902
PF07834	RanGAP1_C	7.98910384904951
PF10551	MULE	1.397820769809902
PF08766	DEK_C	1.2289796435874292
PF18798	LPD3	5.46441506579262
PF01984	dsDNA_bind	1.2627949869862438
PF09188	DUF1951	5.46441506579262
PF07566	DUF1543	17.97820769809902
PF19441	ASTN_1_2_N	7.98910384904951
PF03509	Connexin50	7.828139801605829
PF12399	BCA_ABC_TP_C	1.2931508550238215
PF11897	DUF3417	5.056950925347138
PF15625	CC2D2AN-C2	5.326069232699673
PF11420	Subtilosin_A	16.97820769809902
PF04427	Brix	1.1809043980034513
PF05473	UL45	2.3618087960069025
PF05350	GSK-3_bind	8.48910384904951
PF03725	RNase_PH_C	0.5882531399988002
PF00385	Chromo	0.3754654060144299
PF20722	DUF6830	3.9140699008029145
PF21466	GH101_dom-5	5.326069232699673
PF16546	SGTA_dimer	3.542713194010354
PF01571	GCV_T	0.7061958594034815
PF09253	Ole_e_6	5.992735899366339
PF13583	Reprolysin_4	2.565540866229644
PF06414	Zeta_toxin	0.7991700161953094
PF05291	Bystin	3.994551924524755
PF20316	DUF6612	8.48910384904951
PF11958	DUF3472	17.97820769809902
PF04194	PDCD2_C	3.792713194010354
PF17207	MCM_OB	2.783179411788661
PF16597	Thyroglob_assoc	3.792713194010354
PF04430	DUF498	5.326069232699673
PF21444	CofB_pilin_dom	17.97820769809902
PF11549	Sec31	3.848311299344466
PF03202	Lipoprotein_10	2.3151241428081133
PF12435	DUF3678	2.6093799338686097
PF04425	Bul1_N	5.326069232699673
PF16804	DUF5071	17.97820769809902
PF06749	DUF1218	1.4518776079461722
PF21537	DUF1980_C	3.994551924524755
PF09011	HMG_box_2	1.2393245197377865
PF09377	SBDS_domain_II	2.2531293465769533
PF15386	Tantalus	8.48910384904951
PF21635	Mov-10_helical	2.3796279966596545
PF20708	DUF6822	8.98910384904951
PF16765	Pim	8.48910384904951
PF03914	CBF	0.7440691776321035
PF04490	Pox_T4_C	15.97820769809902
PF08514	STAG	2.795641539619804
PF19316	PIGO_PIGG	2.34521951708175
PF10710	DUF2512	3.9140699008029145
PF03330	DPBB_1	0.6833633486712853
PF15129	ALKL1_2	3.994551924524755
PF14844	PH_BEACH	1.4370903976378406
PF02891	zf-MIZ	1.358589027532026
PF18607	HTH_54	17.97820769809902
PF02020	W2	0.6954875599700956
PF04900	Fcf1	17.97820769809902
PF17405	Nrap_D4	3.494551924524755
PF05452	Clavanin	8.196622598688931
PF16701	Ad_Cy_reg	15.97820769809902
PF16496	SWIRM-assoc_2	3.9140699008029145
PF11449	ArsP_2	17.97820769809902
PF04546	Sigma70_ner	0.28519542138331
PF02702	KdpD	3.702070674164177
PF09043	Lys-AminoMut_A	5.659402566033006
PF14181	YqfQ	4.0983112993444655
PF10613	Lig_chan-Glu_bd	2.8335878770810736
PF19852	DUF6327	17.97820769809902
PF17732	DUF5571	5.218759867737219
PF20185	DUF6548	2.995641539619804
PF09312	SurA_N	0.8035919459668444
PF22083	I-HmuI_NUMOD-like	3.195641539619804
PF14370	Topo_C_assoc	4.52863009177342
PF20315	DUF6611	3.195641539619804
PF08040	NADH_oxidored	8.48910384904951
PF03194	LUC7	3.1312559206423316
PF16647	GCSF	17.97820769809902
PF06468	Spond_N	4.9360942322189025
PF15056	NRN1	7.828139801605829
PF22998	GNAT_LYC1-like	8.48910384904951
PF02738	MoCoBD_1	3.9927358993663398
PF02027	RolB_RolC	2.0741108684945315
PF17705	DUF5551	17.97820769809902
PF12426	DUF3674	2.931255920642332
PF18527	STT3_PglB_C	16.393245197377862
PF00105	zf-C4	0.23976128837866728
PF15629	Perm-CXXC	5.131081732459288
PF20904	ExsD_M	2.6093799338686097
PF07488	Glyco_hydro_67M	7.03565855124525
PF05892	Tricho_coat	8.48910384904951
PF04473	DUF553	2.6093799338686097
PF00163	Ribosomal_S4	1.9615876843725566
PF04667	Endosulfine	17.97820769809902
PF18554	PheRS_DBD2	2.795641539619804
PF19127	Choline_bind_3	0.8535174752007286
PF01612	DNA_pol_A_exo1	0.4483184462773715
PF04998	RNA_pol_Rpb1_5	0.17696912532451337
PF03973	Triabin	15.97820769809902
PF09055	Sod_Ni	17.97820769809902
PF04310	MukB	0.8938965918062259
PF19353	DUF5930	1.3323890548374235
PF00219	IGFBP	2.8756185667831553
PF02912	Phe_tRNA-synt_N	0.9789766169185868
PF21115	UBA_BRSK	2.276046600535276
PF18556	TetR_C_35	8.48910384904951
PF06686	SpoIIIAC	3.994551924524755
PF21156	ISOA1-3_C	7.48910384904951
PF02031	Peptidase_M7	17.97820769809902
PF11129	EIAV_Rev	5.218759867737219
PF06924	DUF1281	3.195641539619804
PF12937	F-box-like	0.10424120013862917
PF19400	DUF5975	5.659402566033006
PF19375	DurN	8.98910384904951
PF16300	WD40_4	1.1927478820883135
PF04352	ProQ	5.7041760448840355
PF00989	PAS	0.21636980543397788
PF15240	Pro-rich	3.792713194010354
PF06026	Rib_5-P_isom_A	0.9498427434069919
PF21456	Gp7_6th	17.97820769809902
PF12114	Period_C	2.834170555208283
PF07332	Phage_holin_3_6	0.4814913876716047
PF00723	Glyco_hydro_15	1.1643893360597006
PF15000	TUSC2	8.48910384904951
PF03849	Tfb2	14.393245197377864
PF03552	Cellulose_synt	1.002000948976012
PF13243	SQHop_cyclase_C	0.7447235184027611
PF13560	HTH_31	1.017178476610427
PF14172	DUF4309	3.2786490394755727
PF11987	IF-2	0.8298727598593573
PF04255	DUF433	1.172609758540875
PF03822	NAF	0.7955875719160377
PF20643	TAF1C_C	16.393245197377862
PF01266	DAO	0.0977580808273828
PF20413	BLTP1_N	5.218759867737219
PF00687	Ribosomal_L1	0.4115108130600195
PF03280	Lipase_chap	1.4277767979957927
PF01297	ZnuA	1.0504830464008967
PF05345	He_PIG	1.8320349504014573
PF01585	G-patch	0.13618642339960188
PF09499	RE_ApaLI	8.98910384904951
PF14861	Antimicrobial21	8.48910384904951
PF15399	DUF4620	17.97820769809902
PF14749	Acyl-CoA_ox_N	2.103442615580156
PF05032	Spo12	8.196622598688931
PF11406	Tachystatin_A	16.97820769809902
PF01891	CbiM	2.9037552158923443
PF00475	IGPD	0.9791157506335948
PF09471	Peptidase_M64	17.97820769809902
PF16038	TMIE	1.6642452997887798
PF03635	Vps35	8.48910384904951
PF21491	MIMI_R596-like_C	4.0983112993444655
PF20090	DUF6482	8.48910384904951
PF13086	AAA_11	0.1964451388321268
PF00462	Glutaredoxin	0.5840420309615478
PF00499	Oxidored_q3	2.0937542290302367
PF05128	DUF697	1.0213667676890714
PF02583	Trns_repr_metal	8.98910384904951
PF00715	IL2	3.195641539619804
PF13611	Peptidase_S76	7.98910384904951
PF17752	BLF1	17.97820769809902
PF18146	CinA_KH	1.1086897442332244
PF05810	NinF	17.97820769809902
PF13704	Glyco_tranf_2_4	3.494551924524755
PF05283	MGC-24	0.9595496798251909
PF05506	PLipase_C_C	8.196622598688931
PF09445	Methyltransf_15	8.48910384904951
PF14647	FAM91_N	5.218759867737219
PF18662	HTH_56	8.98910384904951
PF09080	K-cyclin_vir_C	5.46441506579262
PF05648	PEX11	17.97820769809902
PF10869	DUF2666	5.218759867737219
PF09193	CholecysA-Rec_N	15.393245197377864
PF09945	DUF2177	8.48910384904951
PF16941	CymA	17.97820769809902
PF09450	DUF2019	5.659402566033006
PF19311	KELAA	3.22268621421217
PF10566	Glyco_hydro_97	5.326069232699673
PF07310	PAS_5	4.0983112993444655
PF20644	Rrn7_cyclin_N	1.9968868140141456
PF05893	LuxC	7.98910384904951
PF10895	DUF2715	17.97820769809902
PF01036	Bac_rhodopsin	1.6284755114679619
PF08437	Glyco_transf_8C	15.656279603211658
PF04242	DUF424	17.97820769809902
PF21986	AH_C	8.196622598688931
PF09325	Vps5	1.002000948976012
PF02183	HALZ	0.18423191934442118
PF08964	Crystall_3	7.98910384904951
PF10851	DUF2652	16.393245197377862
PF15079	Tsc35	17.97820769809902
PF02117	7TM_GPCR_Sra	17.97820769809902
PF15630	CENP-S	4.07444006531185
PF22038	PRC2_EED_ins	0.29806609713004095
PF20806	Integrin_A_Ig_3	1.387372733529927
PF20909	SpGH101_helical	17.97820769809902
PF11213	DUF3006	3.994551924524755
PF22422	MGH1-like_GH	3.9140699008029145
PF18627	PgdA_N	5.659402566033006
PF20210	Laa1_Sip1_HTR5	1.1898139983298273
PF07313	AmiA-like	8.48910384904951
PF04189	Gcd10p	2.9037552158923443
PF00290	Trp_syntA	2.9037552158923443
PF21330	C7_KAZAL	7.98910384904951
PF09053	CagZ	17.97820769809902
PF01012	ETF	1.9614590554116784
PF22754	bHLH-TF_ACT-like_plant	1.524605998071795
PF00916	Sulfate_transp	1.4662850230819293
PF01454	MAGE	1.8186114549507764
PF16433	DUF5030	17.97820769809902
PF10794	DUF2606	4.0983112993444655
PF17217	UPA	6.865140092327717
PF09032	Siah-Interact_N	4.992735899366339
PF05208	ALG3	17.97820769809902
PF15419	LNP1	8.98910384904951
PF04532	DUF587	15.393245197377864
PF18405	SLC25_like	7.828139801605829
PF22262	DUF6950	8.196622598688931
PF13318	AtzG-like	15.656279603211658
PF22479	DUF6983	17.97820769809902
PF17123	zf-RING_11	1.4277767979957927
PF21419	RoxA-like_Cyt-c	5.056950925347138
PF09781	NDUF_B5	17.97820769809902
PF11251	DUF3050	17.97820769809902
PF21741	DUF6867	8.48910384904951
PF05392	COX7B	8.48910384904951
PF10162	G8	1.784720997494741
PF14208	DUF4320	5.46441506579262
PF01969	Ni_insertion	3.848311299344466
PF18001	Il13Ra_Ig	16.97820769809902
PF08066	PMC2NT	1.3890744856848682
PF13616	Rotamase_3	0.5280572906058382
PF14755	Nsp2_AV	4.0983112993444655
PF08895	DUF1840	5.659402566033006
PF06532	NrsF	17.97820769809902
PF10279	Latarcin	2.115468956665244
PF01210	NAD_Gly3P_dh_N	0.4128508889504577
PF13274	SocA_Panacea	5.46441506579262
PF00986	DNA_gyraseB_C	3.7067422343238157
PF20205	DUF6567	3.195641539619804
PF14920	MTBP_C	2.961656539331342
PF04438	zf-HIT	1.030249630567528
PF03755	YicC-like_N	5.131081732459288
PF07962	Swi3	2.1672646822916306
PF22913	NBAS_11th	1.465627960321166
PF20053	WC-rich	5.46441506579262
PF09134	Invasin_D3	1.8722759622623775
PF15682	Mustang	8.98910384904951
PF21016	RlmN_N	0.8642817343405096
PF21032	PROPPIN	0.7100774766170882
PF10647	Gmad1	2.6555535959915857
PF19236	ADAMTS_CR_3	4.659402566033006
PF10959	DUF2761	17.97820769809902
PF12539	Csm1	5.326069232699673
PF02457	DAC	1.9647305232031669
PF12267	DUF3614	8.196622598688931
PF04020	Phage_holin_4_2	8.196622598688931
PF16899	Cyclin_C_2	1.4103117199151967
PF18960	DUF5702	17.97820769809902
PF20482	DUF6722	17.97820769809902
PF15930	YdiH	16.97820769809902
PF16144	DUF4852	17.97820769809902
PF07066	DUF3882	3.994551924524755
PF12814	Mcp5_PH	5.46441506579262
PF20668	DUF6815	8.98910384904951
PF03834	Rad10	5.056950925347138
PF18595	Nuf2_DHR10-like	0.30133999055265853
PF02127	Peptidase_M18	2.8559047116053455
PF01641	SelR	1.1718858960771528
PF02206	WSN	8.48910384904951
PF07143	CrtC	8.48910384904951
PF10646	Germane	2.2322075328963105
PF08536	Whirly	5.659402566033006
PF20265	LARA_dom	2.461156471225505
PF08894	DUF1838	17.97820769809902
PF04715	Anth_synt_I_N	1.645539439923103
PF20932	Dicer_dsRBD	4.797748399125954
PF22849	CATSPERE_Ig-like	8.196622598688931
PF00759	Glyco_hydro_9	1.1840010352465586
PF22456	PqqF-like_C_4	2.995641539619804
PF05785	CNF1	17.97820769809902
PF19834	DUF6314	17.97820769809902
PF21885	TMEM181_GOLD	17.97820769809902
PF13676	TIR_2	0.5338159991286056
PF19584	MCAfunc	2.4197960132436203
PF17519	DUF5444	17.97820769809902
PF11593	Med3	0.8171026386381577
PF12422	Condensin2nSMC	7.828139801605829
PF08748	Phage_TAC_4	8.98910384904951
PF18910	DUF5665	8.48910384904951
PF08914	Myb_DNA-bind_2	3.6640699008029145
PF03510	Peptidase_C24	3.396472568830065
PF02532	PsbI	5.326069232699673
PF11049	KSHV_K1	4.0983112993444655
PF14689	SPOB_a	1.784720997494741
PF07650	KH_2	0.2714585927423401
PF19827	DUF6308	17.97820769809902
PF03229	Alpha_GJ	5.659402566033006
PF05422	SIN1	2.26431504588671
PF08493	AflR	1.652915024491944
PF22216	Sas-6_C_CC	1.3323890548374235
PF09837	DUF2064	8.48910384904951
PF19296	RelA_AH_RIS	2.115467579872795
PF09345	SiaC	5.659402566033006
PF19634	DUF6137	5.659402566033006
PF04474	DUF554	5.659402566033006
PF01988	VIT1	1.1441900153879527
PF14146	DUF4305	17.97820769809902
PF08245	Mur_ligase_M	0.24165718311406353
PF19055	ABC2_membrane_7	1.2124576119601385
PF03906	Phage_T7_tail	2.056177885339695
PF08364	IF2_assoc	0.31237377255507714
PF19113	DUF5799	8.48910384904951
PF01538	HCV_NS2	4.311271192913521
PF05961	Chordopox_A13L	0.7150468565958031
PF08478	POTRA_1	0.3879409394322697
PF22190	TTHA0829-like_ACT	16.97820769809902
PF02594	DUF167	17.97820769809902
PF02938	GAD	5.326069232699673
PF12113	SVM_signal	8.48910384904951
PF01075	Glyco_transf_9	1.771356597005177
PF15645	Tox-PLDMTX	8.48910384904951
PF02419	PsbL	5.46441506579262
PF19778	RE_endonuc	8.196622598688931
PF12507	HCMV_UL139	17.97820769809902
PF13688	Reprolysin_5	1.9968868140141456
PF12424	ATP_Ca_trans_C	7.03565855124525
PF03310	Cauli_DNA-bind	17.97820769809902
PF00190	Cupin_1	0.3385106901830732
PF11794	HpaB_N	7.03565855124525
PF00169	PH	0.044199763550881996
PF08842	Mfa2	3.994551924524755
PF07995	GSDH	1.8320349504014573
PF02319	E2F_TDP	1.3641964422175474
PF08401	ArdcN	5.218759867737219
PF06866	DUF1256	17.97820769809902
PF07700	HNOB	6.696622598688932
PF13187	Fer4_9	0.7747560456494951
PF16316	DUF4956	8.48910384904951
PF06462	Hyd_WA	2.4680471161094513
PF08305	NPCBM	4.0983112993444655
PF10922	T7-like_gp12	8.98910384904951
PF11128	Nucleocap_ssRNA	17.97820769809902
PF22146	LicP_NPro	17.97820769809902
PF08167	RIX1	0.8370778248361165
PF14675	FANCI_S1	5.46441506579262
PF02628	COX15-CtaA	1.4815946120360326
PF15365	PNRC	1.896356597005177
PF13805	Pil1	5.46441506579262
PF00720	SSI	8.48910384904951
PF19362	DUF5938	8.48910384904951
PF15255	CAP-ZIP_m	7.828139801605829
PF09843	DUF2070	2.528475462673569
PF09342	DUF1986	4.885426534403885
PF08114	PMP1_2	2.4680471161094513
PF02885	Glycos_trans_3N	0.4964146404112346
PF17308	Corazonin	2.6630346163498366
PF07741	BRF1	1.2627949869862438
PF03069	FmdA_AmdA	17.97820769809902
PF11595	DUF3245	5.326069232699673
PF13457	GW	2.329701283016503
PF04153	NOT2_3_5_C	2.4680471161094513
PF02561	FliS	2.6093799338686097
PF10944	DUF2630	3.2786490394755727
PF10564	MAR_sialic_bdg	8.98910384904951
PF04379	DUF525	5.056950925347138
PF11286	DUF3087	2.1990350281968376
PF14429	DOCK-C2	1.3334351508324296
PF15066	CAGE1	3.1312559206423316
PF02161	Prog_receptor	6.79294513766013
PF19103	DUF5790	3.994551924524755
PF19995	iSTAND	1.8510353370820884
PF15505	Vexin	7.98910384904951
PF04127	DFP	2.2038866993225916
PF02492	cobW	0.3616308227051351
PF02316	HTH_Tnp_Mu_1	8.196622598688931
PF04193	PQ-loop	0.6433326418913448
PF01129	ART	8.48910384904951
PF07116	DUF1372	5.46441506579262
PF16578	IL17R_fnIII_D2	7.98910384904951
PF06191	DUF995	17.97820769809902
PF14869	DUF4488	8.98910384904951
PF01733	Nucleoside_tran	2.4963679496831697
PF04102	SlyX	0.16214481874891548
PF03640	Lipoprotein_15	8.98910384904951
PF03180	Lipoprotein_9	3.0341705552082834
PF15933	RnlB_antitoxin	8.98910384904951
PF12721	RHIM	1.599249466375318
PF12995	DUF3879	8.98910384904951
PF13640	2OG-FeII_Oxy_3	0.3300004789841793
PF04554	Extensin_2	7.585426388020708
PF15725	RCDG1	8.48910384904951
PF08310	LGFP	8.48910384904951
PF20652	Sec8_C	1.8148470099327152
PF00013	KH_1	0.0969728671300474
PF03551	PadR	3.1312559206423316
PF07342	DUF1474	17.97820769809902
PF11783	Cytochrome_cB	8.98910384904951
PF04572	Gb3_synth	2.8555535959915854
PF17221	COMMD1_N	3.0341705552082834
PF11986	PB1-F2	17.97820769809902
PF06940	DUF1287	8.98910384904951
PF15234	LAT	3.2786490394755727
PF07485	DUF1529	5.659402566033006
PF03371	PRP38	6.98910384904951
PF15981	EAV_GP5	17.97820769809902
PF05414	DUF1717	8.48910384904951
PF08180	BAGE	3.2786490394755727
PF13402	Peptidase_M60	4.552093201070552
PF12309	KBP_C	3.744551924524755
PF20566	Eap1	2.4963679496831697
PF02255	PTS_IIA	3.195641539619804
PF07478	Dala_Dala_lig_C	0.3962938379276472
PF09296	NUDIX-like	6.44537242842434
PF00016	RuBisCO_large	2.126125487119901
PF07352	Phage_Mu_Gam	1.075246746007617
PF03584	Herpes_ICP4_N	3.569441994989482
PF06350	HSL_N	4.992735899366339
PF06637	PV-1	17.97820769809902
PF18145	SAVED	3.1312559206423316
PF05459	Herpes_UL69	2.4963679496831697
PF07602	DUF1565	5.992735899366339
PF18105	PGM1_C	4.0983112993444655
PF09836	DUF2063	4.244551924524755
PF21139	MCC_alpha_BT	8.98910384904951
PF12555	SteA-like_C	1.6642452997887798
PF22107	Pch2_N	4.0983112993444655
PF07367	FB_lectin	8.48910384904951
PF03612	EIIBC-GUT_N	5.218759867737219
PF08651	DASH_Duo1	1.2213566336009714
PF05240	APOBEC_C	3.792713194010354
PF00872	Transposase_mut	17.97820769809902
PF13807	GNVR	0.707237788036413
PF15477	SMAP	1.4518776079461722
PF00523	Fusion_gly	2.1672646822916306
PF12794	MscS_TM	1.6453647440729675
PF05035	DGOK	14.808282696656708
PF11377	DUF3180	4.0983112993444655
PF06167	Peptidase_M90	2.4963679496831697
PF00340	IL1	1.770463599625409
PF00478	IMPDH	1.3552053316193733
PF04873	EIN3_DNA-bd	5.218759867737219
PF11906	DUF3426	17.97820769809902
PF07951	Toxin_R_bind_C	6.98910384904951
PF18152	DAHP_snth_FXD	3.598311299344466
PF08664	YcbB	4.0983112993444655
PF06168	DUF981	8.48910384904951
PF06683	DUF1184	17.97820769809902
PF15729	CTSRT	8.48910384904951
PF09427	DUF2014	3.994551924524755
PF20287	SH3DP	8.98910384904951
PF13590	DUF4136	3.9140699008029145
PF21082	MS_channel_3rd	1.835560668736293
PF01913	FTR	6.904141348328354
PF06298	PsbY	8.48910384904951
PF10585	UBA_E1_SCCH	4.759255993319309
PF06932	DUF1283	8.98910384904951
PF00865	Osteopontin	17.97820769809902
PF09603	Fib_succ_major	5.218759867737219
PF18442	G2BR	3.0341705552082834
PF07888	CALCOCO1	0.5941507773859318
PF00617	RasGEF	0.4665339210719754
PF13599	Pentapeptide_4	1.1265646732884766
PF05769	SIKE	3.9140699008029145
PF12825	DUF3818	5.46441506579262
PF15545	Ntox8	17.97820769809902
PF12949	HeH	1.2882593432764924
PF22112	OmcA-like_N	8.98910384904951
PF18365	PI_PP_C	17.97820769809902
PF12346	HJURP_mid	3.1312559206423316
PF04570	zf-FLZ	2.4427132672019427
PF05430	Methyltransf_30	1.3189928679246152
PF01497	Peripla_BP_2	1.138023300267638
PF12481	DUF3700	5.659402566033006
PF09223	ZinT	4.9360942322189025
PF05899	Cupin_3	1.8320349504014573
PF21913	ORC6_2nd	4.9360942322189025
PF16541	AltA1	17.97820769809902
PF01351	RNase_HII	0.2957580783329
PF07276	PSGP	17.97820769809902
PF06861	BALF1	8.98910384904951
PF22466	GINS_N	4.484881914014002
PF12571	DUF3751	16.97820769809902
PF03461	TRCF	1.6061155851442566
PF21095	CarD_C	2.4963679496831697
PF11790	Glyco_hydro_cc	7.696622598688932
PF00794	PI3K_rbd	1.097571064670118
PF08998	Epsilon_antitox	3.994551924524755
PF14726	RTTN_N	5.46441506579262
PF01718	Orbi_NS1	17.97820769809902
PF05495	zf-CHY	1.4071317102490501
PF15703	LAT2	8.48910384904951
PF21084	DUF4423_like	2.6093799338686097
PF16663	MAGI_u1	3.319441994989482
PF00601	Flu_NS2	3.1312559206423316
PF22983	Med14_RM8	4.992735899366339
PF10584	Proteasome_A_N	3.514526490154098
PF12698	ABC2_membrane_3	0.380278402992269
PF12617	LdpA_C	17.97820769809902
PF19233	DUF5886	17.97820769809902
PF13391	HNH_2	17.97820769809902
PF14594	Sipho_Gp37	17.97820769809902
PF07812	TfuA	4.0983112993444655
PF00480	ROK	0.9915957582191294
PF10948	DUF2635	5.659402566033006
PF16886	ATP-synt_ab_Xtn	2.6358948676155736
PF01384	PHO4	2.1672646822916306
PF03912	Psb28	8.48910384904951
PF03939	Ribosomal_L23eN	13.58589027532026
PF16136	NLS_NINJA_AFP	1.4815946120360326
PF04266	ASCH	7.98910384904951
PF01645	Glu_synthase	1.2518776079461722
PF17963	Big_9	1.465627960321166
PF12772	GHBP	6.865140092327717
PF21333	FST_N	6.98910384904951
PF02365	NAM	0.5128596733970883
PF10588	NADH-G_4Fe-4S_3	1.3259792865267295
PF08381	BRX	3.517829275622625
PF21895	MTHFR_C	14.277767979957927
PF13428	TPR_14	0.12210843463561706
PF19536	POU2F1_C	7.585426388020708
PF05645	RNA_pol_Rpc82	1.4370903976378406
PF21984	DnaD_N	1.6856503084490462
PF11733	NP1-WLL	17.97820769809902
PF04313	HSDR_N	2.3151241428081133
PF00811	Ependymin	3.195641539619804
PF20597	pAdhesive_15	17.97820769809902
PF06211	BAMBI	15.97820769809902
PF22178	Gp5_trimer_C	0.7440691776321035
PF07648	Kazal_2	0.39133969234549687
PF17799	RRM_Rrp7	3.744551924524755
PF11357	Spy1	2.115468956665244
PF16675	FOXO_KIX_bdg	3.452070674164177
PF12034	YfbK_C	8.196622598688931
PF19892	DUF6365	7.98910384904951
PF01609	DDE_Tnp_1	0.8486853456436956
PF18179	SUa-2TM	5.46441506579262
PF22277	EncFtn-like	5.46441506579262
PF16044	DUF4796_C	8.48910384904951
PF11283	DUF3084	5.659402566033006
PF06833	MdcE	17.97820769809902
PF19422	Ariadne	4.2969149522828936
PF11052	Tr-sialidase_C	1.1019433496612958
PF17205	PSI_integrin	6.211809423210691
PF09141	Talin_middle	2.1672646822916306
PF15015	NYD-SP12_N	8.98910384904951
PF14191	YodL	17.97820769809902
PF01291	LIF_OSM	17.97820769809902
PF01549	ShK	0.6026799811053171
PF01991	vATP-synt_E	0.26668728387998003
PF09783	Vac_ImportDeg	8.98910384904951
PF02742	Fe_dep_repr_C	0.8000618516399401
PF01041	DegT_DnrJ_EryC1	1.3730280184655435
PF22104	MHV_Nsp3_DPUP	4.506258693153907
PF22518	DUF6997	17.97820769809902
PF10899	AbiGi	17.97820769809902
PF15809	STG	5.46441506579262
PF20518	Apc1_MidN	3.0341705552082834
PF02179	BAG	0.8714211401660333
PF17921	Integrase_H2C2	1.2768754332470071
PF09326	NADH_dhqG_C	6.667175754162147
PF22481	DUF6985	3.195641539619804
PF11847	DUF3367	5.326069232699673
PF09465	LBR_tudor	3.0341705552082834
PF02944	BESS	1.5170852776041417
PF16350	FAO_M	2.9037552158923443
PF16881	LIAS_N	2.168606737480479
PF00605	IRF	2.666870301664859
PF19685	DUF6187	17.97820769809902
PF04882	Peroxin-3	2.4197960132436203
PF06346	Drf_FH1	0.6759388039730861
PF17343	DUF5373	8.98910384904951
PF11459	AbiEi_3	8.48910384904951
PF00890	FAD_binding_2	0.22417451106689415
PF00328	His_Phos_2	1.6339146378113125
PF19166	DUF5848	17.97820769809902
PF02898	NO_synthase	2.6142634204981
PF21793	DUF6877	5.46441506579262
PF14222	MOR2-PAG1_N	3.0341705552082834
PF11536	DUF3226	8.98910384904951
PF07730	HisKA_3	0.38426188734326605
PF14074	DUF4257	17.97820769809902
PF08946	Osmo_CC	1.3198887344965202
PF06029	AlkA_N	3.1312559206423316
PF13017	Maelstrom	2.2322075328963105
PF22512	Csa_translocation_dom	17.97820769809902
PF22661	CO4A-B_CUB_C	3.792713194010354
PF17820	PDZ_6	0.2799567814530104
PF10726	DUF2518	5.46441506579262
PF19004	DUF5733	8.48910384904951
PF21784	Bflower	2.0396811399939896
PF09209	CecR_C	8.48910384904951
PF18805	LRR_10	4.602760898885569
PF16474	KIND	1.4277767979957927
PF09535	Gmx_para_CXXCG	17.97820769809902
PF06712	DUF1199	17.97820769809902
PF09303	KcnmB2_inactiv	7.98910384904951
PF04800	NDUS4	3.702070674164177
PF17182	OSK	8.48910384904951
PF06912	DUF1275	5.46441506579262
PF05232	BTP	7.696622598688932
PF02214	BTB_2	0.389584299239323
PF05190	MutS_IV	2.4427132672019427
PF12004	DAB2P_C	14.97820769809902
PF21934	Yop-YscD_ppl_3rd	2.103442615580156
PF19217	CoV_NSP4_N	6.0477823243685895
PF04109	ATG9	17.97820769809902
PF00432	Prenyltrans	0.8095965363088782
PF19298	KshA_C	13.97820769809902
PF12704	MacB_PCD	0.8436138802058282
PF00345	PapD_N	2.419112929747436
PF20631	CoV_NSP13_1B	2.595641539619804
PF04780	DUF629	8.98910384904951
PF22840	CATSPERG_NTD	15.97820769809902
PF02267	Rib_hydrolayse	8.196622598688931
PF12179	IKKbetaNEMObind	2.834170555208283
PF14571	Di19_C	1.9220922488631436
PF19162	DUF5844	17.97820769809902
PF14676	FANCI_S2	1.3616552452817292
PF00833	Ribosomal_S17e	17.97820769809902
PF04258	Peptidase_A22B	1.9508970861730939
PF04325	DUF465	2.565540866229644
PF00631	G-gamma	1.1265646732884766
PF09520	RE_TdeIII	17.97820769809902
PF05175	MTS	0.3387375720361005
PF00481	PP2C	0.3430301883438553
PF22231	Hera_RBD	5.659402566033006
PF03050	DDE_Tnp_IS66	2.528475462673569
PF01032	FecCD	7.98910384904951
PF11538	Snurportin1	2.4963679496831697
PF00160	Pro_isomerase	0.28299990538368064
PF20889	TsiV3	2.6093799338686097
PF07820	TraC	3.9140699008029145
PF12163	HobA	17.97820769809902
PF16143	DUF4851	8.98910384904951
PF21282	APC1_3rd	3.744551924524755
PF11862	DUF3382	3.848311299344466
PF20669	Exo70_N	0.6009836044514731
PF08954	Trimer_CC	0.38728891241805824
PF14822	Vasohibin	8.196622598688931
PF15388	FAM117	17.97820769809902
PF09602	PhaP_Bmeg	2.1990350281968376
PF16190	E1_FCCH	8.98910384904951
PF15891	Nuc_deoxyri_tr2	2.9037552158923443
PF13779	DUF4175	8.48910384904951
PF04630	Phage_TTP_1	17.97820769809902
PF19567	CpsB_CapC	17.97820769809902
PF10536	PMD	17.97820769809902
PF15361	RIC3	3.1312559206423316
PF00386	C1q	1.2892409185280105
PF14177	YkyB	5.46441506579262
PF08643	DUF1776	1.3838495268935562
PF07453	NUMOD1	1.8510353370820884
PF19942	DUF6404	1.5864186644397695
PF13965	SID-1_RNA_chan	5.46441506579262
PF14017	DUF4233	8.48910384904951
PF05659	RPW8	1.1648506415082516
PF13983	YsaB	17.97820769809902
PF22109	TFIIB_Zn-ribbon_Tryp	3.792713194010354
PF11495	Regulator_TrmB	3.702070674164177
PF04849	HAP1_N	0.8630176685410442
PF04185	Phosphoesterase	2.6630346163498366
PF17077	Msap1	17.97820769809902
PF15746	TMEM215	2.528475462673569
PF16497	MHC_I_3	6.667175754162147
PF14257	DUF4349	0.9679184052974481
PF02744	GalP_UDP_tr_C	6.09842399228718
PF18730	HEPN_Cthe2314	17.97820769809902
PF05818	TraT	5.46441506579262
PF19853	DUF6328	16.393245197377862
PF14858	CFAP54_N	5.326069232699673
PF13820	NCOA6_TRADD-N	16.97820769809902
PF00381	PTS-HPr	3.47268621421217
PF08428	Rib	1.5531341886776688
PF15153	CYTL1	5.46441506579262
PF19756	DUF6243	8.48910384904951
PF22882	GT-D-like	1.6856503084490462
PF02436	PYC_OADA	2.222391918054049
PF14748	P5CR_dimer	3.970706169213749
PF15380	DUF4607	16.393245197377862
PF08028	Acyl-CoA_dh_2	3.47268621421217
PF10350	DUF2428	3.744551924524755
PF18220	BspA_v	8.196622598688931
PF03314	DUF273	17.97820769809902
PF08353	MurT_C	16.393245197377862
PF06334	Orthopox_A47	17.97820769809902
PF16339	DUF4969	2.4963679496831697
PF02394	IL1_propep	1.5454372317479763
PF17069	RSRP	3.0341705552082834
PF21472	gp6_C-domII	17.97820769809902
PF18584	SYCP2_SLD	3.0341705552082834
PF00925	GTP_cyclohydro2	1.605248673099696
PF22395	Crb2-like_BRCT-like	17.97820769809902
PF20989	Sarcoglycan_2_C	7.328139801605829
PF08812	YtxC	8.196622598688931
PF12511	DUF3716	2.6630346163498366
PF18945	VipB_2	5.659402566033006
PF19976	GAAD	5.659402566033006
PF06713	bPH_4	8.98910384904951
PF02525	Flavodoxin_2	17.97820769809902
PF02493	MORN	0.43375633916311546
PF18309	PAZ_3	5.659402566033006
PF06967	Mo-nitro_C	15.393245197377864
PF07782	DC_STAMP	1.896356597005177
PF06969	HemN_C	2.6048022775424293
PF19380	DUF5955	1.9570349504014573
PF15793	SHLD2_C	7.98910384904951
PF02889	Sec63	1.1680840619230957
PF07452	CHRD	5.056950925347138
PF16759	LIG3_BRCT	8.196622598688931
PF15181	SMRP1	8.48910384904951
PF09648	YycI	17.97820769809902
PF12514	DUF3718	5.131081732459288
PF05129	Elf1	0.7634239822411188
PF09496	CENP-O	1.6453647440729675
PF13252	DUF4043	3.195641539619804
PF04220	YihI	1.896356597005177
PF04455	Saccharop_dh_N	3.792713194010354
PF07393	Sec10_HB	3.569441994989482
PF06391	MAT1	2.398874199562977
PF17998	AgI_II_C2	2.4427132672019427
PF21589	AP5B1_barrel	7.828139801605829
PF17592	DUF5489	17.97820769809902
PF17412	VraX	5.659402566033006
PF10141	ssDNA-exonuc_C	8.48910384904951
PF17466	NinD	8.98910384904951
PF09221	Bacteriocin_IId	5.659402566033006
PF21219	USH1C_N	2.4197960132436203
PF20432	Xre-like-HTH	1.3656279603211658
PF15623	CT47	17.97820769809902
PF09762	CCDC93_CC	0.9205521797771138
PF01303	Egg_lysin	17.97820769809902
PF09443	CFC	5.056950925347138
PF08024	Antimicrobial_4	17.97820769809902
PF16397	DUF5006	8.48910384904951
PF14193	DUF4315	17.97820769809902
PF15008	DUF4518	17.97820769809902
PF10274	ParcG	0.9595496798251909
PF07249	Cerato-platanin	4.0983112993444655
PF02887	PK_C	1.1170852776041416
PF00726	IL10	3.1312559206423316
PF08843	AbiEii	17.97820769809902
PF04690	YABBY	8.196622598688931
PF21089	PKS_DH_N	0.637357012214208
PF11900	DUF3420	1.5095433639244733
PF12311	DUF3632	8.98910384904951
PF03819	MazG	2.024407539434488
PF14890	Intein_splicing	0.2974840971847405
PF18639	Longin_2	8.48910384904951
PF04984	Phage_sheath_1	2.8142634204981003
PF08839	CDT1	2.4427132672019427
PF15270	ACI44	8.98910384904951
PF19074	DUF5770	17.97820769809902
PF03209	PUCC	17.97820769809902
PF04495	GRASP55_65	5.056950925347138
PF04640	PLATZ	17.97820769809902
PF02870	Methyltransf_1N	4.2969149522828936
PF07887	Calmodulin_bind	14.808282696656708
PF10866	DUF2704	5.326069232699673
PF15870	EloA-BP1	2.528475462673569
PF19292	KPBB_C	7.085426388020708
PF17886	ArsA_HSP20	4.8395920264872405
PF21621	MPI_cupin_dom	4.885426534403885
PF16056	DUF4799	17.97820769809902
PF12951	PATR	1.8510353370820884
PF16094	PAC1	8.48910384904951
PF02886	LBP_BPI_CETP_C	4.23093515974559
PF00563	EAL	0.7011475385267186
PF10696	DUF2501	5.46441506579262
PF06045	Rhamnogal_lyase	17.97820769809902
PF18117	EDS1_EP	3.9140699008029145
PF16035	Chalcone_2	2.995641539619804
PF20745	TSP_Ig-like	17.97820769809902
PF02832	Flavi_glycop_C	3.8914756499739718
PF21195	C8A_B_C6_EGF-like	0.979252321896572
PF02781	G6PD_C	2.9373472519007846
PF03743	TrbI	2.4680471161094513
PF02079	TP1	17.97820769809902
PF07302	AroM	17.97820769809902
PF20598	DUF6795	5.056950925347138
PF07382	HC2	0.6959642208387132
PF09991	DUF2232	8.48910384904951
PF07686	V-set	0.10433397715203037
PF13233	Complex1_LYR_2	1.6856503084490462
PF14716	HHH_8	0.8303097161361337
PF14612	Ino80_Iec3	8.98910384904951
PF17614	FPV060	8.48910384904951
PF12230	PRP21_like_P	1.172609758540875
PF17556	MIT_LIKE_ACTX	16.393245197377862
PF01513	NAD_kinase	0.634298258224178
PF20793	VopS_N	17.97820769809902
PF09425	Jas_motif	2.5037552158923444
PF06357	Omega-toxin	16.97820769809902
PF11131	PhrC_PhrF	17.97820769809902
PF00135	COesterase	1.1294198951292167
PF03556	Cullin_binding	1.8968239971368466
PF11647	MLD	1.7103605774864292
PF21319	zf-FCS_1	4.576760061551811
PF03470	zf-XS	7.085426388020708
PF03793	PASTA	0.5690352763391692
PF06449	YMF19_C	7.48910384904951
PF22028	DUF6934	2.6630346163498366
PF12215	Glyco_hydr_116N	15.97820769809902
PF08313	SCA7	1.4518776079461722
PF00471	Ribosomal_L33	0.6390263481740345
PF02479	Herpes_IE68	5.326069232699673
PF06814	GOST_TM	2.746056036931087
PF10846	DUF2722	8.48910384904951
PF09474	Type_III_YscX	4.0983112993444655
PF02503	PP_kinase	2.297270920353869
PF12650	DUF3784	5.326069232699673
PF13888	MRF_C2	4.992735899366339
PF21915	Sputnik_MCP_1st	17.97820769809902
PF04238	DUF420	3.195641539619804
PF18022	Lectin_C_term	4.244551924524755
PF20203	DUF6565	3.0341705552082834
PF12971	NAGLU_N	8.196622598688931
PF12420	DUF3671	1.8510353370820884
PF20384	DUF6679	17.97820769809902
PF10188	Oscp1	17.97820769809902
PF05235	CHAD	1.6642452997887798
PF02429	PCP	15.97820769809902
PF04956	TrbC	2.1990350281968376
PF08436	DXP_redisom_C	0.8390922589554144
PF18234	VioE	17.97820769809902
PF16697	Yop-YscD_cpl	3.0341705552082834
PF17066	RITA	8.48910384904951
PF08997	UCR_6-4kD	8.98910384904951
PF11009	BrxC	8.48910384904951
PF03965	Penicillinase_R	2.565540866229644
PF02353	CMAS	2.4963679496831697
PF09428	DUF2011	5.659402566033006
PF20630	Latexin_C	7.828139801605829
PF18051	RPN1_C	14.277767979957927
PF14705	Costars	8.48910384904951
PF21657	L544_helical	17.97820769809902
PF19357	DUF5934	8.98910384904951
PF04880	NUDE_C	0.45889016718407327
PF04117	Mpv17_PMP22	0.9921960612034771
PF08617	CGI-121	3.994551924524755
PF00395	SLH	0.9566603712412759
PF00459	Inositol_P	1.6642452997887798
PF00418	Tubulin-binding	1.9133207424825518
PF10993	DUF2818	17.97820769809902
PF15780	ASH	1.358589027532026
PF01098	FTSW_RODA_SPOVE	3.0341705552082834
PF20954	Caud_bapl16_2nd	4.0983112993444655
PF21964	NSF_ATPase_lid	2.8555535959915854
PF15101	TERB2	1.5393245197377865
PF22440	SirC_C	5.46441506579262
PF04902	Nab1	4.885426534403885
PF05864	Chordopox_RPO7	15.656279603211658
PF03018	Dirigent	7.585426388020708
PF01157	Ribosomal_L21e	8.48910384904951
PF11544	Spc42p	1.1575620714040566
PF20425	Neurobeachin	4.797748399125954
PF01007	IRK	1.3076393702744522
PF06057	VirJ	4.992735899366339
PF02321	OEP	0.9267284892720102
PF15247	SLBP_RNA_bind	5.46441506579262
PF09895	DUF2122	3.848311299344466
PF07236	Phytoreo_S7	17.97820769809902
PF11871	DUF3391	0.944723518402761
PF14278	TetR_C_8	5.326069232699673
PF14487	DarT	5.326069232699673
PF13166	AAA_13	0.5173525431496226
PF05138	PaaA_PaaC	17.97820769809902
PF00075	RNase_H	0.834532667781081
PF06936	Selenoprotein_S	1.1898139983298273
PF03958	Secretin_N	0.8918824715549531
PF03817	MadL	8.48910384904951
PF12171	zf-C2H2_jaz	0.3231308077046099
PF00063	Myosin_head	0.4564349890498386
PF22639	Gp18_dom_I	3.994551924524755
PF02413	Caudo_TAP	5.659402566033006
PF08596	Lgl_C	2.746056036931087
PF14065	Pvc16_N	17.97820769809902
PF02711	Pap_E4	16.393245197377862
PF14427	Pput2613-deam	8.48910384904951
PF17072	Spike_torovirin	16.97820769809902
PF03455	dDENN	1.1441718432109327
PF16618	SH3-WW_linker	5.326069232699673
PF05297	Herpes_LMP1	1.3730280184655435
PF15462	Barttin	3.1312559206423316
PF03896	TRAP_alpha	3.195641539619804
PF01865	PhoU_div	5.131081732459288
PF16601	NPF	2.115468956665244
PF01926	MMR_HSR1	0.04549891909814176
PF12116	SpoIIID	5.659402566033006
PF03938	OmpH	0.4546528637376941
PF20157	Maf_flag10_N	4.0983112993444655
PF01955	CbiZ	5.659402566033006
PF18742	DpnII-MboI	5.659402566033006
PF21418	LinB-like_C	17.97820769809902
PF09500	YiiD_C	7.98910384904951
PF07993	NAD_binding_4	0.44655863330513634
PF05408	Peptidase_C28	3.542713194010354
PF20758	2B_soluble	2.8555535959915854
PF19706	DUF6203	1.4277767979957927
PF16893	fn3_2	5.46441506579262
PF12242	Eno-Rase_NADH_b	5.585426388020708
PF15249	GLTSCR1	3.994551924524755
PF16667	MPDZ_u10	7.696622598688932
PF03453	MoeA_N	4.390284258680472
PF18486	PUB_1	3.994551924524755
PF08564	CDC37_C	1.5095433639244733
PF21229	TdIF1_2nd	7.696622598688932
PF09954	DUF2188	4.0983112993444655
PF00005	ABC_tran	0.023490639509332424
PF10559	Plug_translocon	12.305782356127525
PF18856	baeRF_family12	8.48910384904951
PF12833	HTH_18	0.37646024099562897
PF00946	Mononeg_RNA_pol	3.8914756499739718
PF12686	DUF3800	3.994551924524755
PF13929	mRNA_stabil	2.2531293465769533
PF17574	TA_inhibitor	5.326069232699673
PF04276	DUF443	5.46441506579262
PF02937	COX6C	17.97820769809902
PF11364	DUF3165	8.48910384904951
PF02196	RBD	0.9093057274753882
PF04267	SoxD	17.97820769809902
PF15424	ODAM	16.97820769809902
PF21324	SHPRH_helical-2nd	8.48910384904951
PF10577	FAM171A1-2-B_N	2.961656539331342
PF09733	VEFS-Box	2.115468956665244
PF06224	AlkZ-like	17.97820769809902
PF12103	Lipl32	17.97820769809902
PF02531	PsaD	17.97820769809902
PF06705	SF-assemblin	4.0983112993444655
PF01624	MutS_I	0.4790475889819003
PF07723	LRR_2	0.3726994033329899
PF17496	DUF5431	8.98910384904951
PF19183	DUF5865	8.48910384904951
PF14756	Pdase_C33_assoc	7.98910384904951
PF14839	DOR	17.97820769809902
PF11255	DUF3054	5.659402566033006
PF14051	DPF1-3_N	4.723617592013805
PF04218	CENP-B_N	2.2129613299929876
PF16831	CssAB	16.97820769809902
PF12478	UBAP2-Lig	2.4963679496831697
PF09266	VirDNA-topo-I_N	15.393245197377864
PF02373	JmjC	0.3567530471233685
PF13090	PP_kinase_C	3.879452565071465
PF04714	BCL_N	1.8510353370820884
PF20684	Fung_rhodopsin	17.97820769809902
PF21077	GDH_ACT3	7.98910384904951
PF10815	ComZ	2.2366113718873795
PF12726	SEN1_N	8.196622598688931
PF04148	Erv26	17.97820769809902
PF18279	zf-WRNIP1_ubi	2.961656539331342
PF15525	DUF4652	17.97820769809902
PF21101	YqgU	4.244551924524755
PF02600	DsbB	2.961656539331342
PF18817	HEAT_UF	8.98910384904951
PF19779	DUF6264	1.2122137734840268
PF22968	RNF34L-like_3rd	3.744551924524755
PF05988	DUF899	8.196622598688931
PF03777	ChpA-C	3.195641539619804
PF07500	TFIIS_M	0.7764761779013364
PF08801	Nucleoporin_N	2.242440957007001
PF02465	FliD_N	1.1927478820883135
PF13614	AAA_31	0.3771872735237668
PF19849	DUF6324	4.244551924524755
PF20790	Reov_VP3_GTase	3.792713194010354
PF07679	I-set	0.1213663961163125
PF10493	Rod_C	5.46441506579262
PF04770	ZF-HD_dimer	1.2231496129129096
PF07285	DUF1444	8.48910384904951
PF14908	HU-CCDC81_euk_1	16.393245197377862
PF18028	Zmiz1_N	16.97820769809902
PF10483	Elong_Iki1	5.131081732459288
PF17922	TetR_C_17	3.195641539619804
PF15012	DUF4519	1.5634796780545
PF08334	T2SSG	7.259388039730861
PF15418	DUF4625	5.659402566033006
PF04414	tRNA_deacylase	5.326069232699673
PF06325	PrmA	0.9744004566030642
PF15445	ATS	8.98910384904951
PF14300	DUF4375	2.6630346163498366
PF17446	LtuA	17.97820769809902
PF03054	tRNA_Me_trans	0.22243912865799867
PF12414	Fox-1_C	6.98910384904951
PF21751	DACNV	4.0983112993444655
PF12154	HCMVantigenic_N	5.218759867737219
PF12145	Med12-LCEWAV	2.024407539434488
PF05036	SPOR	1.674155649672233
PF16867	DMSP_lyase	17.97820769809902
PF16841	CBM60	5.46441506579262
PF13815	Dzip-like_N	2.961656539331342
PF17224	DUF5300	8.98910384904951
PF21677	BLTP1_mid	8.196622598688931
PF17999	PulA_N1	8.48910384904951
PF16171	CENP-T_N	3.848311299344466
PF05802	EspB	3.994551924524755
PF17231	DUF5305	3.994551924524755
PF13279	4HBT_2	3.792713194010354
PF18048	TRAF6_Z2	4.0983112993444655
PF14446	Prok-RING_1	2.565540866229644
PF03369	Herpes_UL3	17.97820769809902
PF18877	SSSPR-51	2.878649039475573
PF22543	Sol_Rieske_ferrdox	17.97820769809902
PF21577	PG_0320-like_C	17.97820769809902
PF05842	Euplotes_phero	8.48910384904951
PF11077	DUF2616	3.9140699008029145
PF03693	ParD_antitoxin	3.9140699008029145
PF11555	Inhibitor_Mig-6	2.931255920642332
PF09734	Tau95	3.6296940198654304
PF06206	CpeT	8.48910384904951
PF16923	Glyco_hydro_63N	14.97820769809902
PF12799	LRR_4	0.050012057810708006
PF19709	DUF6206	16.97820769809902
PF06242	TrcR	8.98910384904951
PF09809	MRP-L27	5.46441506579262
PF00758	EPO_TPO	16.393245197377862
PF14341	PilX_N	5.46441506579262
PF03950	tRNA-synt_1c_C	1.698384189784598
PF11994	DUF3489	16.97820769809902
PF00419	Fimbrial	1.358589027532026
PF09379	FERM_N	1.4186063847524262
PF06865	Ppnp	5.326069232699673
PF11950	DUF3467	17.97820769809902
PF12260	PIP49_C	2.8555535959915854
PF06798	PrkA	15.97820769809902
PF01958	Asp_DH_C	12.120226702971447
PF12162	STAT1_TAZ2bind	1.8148470099327152
PF08696	Dna2	3.598311299344466
PF13582	Reprolysin_3	1.6284755114679619
PF09455	Csx1_HEPN	5.46441506579262
PF05377	FlaC_arch	0.19782805402201417
PF12744	ATG19	8.48910384904951
PF05241	EBP	2.931255920642332
PF05896	NQRA	5.977919942535283
PF00753	Lactamase_B	0.3185083004033749
PF11635	Med16_N	2.3013804494427843
PF22957	NUP210_Ig	15.393245197377864
PF01975	SurE	2.056177885339695
PF10505	NARG2_C	5.326069232699673
PF19213	CoV_NSP6	4.023772367496833
PF13961	DUF4219	4.0983112993444655
PF16072	DUF4813	4.0983112993444655
PF04908	SH3BGR	3.0341705552082834
PF07896	DUF1674	5.46441506579262
PF18932	DUF5681	7.98910384904951
PF22448	RepB_primase_C	5.326069232699673
PF10552	ORF6C	15.656279603211658
PF12081	GldM_1st	16.97820769809902
PF17400	DUF5406	17.97820769809902
PF09280	XPC-binding	0.648910384904951
PF17907	AWS	2.5616565393313415
PF03521	Kv2channel	7.259388039730861
PF08488	WAK	2.34521951708175
PF15027	DUF4525	2.9037552158923443
PF13001	Ecm29	2.4197960132436203
PF11942	Spt5_N	0.6346402739618386
PF05643	GNA1162-like	17.97820769809902
PF14072	DndB	17.97820769809902
PF04284	DUF441	2.5697849362308105
PF10871	DUF2748	17.97820769809902
PF00658	PABP	1.5089146378113125
PF03222	Trp_Tyr_perm	6.94537242842434
PF09932	DUF2164	5.46441506579262
PF14525	AraC_binding_2	14.97820769809902
PF04761	Phage_Treg	16.97820769809902
PF20772	TACO1_YebC_N	4.232240051073291
PF05915	TMEM_230_134	2.9037552158923443
PF18025	FucT_N	5.46441506579262
PF15912	VIR_N	0.8581425115409647
PF18504	Csm1_N	0.4841228556477963
PF06894	Phage_TAC_2	8.196622598688931
PF12417	DUF3669	8.48910384904951
PF16367	RRM_7	1.2848924681154053
PF03860	DUF326	17.97820769809902
PF21757	DUF6870	8.48910384904951
PF23022	PGAP2IP_TM_1nd	7.98910384904951
PF14003	YlbE	8.98910384904951
PF11210	DUF2996	17.97820769809902
PF08602	Mgr1	7.828139801605829
PF21245	PI4KB-PIK1_PIK	2.276046600535276
PF15840	ARL17	17.97820769809902
PF13085	Fer2_3	2.03280799742906
PF00445	Ribonuclease_T2	5.218759867737219
PF09570	RE_SinI	8.48910384904951
PF21143	Aquarius_N_2nd	8.48910384904951
PF04756	OST3_OST6	2.528475462673569
PF08618	Opi1	3.994551924524755
PF06583	Neogenin_C	3.792713194010354
PF02346	Vac_Fusion	1.6642452997887798
PF16821	C_Hendra	2.565540866229644
PF06695	Sm_multidrug_ex	17.97820769809902
PF06199	Phage_tail_2	8.48910384904951
PF17035	BET	0.5457366497129096
PF11412	DsbD_N	12.36349785398381
PF02237	BPL_C	3.494551924524755
PF07158	MatC_N	17.97820769809902
PF02686	GatC	1.465627960321166
PF16092	CFAP61_N	3.1312559206423316
PF09713	A_thal_3526	2.6630346163498366
PF04847	Calcipressin	8.98910384904951
PF17043	MAT1-1-2	17.97820769809902
PF16205	Ribosomal_S17_N	12.19684798457436
PF22800	CFAP410_C	17.97820769809902
PF19328	DAP_DH_C	3.994551924524755
PF10455	BAR_2	8.48910384904951
PF17794	Vault_2	6.904141348328354
PF09429	Wbp11	1.3323890548374235
PF17039	Glyco_tran_10_N	2.0242196139890463
PF22604	TetR_HI_0893_C	4.0983112993444655
PF03231	Tospov_NS-S_N	16.393245197377862
PF00666	Cathelicidins	1.4276582979060057
PF06634	DUF1156	5.46441506579262
PF15745	AP1AR	3.195641539619804
PF21952	PRKCH_uORF2	3.9140699008029145
PF22313	DIP0205-like_N	4.0983112993444655
PF08588	DUF1769	4.0983112993444655
PF03464	eRF1_2	2.7334533946851414
PF02896	PEP-utilizers_C	1.6478948860357558
PF21141	T6PP_C	4.885426534403885
PF20641	TAF1C_beta-prop	4.9360942322189025
PF01387	Synuclein	17.97820769809902
PF08966	DUF1882	17.97820769809902
PF07080	DUF1348	5.659402566033006
PF05332	Vesi_VP2	3.994551924524755
PF14323	GxGYxYP_C	8.48910384904951
PF05052	MerE	17.97820769809902
PF17125	Methyltr_RsmF_N	2.8445737139779728
PF17964	Big_10	7.196622598688932
PF07876	Dabb	8.196622598688931
PF05047	L51_S25_CI-B8	5.46441506579262
PF22444	PaaX-like_Fer-like	3.792713194010354
PF07874	DUF1660	5.131081732459288
PF21829	DUF6889	16.97820769809902
PF15137	CU062	17.97820769809902
PF20352	DUF6647	8.98910384904951
PF12310	Elf-1_N	7.585426388020708
PF05826	Phospholip_A2_2	3.848311299344466
PF01841	Transglut_core	0.4549407914843976
PF20541	DUF6756	8.48910384904951
PF06344	Parecho_VpG	5.326069232699673
PF13686	DrsE_2	5.659402566033006
PF21487	Tas3_C-hel	8.48910384904951
PF06027	SLC35F	5.46441506579262
PF21705	p55_CTD	5.46441506579262
PF21640	LytM_N	8.48910384904951
PF02487	CLN3	1.8148470099327152
PF00904	Involucrin	4.992735899366339
PF14564	Membrane_bind	7.98910384904951
PF02274	ADI	4.759255993319309
PF07688	KaiA	4.9360942322189025
PF15875	DUF4731	17.97820769809902
PF13559	DUF4129	1.6642452997887798
PF10481	CENP-F_N	17.97820769809902
PF15657	Tox-HNH-EHHH	2.73220753289631
PF01756	ACOX	2.075774290340334
PF20651	EXOC6_Sec15_N	1.3393245197377865
PF02438	Adeno_100	15.97820769809902
PF10477	EIF4E-T	8.48910384904951
PF22475	YhfS-like_C	17.97820769809902
PF04412	AcnX	3.517829275622625
PF13816	Dehydratase_hem	17.97820769809902
PF07879	PHB_acc_N	5.46441506579262
PF02024	Leptin	17.97820769809902
PF09169	BRCA-2_helical	2.961656539331342
PF11563	Protoglobin	1.8673310146414999
PF05878	Phyto_Pns9_10	17.97820769809902
PF16003	DUF4776	8.48910384904951
PF10667	DUF2486	3.994551924524755
PF07477	Glyco_hydro_67C	4.6904390341635
PF00965	TIMP	17.97820769809902
PF20860	Dicers_N	5.659402566033006
PF12529	Xylo_C	6.94537242842434
PF21538	Med15_M	1.397820769809902
PF10612	Spore-coat_CotZ	17.97820769809902
PF11504	Colicin_Ia	8.48910384904951
PF19072	DUF5768	17.97820769809902
PF13981	SopA	1.5531341886776688
PF19626	DUF6131	2.4963679496831697
PF17213	Hydin_ADK	0.4955771196777866
PF07924	NuiA	3.195641539619804
PF09618	Cas_Csy4	2.6093799338686097
PF14313	Soyouz_module	1.628001423464018
PF12557	Co_AT_N	7.696622598688932
PF18205	VPDSG-CTERM	2.6630346163498366
PF21620	SlpA_C	3.195641539619804
PF13275	S4_2	8.48910384904951
PF17007	HTH_micro	7.828139801605829
PF11597	Med13_N	2.8142634204981003
PF07819	PGAP1	0.6138449931832705
PF21250	SOGP_2nd	3.2786490394755727
PF06035	Peptidase_C93	5.659402566033006
PF17663	DUF5525	17.97820769809902
PF14131	DUF4298	3.195641539619804
PF09222	Fim-adh_lectin	7.48910384904951
PF19238	Radical_SAM_2	2.5867627157481135
PF08031	BBE	0.5808259575136726
PF15873	DUF4730	8.196622598688931
PF00805	Pentapeptide	1.1505708730192417
PF05020	zf-NPL4	3.2334533946851414
PF14018	DUF4234	2.1397439568712886
PF04116	FA_hydroxylase	0.5415063366105219
PF17084	TDA11	7.828139801605829
PF09804	DENND11	5.326069232699673
PF21636	PPP1R21_C	2.1672646822916306
PF20975	DGCcoil	16.97820769809902
PF05228	CHASE4	17.97820769809902
PF11146	DUF2905	17.97820769809902
PF14262	Cthe_2159	17.97820769809902
PF03949	Malic_M	2.1294581639968806
PF05227	CHASE3	8.48910384904951
PF12540	DUF3736	2.1672646822916306
PF13154	DUF3991	5.659402566033006
PF20587	DUF6789	17.97820769809902
PF05608	DUF778	2.1990350281968376
PF15431	TMEM190	8.98910384904951
PF03135	CagE_TrbE_VirB	3.47268621421217
PF16096	FXR_C1	2.3618087960069025
PF21410	MAP6	1.6642452997887798
PF19661	DUF6164	8.48910384904951
PF07191	zinc-ribbons_6	1.4277767979957927
PF12610	SOCS	3.702070674164177
PF13919	ASXH	1.784720997494741
PF22545	2CompARG	17.97820769809902
PF13291	ACT_4	0.6236276147975817
PF07314	DUF1461	5.659402566033006
PF19954	EAD10	5.46441506579262
PF13926	DUF4211	5.218759867737219
PF23013	IML1_N	3.517829275622625
PF19532	TMEM131_like	2.995641539619804
PF04143	Sulf_transp	3.9140699008029145
PF20910	TDP-43_C	7.404141348328354
PF10426	zf-RAG1	3.6640699008029145
PF22801	GLD-3_KH2	5.659402566033006
PF06946	Phage_holin_5_1	8.48910384904951
PF18685	DUF5635	16.97820769809902
PF12019	GspH	2.8142634204981003
PF14923	CCDC142	5.659402566033006
PF09974	DUF2209	4.885426534403885
PF15825	FAM25	1.574539197337935
PF15811	SVIP	5.659402566033006
PF16680	Ig_4	3.517829275622625
PF13061	DUF3923	5.326069232699673
PF23008	Tor_FN3_3nd	5.659402566033006
PF10210	MRP-S32	8.48910384904951
PF20749	DUF6833	8.98910384904951
PF10070	DabA	15.97820769809902
PF22165	SSO1393-like_WHD	8.48910384904951
PF06438	HasA	17.97820769809902
PF00616	RasGAP	0.5029715459371041
PF21158	flgK_1st_1	3.0341705552082834
PF04400	NqrM	8.48910384904951
PF09811	Yae1_N	0.8222475116528835
PF14494	DUF4436	17.97820769809902
PF14773	VIGSSK	5.326069232699673
PF05124	S_layer_C	8.48910384904951
PF03304	Mlp	17.97820769809902
PF08848	DUF1818	2.565540866229644
PF21392	COQ9_N	4.797748399125954
PF20451	Calmod_bind_M	3.598311299344466
PF09747	CCD97-like_C	0.6865140092327717
PF05722	Ustilago_mating	15.170852776041416
PF15469	Sec5	1.3730280184655435
PF01136	Peptidase_U32	2.4680471161094513
PF08013	GatZ_KbaZ-like	17.97820769809902
PF02809	UIM	0.2633177252577244
PF19829	DUF6310	17.97820769809902
PF06100	MCRA	5.326069232699673
PF22565	mSLOG	5.659402566033006
PF00142	Fer4_NifH	0.6213217684304951
PF20922	Anamorsin_N	1.2120226702971448
PF08414	NADPH_Ox	3.494551924524755
PF07438	DUF1514	3.1312559206423316
PF10492	Nrf1_activ_bdg	5.46441506579262
PF16511	FERM_f0	1.3518776079461723
PF22678	Cytochrom_c_NrfB-like	8.196622598688931
PF07822	Toxin_13	8.98910384904951
PF04205	FMN_bind	0.6138449931832705
PF22162	PFIN	5.659402566033006
PF10832	YhfG	17.97820769809902
PF18692	DUF5640	5.659402566033006
PF05672	MAP7	4.759255993319309
PF15709	DUF4670	3.078649039475573
PF22716	SNaCT11	7.98910384904951
PF02777	Sod_Fe_C	3.3571057008301666
PF13365	Trypsin_2	0.23778426954124948
PF05184	SapB_1	0.9270148355785014
PF21428	Gp7_helical	2.6093799338686097
PF02327	BChl_A	17.97820769809902
PF03105	SPX	0.39553148475518357
PF03506	Flu_C_NS1	7.328139801605829
PF07392	P19Arf_N	17.97820769809902
PF17570	T7-like_gp67	5.659402566033006
PF08935	VP4_2	2.2129613299929876
PF04282	DUF438	2.73220753289631
PF18277	AbrB_C	2.878649039475573
PF18137	ORC_WH_C	2.4197960132436203
PF13551	HTH_29	1.1809043980034513
PF08977	BOFC_N	3.0341705552082834
PF12013	OrsD	2.4197960132436203
PF19466	DUF6003	7.828139801605829
PF04531	Phage_holin_1	8.48910384904951
PF16278	zf-C2HE	0.9444436907659944
PF13775	DUF4171	7.98910384904951
PF17374	DUF5396	8.196622598688931
PF11663	Toxin_YhaV	4.0983112993444655
PF07974	EGF_2	0.13712960987466258
PF05130	FlgN	1.3084768361252603
PF17471	GP63	17.97820769809902
PF08357	SEFIR	1.5634796780545
PF14076	DUF4258	3.848311299344466
PF06066	SepZ	5.659402566033006
PF03015	Sterile	1.488138355264207
PF18321	3HCDH_RFF	1.5529523558026728
PF03742	PetN	16.97820769809902
PF13632	Glyco_trans_2_3	0.6211809423210691
PF18230	Glyc_hyd_38C_2	5.659402566033006
PF02676	TYW3	5.46441506579262
PF10119	MethyTransf_Reg	3.994551924524755
PF22688	Hda_lid	2.4963679496831697
PF16443	DUF5040	17.97820769809902
PF07010	Endomucin	16.97820769809902
PF17003	Actin_micro	1.1212204785035005
PF09559	Cas6	17.97820769809902
PF18732	HEPN_AbiA_CTD	17.97820769809902
PF10285	Luciferase_cat	17.97820769809902
PF14584	DUF4446	2.2366113718873795
PF00306	ATP-synt_ab_C	0.8071317102490501
PF22495	HTH_92	8.98910384904951
PF02166	Androgen_recep	0.8969763828028003
PF12872	OST-HTH	1.1680840619230957
PF00610	DEP	0.38888855103303194
PF16693	Yop-YscD_ppl_1st	5.218759867737219
PF22656	At5g48480-like_N	8.48910384904951
PF21713	DncV_C	1.8510353370820884
PF20230	DUF6588	17.97820769809902
PF17805	AsnC_trans_reg2	6.79294513766013
PF11982	DUF3483	5.46441506579262
PF15090	DUF4553	17.97820769809902
PF18111	RPGR1_C	7.696622598688932
PF02169	LPP20	2.6630346163498366
PF08459	UvrC_RNaseH_dom	0.8763888577298253
PF16788	ATF7IP_BD	5.131081732459288
PF19740	DUF6229	5.46441506579262
PF13066	DUF3929	17.97820769809902
PF20974	tRNA-synt_1c_C2	2.555830048983888
PF01977	UbiD	2.098878384166953
PF21542	TetR_C_42	2.1397439568712886
PF04629	ICA69	7.696622598688932
PF12061	NB-LRR	4.6904390341635
PF20551	DUF6765	8.48910384904951
PF08132	AdoMetDC_leader	17.97820769809902
PF22012	TSLPR_D1	5.056950925347138
PF07987	DUF1775	15.393245197377864
PF09446	VMA21	16.97820769809902
PF13384	HTH_23	0.5662613646831367
PF06773	Bim_N	7.98910384904951
PF13907	CHD1-like_C	1.5531341886776688
PF04158	Sof1	4.8395920264872405
PF21595	CCL2-like	7.98910384904951
PF11193	DUF2812	3.0341705552082834
PF18592	Tho1_MOS11_C	2.931255920642332
PF16732	ComP_DUS	16.97820769809902
PF14721	AIF_C	1.799155649672233
PF04692	PDGF_N	7.085426388020708
PF03418	Peptidase_A25	15.656279603211658
PF05170	AsmA	8.196622598688931
PF20120	DUF6510	4.0983112993444655
PF01140	Gag_MA	3.0300566757428617
PF03494	Beta-APP	4.885426534403885
PF08297	U3_snoRNA_assoc	5.659402566033006
PF20325	DUF6620	17.97820769809902
PF22067	Cep192_D3	3.195641539619804
PF09391	DUF2000	8.98910384904951
PF15103	G0-G1_switch_2	5.46441506579262
PF10571	UPF0547	1.1441900153879527
PF08318	COG4_m	2.878649039475573
PF17748	VID27_N	3.195641539619804
PF20940	SSV1_D-63	17.97820769809902
PF12281	NTP_transf_8	5.659402566033006
PF13354	Beta-lactamase2	1.2122137734840268
PF21023	DENR_N	3.212231170288513
PF00623	RNA_pol_Rpb1_2	1.1636168119906112
PF18501	REC1	5.056950925347138
PF02775	TPP_enzyme_C	0.2352088022442018
PF16151	DUF4859	8.98910384904951
PF19091	DUF5779	3.1312559206423316
PF00397	WW	0.13510290196206193
PF22651	OBP47_like	8.48910384904951
PF10910	DUF2744	8.48910384904951
PF01172	SBDS	2.717178055064052
PF18799	LPD5	8.48910384904951
PF01928	CYTH	3.0341705552082834
PF12946	EGF_MSP1_1	1.3808282696656708
PF16685	zf-RING_10	2.528475462673569
PF11301	DUF3103	17.97820769809902
PF09953	DUF2187	5.326069232699673
PF01874	CitG	15.97820769809902
PF09104	BRCA-2_OB3	7.98910384904951
PF04879	Molybdop_Fe4S4	1.0230014848509559
PF08668	HDOD	1.628001423464018
PF15979	Glyco_hydro_115	17.97820769809902
PF04405	ScdA_N	5.810327846740468
PF01528	Herpes_glycop	8.196622598688931
PF16075	DUF4815	17.97820769809902
PF19329	KCTD11_21_C	5.131081732459288
PF09568	RE_MjaI	4.0983112993444655
PF05771	Pox_A31	8.98910384904951
PF14240	YHYH	17.97820769809902
PF01149	Fapy_DNA_glyco	2.9871331368041547
PF00651	BTB	0.09129050601352347
PF04444	Dioxygenase_N	3.3636614355105015
PF01763	Herpes_UL6	1.2213566336009714
PF00305	Lipoxygenase	2.3656921157188675
PF14012	DUF4229	1.2627949869862438
PF00754	F5_F8_type_C	0.267541445516616
PF02741	FTR_C	6.904141348328354
PF00483	NTP_transferase	0.5587055443004199
PF22713	SNaCT6	5.131081732459288
PF07583	PSCyt2	8.98910384904951
PF12516	DUF3719	8.48910384904951
PF06153	CdAMP_rec	17.97820769809902
PF15714	SpoVT_C	8.48910384904951
PF09062	Endonuc_subdom	17.97820769809902
PF01542	HCV_core	4.1729253598205736
PF20497	SWI-SNF_Ssr4_C	0.9160174752007286
PF15646	Tox-REase-2	3.9140699008029145
PF05953	Allatostatin	7.585426388020708
PF16844	DIMCO_N	5.46441506579262
PF17296	ArenaCapSnatch	13.518776079461722
PF16525	MHB	5.326069232699673
PF09527	ATPase_gene1	3.9140699008029145
PF13118	DUF3972	8.48910384904951
PF11523	DUF3223	3.078649039475573
PF02456	Adeno_IVa2	8.196622598688931
PF16418	CNOT1_HEAT	3.792713194010354
PF17352	MFS18	5.056950925347138
PF20098	DUF6488	17.97820769809902
PF13379	NMT1_2	2.010188157498643
PF09081	AMT4_dom_C	5.218759867737219
PF17933	TetR_C_25	17.97820769809902
PF04828	GFA	2.0741108684945315
PF17975	RNR_Alpha	7.085426388020708
PF06061	Baculo_ME53	17.97820769809902
PF04671	Ag332	17.97820769809902
PF16090	DUF4819	16.97820769809902
PF10523	BEN	0.9302865276937246
PF20751	SP2_M	1.6898470099327152
PF23017	WIV_2	16.393245197377862
PF03090	Replicase	17.97820769809902
PF02363	C_tripleX	17.97820769809902
PF01271	Granin	16.97820769809902
PF17422	DUF5410	8.48910384904951
PF01729	QRPTase_C	1.8029508133544194
PF12257	IML1	2.2129613299929876
PF00829	Ribosomal_L21p	1.397820769809902
PF08751	TrwC	8.48910384904951
PF01115	F_actin_cap_B	17.97820769809902
PF20227	DUF6586	17.97820769809902
PF03947	Ribosomal_L2_C	1.5867627157481135
PF10056	DUF2293	5.46441506579262
PF20740	TP0453	17.97820769809902
PF11397	GlcNAc	17.97820769809902
PF18172	LepB_GAP_N	15.656279603211658
PF11116	DUF2624	5.659402566033006
PF00985	MSA_2	8.196622598688931
PF09637	Med18	16.97820769809902
PF18711	TxDE	17.97820769809902
PF09418	DUF2009	5.659402566033006
PF18517	LZ3wCH	0.9566603712412759
PF09856	ScfRs	15.656279603211658
PF04928	PAP_central	6.828139801605829
PF09681	Phage_rep_org_N	8.98910384904951
PF02017	CIDE-N	3.792713194010354
PF10392	COG5_N	0.814000711732009
PF17174	DUF5130	8.98910384904951
PF07301	DUF1453	17.97820769809902
PF14974	P_C10	17.97820769809902
PF22614	Slo-like_RCK	1.1758012344309605
PF06443	SEF14_adhesin	17.97820769809902
PF14159	CAAD	1.8510353370820884
PF13344	Hydrolase_6	0.9445228711382536
PF04411	PDDEXK_7	8.98910384904951
PF01175	Urocanase	1.7586571572328202
PF22242	6PGD_like	2.6630346163498366
PF14641	HTH_44	2.2129613299929876
PF05101	VirB3	5.326069232699673
PF18010	HTH_49	8.48910384904951
PF03440	APT	7.404141348328354
PF22306	PAV1-137_bromodom-like	8.48910384904951
PF11171	DUF2958	17.97820769809902
PF04930	FUN14	2.995641539619804
PF18149	Helicase_PWI	4.602760898885569
PF02234	CDI	5.46441506579262
PF01873	eIF-5_eIF-2B	0.6099182236503193
PF15332	LIME1	17.97820769809902
PF05553	DUF761	4.723617592013805
PF21015	Ybfg_C	5.659402566033006
PF15871	JMY	3.744551924524755
PF17579	DUF5482	17.97820769809902
PF11927	HODM_asu-like	17.97820769809902
PF00937	CoV_nucleocap	1.056175398819649
PF04568	IATP	1.1898139983298273
PF03456	uDENN	3.146472568830065
PF09186	DUF1949	5.218759867737219
PF20488	Birna_VP1_thumb	7.404141348328354
PF20753	DUF6558_C	5.46441506579262
PF00558	Vpu	0.6292945137660131
PF08019	EptA_B_N	14.277767979957927
PF11069	CFAP298	2.931255920642332
PF10354	BMT5-like	2.1672646822916306
PF10703	MoaF	17.97820769809902
PF03543	Peptidase_C58	1.6131973421624135
PF22254	TFA2_E-tether	3.744551924524755
PF08426	ICE2	17.97820769809902
PF09387	MRP	8.48910384904951
PF07657	MNNL	4.484881914014002
PF03094	Mlo	8.48910384904951
PF15130	DUF4566	17.97820769809902
PF22464	Spike_JR1	17.97820769809902
PF16501	SCAPER_N	8.48910384904951
PF16216	GxGYxYP_N	5.659402566033006
PF22315	PF0095-like_C	4.0983112993444655
PF13990	YjcZ	5.659402566033006
PF13148	DUF3987	17.97820769809902
PF03430	TATR	8.48910384904951
PF21944	Hemotin	2.115468956665244
PF00082	Peptidase_S8	0.2552143870669788
PF14804	Jag_N	2.0937542290302367
PF08729	HUN	2.056177885339695
PF22798	DUF5817_CT	1.8148470099327152
PF00073	Rhv	0.5943003774166211
PF06315	AceK_kinase	11.059344460824425
PF02486	Rep_trans	7.585426388020708
PF12561	TagA	4.797748399125954
PF17619	SCVP	8.48910384904951
PF16556	IL17R_fnIII_D1	7.828139801605829
PF20851	SidM_Rab1-act	3.195641539619804
PF22637	CBM_4_9_1	16.97820769809902
PF16455	UBD	14.393245197377864
PF19968	VMAP-M7	17.97820769809902
PF05876	GpA_ATPase	2.1990350281968376
PF04301	BioG	16.97820769809902
PF08955	BofC_C	8.196622598688931
PF19701	DUF6199	5.46441506579262
PF15475	UPF0444	7.98910384904951
PF13036	LpoB	2.8555535959915854
PF02254	TrkA_N	0.6004601498142615
PF04049	ANAPC8	2.961656539331342
PF19334	DUF5920	3.994551924524755
PF14818	SOGA1-2-like_CC	2.398874199562977
PF11443	DUF2828	2.1990350281968376
PF18097	Vta1_C	2.9037552158923443
PF08465	Herpes_TK_C	2.931255920642332
PF10463	Peptidase_U49	8.48910384904951
PF08402	TOBE_2	0.3094185031577559
PF21185	RecD_N	4.9360942322189025
PF05633	ROH1-like	2.995641539619804
PF06624	RAMP4	3.195641539619804
PF11962	Peptidase_G2	7.98910384904951
PF21552	TFC3_eWH	8.98910384904951
PF13842	Tnp_zf-ribbon_2	8.196622598688931
PF12619	MCM2_N	3.598311299344466
PF20678	HV_Gp350_C-term	5.218759867737219
PF21728	PADR1_N	1.4692577995483946
PF19743	ASTN1_2_fn3	5.218759867737219
PF11002	RDM	1.784720997494741
PF18946	Apex	8.196622598688931
PF04768	NAT	0.9371590502122462
PF10520	Lipid_desat	3.0341705552082834
PF16197	KAsynt_C_assoc	0.8028259825152668
PF10638	Sfi1_C	4.0983112993444655
PF00691	OmpA	0.5142808947214929
PF22906	GULLO2-like_3rd	4.9360942322189025
PF19737	FKTN_N	7.98910384904951
PF00497	SBP_bac_3	0.5720885916484657
PF06820	Phage_fiber_C	17.97820769809902
PF01399	PCI	0.10385418342899587
PF10662	PduV-EutP	2.565540866229644
PF12553	DUF3742	1.799155649672233
PF12410	rpo30_N	15.656279603211658
PF20548	DUF6762	17.97820769809902
PF13589	HATPase_c_3	0.30383039401843875
PF02615	Ldh_2	8.98910384904951
PF02433	FixO	4.0983112993444655
PF06434	Aconitase_2_N	4.9360942322189025
PF12989	DUF3873	17.97820769809902
PF13621	Cupin_8	0.6466906789370284
PF18577	ASTN_2_hairpin	7.828139801605829
PF21093	Nup188_N-subdom_III	2.4963679496831697
PF12498	bZIP_C	2.995641539619804
PF00698	Acyl_transf_1	0.35564956411822907
PF09604	Potass_KdpF	5.659402566033006
PF11490	DNA_pol3_a_NII	1.7111725282998598
PF20086	DUF6478	8.98910384904951
PF20861	Isd_H_B_linker	6.727322871021003
PF05335	DUF745	0.6638883989978964
PF16185	MTABC_N	7.404141348328354
PF20450	PPV_E1_DBD	3.885426534403886
PF07337	CagY_M	8.48910384904951
PF16731	GARP	3.2786490394755727
PF07579	DUF1548	5.659402566033006
PF04991	LicD	1.5864186644397695
PF02491	SHS2_FTSA	15.393245197377864
PF08817	YukD	1.3656279603211658
PF18600	Ezh2_MCSS_fung	17.97820769809902
PF03529	TF_Otx	6.904141348328354
PF21134	T4_UVSX_C	8.48910384904951
PF16109	DUF4827	8.98910384904951
PF10062	DUF2300	8.48910384904951
PF19585	DUF6092	17.97820769809902
PF18393	MotY_N	8.196622598688931
PF00594	Gla	0.8463517629395751
PF10924	DUF2711	5.326069232699673
PF07090	GATase1_like	5.659402566033006
PF09580	Spore_YhcN_YlaJ	2.995641539619804
PF13247	Fer4_11	0.9014754066772097
PF22964	ZER1-like_2nd	1.1064806649964938
PF00318	Ribosomal_S2	0.2768605678521046
PF02351	GDNF	13.58589027532026
PF02397	Bac_transf	4.9360942322189025
PF13726	Na_H_antiport_2	5.131081732459288
PF19808	DUF6291	17.97820769809902
PF14914	LRRC37AB_C	5.056950925347138
PF16172	DOCK_N	2.024407539434488
PF05381	Peptidase_C21	4.885426534403885
PF00620	RhoGAP	0.10723207686994776
PF05532	CsbD	2.565540866229644
PF03364	Polyketide_cyc	4.992735899366339
PF12983	DUF3867	17.97820769809902
PF19227	Salyut	3.6296940198654304
PF05013	FGase	17.97820769809902
PF05289	BLYB	2.2366113718873795
PF01194	RNA_pol_N	7.696622598688932
PF21051	ARMC9_LisH	0.905726018354684
PF03221	HTH_Tnp_Tc5	1.067356891388059
PF19445	eIF3h_C	1.527915024491944
PF10549	ORF11CD3	3.994551924524755
PF01960	ArgJ	8.48910384904951
PF20272	E2-Crich	8.48910384904951
PF03189	Otopetrin	2.398874199562977
PF12644	DUF3782	17.97820769809902
PF15633	Tox-ART-HYD1	17.97820769809902
PF07824	Chaperone_III	17.97820769809902
PF03802	CitX	3.6640699008029145
PF15155	MRFAP1	5.46441506579262
PF22034	B129_C2H2-zf	3.2786490394755727
PF07610	DUF1573	8.98910384904951
PF18024	HTH_50	2.4427132672019427
PF12285	Astrovir_pp_1	7.48910384904951
PF21767	SCC3_C	17.97820769809902
PF17281	DUF5346	4.0983112993444655
PF08312	cwf21	0.9610461244315718
PF15674	CCDC23	8.98910384904951
PF10240	DUF2464	5.326069232699673
PF08238	Sel1	0.44694829590311297
PF03888	MucB_RseB	15.393245197377864
PF14827	dCache_3	3.1312559206423316
PF09239	Topo-VIb_trans	1.611343107106085
PF06424	PRP1_N	2.398874199562977
PF13490	zf-HC2	0.8409153588776254
PF22601	RIM2a_ZnF	7.585426388020708
PF00549	Ligase_CoA	0.967935684156013
PF13773	DUF4170	17.97820769809902
PF01992	vATP-synt_AC39	2.1672646822916306
PF19033	Intu_longin_3	6.585426388020708
PF03354	TerL_ATPase	5.218759867737219
PF23019	DUF7033	5.659402566033006
PF00750	tRNA-synt_1d	0.5278048728620741
PF16156	DUF4864	8.48910384904951
PF13857	Ank_5	0.3879452565071465
PF17661	DUF5523	5.326069232699673
PF08939	Bles03	8.48910384904951
PF03805	CLAG	5.46441506579262
PF05939	Phage_min_tail	15.393245197377864
PF18241	AvrM-A	17.97820769809902
PF10593	Z1	8.48910384904951
PF08475	Baculo_VP91_N	3.848311299344466
PF01522	Polysacc_deac_1	0.43734089009904825
PF02091	tRNA-synt_2e	15.656279603211658
PF21402	NLRX1_C	5.218759867737219
PF09458	H_lectin	5.131081732459288
PF19534	DUF6059	3.1312559206423316
PF14207	DpnD-PcfM	5.659402566033006
PF11573	Med23	5.46441506579262
PF04113	Gpi16	16.97820769809902
PF07691	PA14	0.7466356164256924
PF15721	ANXA2R	17.97820769809902
PF13180	PDZ_2	0.624263372872104
PF21911	PG_1098_N	5.659402566033006
PF07418	PCEMA1	17.97820769809902
PF13067	DUF3930	8.48910384904951
PF01704	UDPGP	1.736343107106085
PF12659	Stn1_C	8.48910384904951
PF16271	DUF4924	5.659402566033006
PF15711	ILEI	2.4427132672019427
PF13898	MINDY-3_4_CD	7.585426388020708
PF04419	SERF-like_N	5.131081732459288
PF03243	MerB	14.656279603211658
PF20770	PAN2_N	4.311271192913521
PF08900	AcaB	15.656279603211658
PF09596	MamL-1	3.744551924524755
PF07161	LppX_LprAFG	3.0341705552082834
PF05728	UPF0227	8.48910384904951
PF06653	Claudin_3	5.218759867737219
PF11305	DUF3107	2.565540866229644
PF19308	CRISPR_Cas6_N	17.97820769809902
PF06711	DUF1198	8.98910384904951
PF18348	SH3_16	8.48910384904951
PF21220	RecQ-1-like_HTH	8.98910384904951
PF20846	PNMA_N	1.904907358332042
PF18748	HMUDK_HMUD1	2.834170555208283
PF11000	DUF2840	17.97820769809902
PF03702	AnmK	17.97820769809902
PF12719	Cnd3	2.0741108684945315
PF03446	NAD_binding_2	0.7899531757731731
PF09656	PGPGW	8.48910384904951
PF00942	CBM_3	0.8851845319971952
PF06536	Av_adeno_fibre	1.8148470099327152
PF10147	CR6_interact	8.48910384904951
PF09420	Nop16	1.4231425218507452
PF09730	BicD	3.078649039475573
PF06678	DUF1179	2.1672646822916306
PF14289	DUF4369	16.97820769809902
PF12104	Tcell_CD4_C	2.7616565393313417
PF19075	DUF5771	8.48910384904951
PF09807	ELP6	8.98910384904951
PF17376	DUF5398	2.4963679496831697
PF09778	Guanylate_cyc_2	17.97820769809902
PF17432	DUF3458_C	7.585426388020708
PF05875	Ceramidase	17.97820769809902
PF08181	DegQ	8.98910384904951
PF10078	DUF2316	8.48910384904951
PF20674	SpaA_3	17.97820769809902
PF03948	Ribosomal_L9_C	0.9264403068751859
PF04245	NA37	5.46441506579262
PF00525	Crystallin	3.861963425106753
PF01830	Peptidase_C7	8.48910384904951
PF00351	Biopterin_H	2.6240453405942894
PF20894	Tsp36_N	7.98910384904951
PF05674	DUF816	17.97820769809902
PF12547	ATXN-1_C	15.656279603211658
PF01745	IPT	1.2626108726648677
PF12307	DUF3631	8.98910384904951
PF07713	DUF1604	4.885426534403885
PF13094	CENP-Q	0.5199529261331431
PF08070	DTHCT	0.9566603712412759
PF09038	53-BP1_Tudor	8.48910384904951
PF20068	Amphi-Trp	4.0983112993444655
PF03170	BcsB	2.4427132672019427
PF18597	SH3_19	5.218759867737219
PF14515	HOASN	16.393245197377862
PF18614	RNase_II_C_S1	1.8148470099327152
PF21696	TECR_N	2.834170555208283
PF15410	PH_9	1.847687654105795
PF11196	DUF2834	5.326069232699673
PF17852	Dynein_AAA_lid	4.131081732459288
PF05256	UPF0223	17.97820769809902
PF17444	YhdX	5.659402566033006
PF16101	PRIMA1	0.18546380064563828
PF20435	ASY3-like	8.48910384904951
PF16040	APD1-4_N	7.828139801605829
PF13725	tRNA_bind_2	4.723617592013805
PF12509	DUF3715	3.994551924524755
PF12051	DUF3533	5.46441506579262
PF14397	ATPgrasp_ST	2.195641539619804
PF14812	PBP1_TM	0.23765150397983228
PF20176	DUF6541	17.97820769809902
PF07528	DZF_N	2.1556355964567606
PF12153	CAP18_C	4.444783836108098
PF10923	BrxC_BrxD	8.98910384904951
PF08148	DSHCT	2.3013804494427843
PF21286	CFAI_FIMAC_N	7.98910384904951
PF13013	F-box-like_2	4.0983112993444655
PF05541	Spheroidin	17.97820769809902
PF15135	UPF0515	8.48910384904951
PF02690	Na_Pi_cotrans	2.746056036931087
PF17261	DUF5327	1.3730280184655435
PF22071	FAP42_B2	16.97820769809902
PF21257	PHD_ash2p_like	3.792713194010354
PF02045	CBFB_NFYA	8.48910384904951
PF07981	Plasmod_MYXSPDY	17.97820769809902
PF21488	YqbF_HeH	3.9140699008029145
PF09098	Dehyd-heme_bind	3.195641539619804
PF14758	NSP2_assoc	3.1312559206423316
PF00958	GMP_synt_C	1.0857357581621225
PF07703	A2M_BRD	0.7575141689357154
PF19658	DUF6161	2.6093799338686097
PF11051	Mannosyl_trans3	1.0280889426698474
PF17313	DUF5359	17.97820769809902
PF06989	BAALC_N	8.98910384904951
PF19477	DUF6014	5.659402566033006
PF12646	DUF3783	3.994551924524755
PF11018	Cuticle_3	3.848311299344466
PF21118	DosC_2nd	2.0396811399939896
PF20280	CTD4	8.48910384904951
PF17050	AIM5	17.97820769809902
PF12054	DUF3535	3.792713194010354
PF02423	OCD_Mu_crystall	3.2786490394755727
PF02677	QueH	17.97820769809902
PF00950	ABC-3	5.326069232699673
PF18796	LPD1	7.98910384904951
PF04825	Rad21_Rec8_N	2.26431504588671
PF08631	SPO22	1.2213566336009714
PF08510	PIG-P	2.6909291484084013
PF13809	Tubulin_2	2.770847483697769
PF01693	Cauli_VI	1.1441900153879527
PF05195	AMP_N	3.7878326179946034
PF22068	Androglobin_II	5.659402566033006
PF17668	Acetyltransf_17	7.196622598688932
PF14481	Fimbrial_PilY2	17.97820769809902
PF02315	MDH	17.97820769809902
PF10077	DUF2314	16.97820769809902
PF00876	Innexin	17.97820769809902
PF12388	Peptidase_M57	17.97820769809902
PF21463	Cry1Ac_dom-VII	3.1136614355105015
PF19221	MELT	3.994551924524755
PF01555	N6_N4_Mtase	0.6243177300884672
PF15978	TnsD	5.659402566033006
PF20336	DUF6631	8.98910384904951
PF22438	FlgA_HD-like	4.8395920264872405
PF13610	DDE_Tnp_IS240	17.97820769809902
PF15775	DUF4703	5.659402566033006
PF22373	MG491_central	5.46441506579262
PF03907	Spo7	4.0983112993444655
PF22931	TNK-like_SAM	2.329701283016503
PF00347	Ribosomal_L6	0.7545898233143646
PF09085	Adhes-Ig_like	2.9037552158923443
PF10769	DUF2594	16.393245197377862
PF17238	DUF5311	17.97820769809902
PF01033	Somatomedin_B	1.4323049840942979
PF09153	MGMT_N	14.97820769809902
PF21508	MenC_N	2.9278552893510295
PF20042	DUF6444	3.2786490394755727
PF03769	Attacin_C	7.828139801605829
PF21269	TreT_GT1	15.170852776041416
PF02657	SufE	2.995641539619804
PF18061	CRISPR_Cas9_WED	4.0983112993444655
PF17979	zf-CRD	2.1397439568712886
PF18429	DUF5609	7.828139801605829
PF21694	DNA_pol3_delta_C	3.078649039475573
PF05423	Mycobact_memb	16.393245197377862
PF00838	TCTP	17.97820769809902
PF13767	DUF4168	5.326069232699673
PF10111	Glyco_tranf_2_2	2.0396811399939896
PF13822	ACC_epsilon	8.48910384904951
PF19621	DUF6126	17.97820769809902
PF17437	DUF5416	17.97820769809902
PF22949	HRI2_3H	1.784720997494741
PF06147	DUF968	8.48910384904951
PF21936	Pcf11_C	2.961656539331342
PF07524	Bromo_TP	1.3656279603211658
PF06556	ASFV_p27	4.6904390341635
PF00502	Phycobilisome	2.8142634204981003
PF01126	Heme_oxygenase	1.8320349504014573
PF08172	CASP_C	1.8148470099327152
PF06439	3keto-disac_hyd	1.7103605774864292
PF10011	DUF2254	3.994551924524755
PF22477	RepD-like_N	15.393245197377864
PF04760	IF2_N	0.1148221635884193
PF13524	Glyco_trans_1_2	0.8581425115409647
PF01629	DUF22	17.97820769809902
PF15609	PRTase_2	7.48910384904951
PF10297	Hap4_Hap_bind	3.848311299344466
PF08027	Albumin_I	7.196622598688932
PF09077	Phage-MuB_C	5.218759867737219
PF20786	DUF6840	8.98910384904951
PF17978	zf-RING_14	5.056950925347138
PF19957	EAD5	3.2786490394755727
PF12767	SAGA-Tad1	1.784720997494741
PF11081	Adeno_L433K_22K	5.46441506579262
PF16652	PH_13	1.6284755114679619
PF15132	DUF4568	17.97820769809902
PF11857	DUF3377	0.7261842834716944
PF00514	Arm	0.11043654120896354
PF21795	JAG1-like_EGF2	1.0824090078838846
PF05496	RuvB_N	0.4035419981001557
PF14516	AAA_35	8.48910384904951
PF19872	DUF6345	17.97820769809902
PF22235	FAS1_thioest_ins	2.8142634204981003
PF02264	LamB	6.94537242842434
PF00272	Cecropin	2.2038866993225916
PF05436	MF_alpha_N	1.8148470099327152
PF17955	Cas6b_N	17.97820769809902
PF09007	EBP50_C	3.598311299344466
PF18521	TAD2	2.931255920642332
PF14736	N_Asn_amidohyd	17.97820769809902
PF09581	Spore_III_AF	1.8722759622623775
PF05627	AvrRpt-cleavage	2.6093799338686097
PF11596	DUF3246	0.9679184052974481
PF06534	RGM_C	14.656279603211658
PF17867	AAA_lid_7	5.056950925347138
PF21479	DIKK1-2-4_C-subdom2	5.056950925347138
PF12623	Hen1_L	7.98910384904951
PF05453	Toxin_6	4.992735899366339
PF01918	Alba	3.792713194010354
PF12263	DUF3611	3.994551924524755
PF06794	UPF0270	16.97820769809902
PF12564	TypeIII_RM_meth	3.994551924524755
PF07786	HGSNAT_cat	5.218759867737219
PF06279	DUF1033	5.46441506579262
PF20762	DUF6836	8.98910384904951
PF12151	MVL	8.48910384904951
PF13982	YbfN	1.896356597005177
PF02601	Exonuc_VII_L	0.13435084345125312
PF19047	HOOK_N	1.2692805479236773
PF07444	Ycf66_N	15.656279603211658
PF08952	DUF1866	7.48910384904951
PF06862	Utp25_C	3.96358161894956
PF07424	TrbM	17.97820769809902
PF08392	FAE1_CUT1_RppA	2.6909291484084013
PF05803	Chordopox_L2	17.97820769809902
PF22097	McpB_HAMP_1st	8.48910384904951
PF00200	Disintegrin	0.8547590424493194
PF22530	Terminase-T7_RNaseH-like	5.131081732459288
PF13648	Lipocalin_4	4.244551924524755
PF15459	RRP14	8.48910384904951
PF00964	Elicitin	8.98910384904951
PF22033	Lamba1_VP3	3.792713194010354
PF09771	Tmemb_18A	3.994551924524755
PF21194	TadZ-like_ARD	17.97820769809902
PF14491	DUF4435	8.48910384904951
PF12569	NatA_aux_su	0.7547716819622367
PF04988	AKAP95	2.995641539619804
PF08285	DPM3	1.8722759622623775
PF03072	DUF237	3.542713194010354
PF12821	ThrE_2	17.97820769809902
PF21379	Gp6-like_1st	8.48910384904951
PF08264	Anticodon_1	0.1898682981917005
PF22273	DUF6956	17.97820769809902
PF18016	SAM_3	1.2070698163598117
PF12950	TaqI_C	3.6640699008029145
PF03785	Peptidase_C25_C	1.784720997494741
PF05949	DUF881	5.218759867737219
PF18323	CSN5_C	2.242440957007001
PF07655	Secretin_N_2	0.6828139801605829
PF05357	Phage_Coat_A	5.218759867737219
PF00110	wnt	5.131081732459288
PF08973	TM1506	8.196622598688931
PF02697	VAPB_antitox	4.0983112993444655
PF13700	DUF4158	4.797748399125954
PF14502	HTH_41	17.97820769809902
PF01293	PEPCK_ATP	3.9140699008029145
PF01886	DUF61	5.056950925347138
PF13892	DBINO	1.141085722126993
PF12133	bCoV_NS6	8.98910384904951
PF09813	Coa3_cc	1.8510353370820884
PF07238	PilZ	0.8789844540091089
PF20072	DUF6468	0.8398687047034075
PF17869	Cys_box	5.326069232699673
PF02028	BCCT	5.218759867737219
PF00403	HMA	0.2684950739693485
PF14945	LLC1	5.659402566033006
PF17735	BslA	16.97820769809902
PF08586	Rsc14	17.97820769809902
PF15814	FAM199X	1.4518776079461722
PF12871	PRP38_assoc	1.297820769809902
PF06775	Seipin	8.48910384904951
PF07698	7TM-7TMR_HD	3.1312559206423316
PF11470	TUG-UBL1	2.565540866229644
PF13924	Lipocalin_5	17.97820769809902
PF18477	PIN_9	5.218759867737219
PF16947	Ferredoxin_N	17.97820769809902
PF11074	DUF2779	5.46441506579262
PF06934	CTI	17.97820769809902
PF04492	Phage_rep_O	17.97820769809902
PF06401	Alpha-2-MRAP_C	7.98910384904951
PF17934	TetR_C_26	8.48910384904951
PF17646	Zemlya	8.98910384904951
PF19900	DUF6373	8.196622598688931
PF13163	DUF3999	17.97820769809902
PF16646	AXIN1_TNKS_BD	2.8555535959915854
PF04341	DUF485	2.995641539619804
PF05860	TPS	3.542713194010354
PF03831	YjdM	15.393245197377864
PF01349	Flavi_NS4B	4.040075567657149
PF02247	Como_LCP	2.4427132672019427
PF22346	CARDS_D3	17.97820769809902
PF04858	TH1	8.196622598688931
PF22607	FAD_binding-like	8.48910384904951
PF03065	Glyco_hydro_57	3.598311299344466
PF14567	SUKH_5	5.326069232699673
PF06231	DUF1010	8.98910384904951
PF08500	Tombus_P33	7.404141348328354
PF22019	GlgB_N	2.229063536786856
PF10745	DUF2530	1.9408414679028942
PF07463	NUMOD4	3.1312559206423316
PF18954	DUF5697	17.97820769809902
PF08050	Tet_res_leader	8.48910384904951
PF21667	Nop5_N	17.97820769809902
PF02218	HS1_rep	2.528475462673569
PF18431	RNAse_A_bac	8.98910384904951
PF05160	DSS1_SEM1	5.326069232699673
PF08888	HopJ	17.97820769809902
PF21052	EFR3_ARM	2.1672646822916306
PF09281	Taq-exonuc	3.792713194010354
PF16937	T3SS_HrpK1	17.97820769809902
PF17824	DUF5586	8.48910384904951
PF10802	DUF2540	17.97820769809902
PF13508	Acetyltransf_7	1.2231496129129096
PF09726	Macoilin	0.5462511841284663
PF12067	Sox17_18_mid	7.03565855124525
PF19434	OPA1_C	7.585426388020708
PF16598	Edc3_linker	3.744551924524755
PF00874	PRD	0.7383495849057012
PF02516	STT3	2.6341705552082835
PF11336	DUF3138	2.565540866229644
PF05644	Miff	5.326069232699673
PF09175	Vit_b-sht_shell	2.4680471161094513
PF02630	SCO1-SenC	5.46441506579262
PF19726	DUF6218	7.196622598688932
PF13932	GIDA_C	0.6670881545131291
PF14374	Ribos_L4_asso_C	4.425922659985975
PF10679	DUF2491	8.98910384904951
PF00674	DUP	14.393245197377864
PF11197	DUF2835	16.393245197377862
PF21063	Reovirus_L2_GTase	7.696622598688932
PF22022	Phage_int_M	2.34521951708175
PF01853	MOZ_SAS	2.5037552158923444
PF12739	TRAPPC-Trs85	8.98910384904951
PF03716	WCCH	4.797748399125954
PF17144	Ribosomal_L5e	1.1263962180432896
PF02366	PMT	0.9708196687293028
PF18305	DNA_pol_A_exoN	8.48910384904951
PF15958	DUF4761	5.659402566033006
PF12256	TcdB_toxin_midN	4.494551924524755
PF07361	Cytochrom_B562	0.8277245354406176
PF13712	Glyco_tranf_2_5	5.659402566033006
PF09306	Phage-scaffold	3.2786490394755727
PF22059	GumK_N	4.797748399125954
PF11894	Nup192	17.97820769809902
PF05472	Ter	13.656279603211658
PF08657	DASH_Spc34	8.196622598688931
PF08195	TRI9	5.659402566033006
PF19966	VMAP-M4	16.97820769809902
PF21011	CetZ_C	4.797748399125954
PF08719	NADAR	3.9140699008029145
PF19436	ACS_CODH_B_C	4.759255993319309
PF17392	Urocanase_C	5.284408380980659
PF01471	PG_binding_1	0.3748166634938224
PF15162	SCRE	17.97820769809902
PF12641	Flavodoxin_3	5.659402566033006
PF04356	DUF489	1.1809043980034513
PF21712	RASSF8-10_RA	1.3084768361252603
PF21098	PH-GRAM_MTMR6-like	6.904141348328354
PF02909	TetR_C_1	14.518776079461722
PF01093	Clusterin	5.46441506579262
PF08349	DUF1722	2.6093799338686097
PF08768	THAP4_heme-bd	3.598311299344466
PF09384	UTP15_C	7.138883989978964
PF00236	Hormone_6	16.393245197377862
PF03515	Cloacin	2.0937542290302367
PF00326	Peptidase_S9	0.4169447538568553
PF19796	DUF6280	17.97820769809902
PF03514	GRAS	0.8005176685410442
PF05478	Prominin	0.679294513766013
PF03989	DNA_gyraseA_C	3.710905882384881
PF08941	USP8_interact	5.131081732459288
PF10118	Metal_hydrol	7.98910384904951
PF08990	Docking	1.3890744856848682
PF07137	VDE	3.848311299344466
PF04651	Pox_A12	5.659402566033006
PF07123	PsbW	17.97820769809902
PF14801	TrmI-like_N	13.89074485684868
PF00673	Ribosomal_L5_C	1.1840299609542246
PF17985	SipA_VBS	1.924155649672233
PF14734	DUF4469	5.218759867737219
PF01014	Uricase	3.256002846928036
PF15010	FAM131	17.97820769809902
PF22100	VtrA_C	8.48910384904951
PF05954	Phage_GPD	13.89074485684868
PF17048	Ceramidse_alk_C	14.170852776041416
PF00992	Troponin	1.0349727493878467
PF16118	DUF4834	0.29571151446485844
PF07729	FCD	2.320633653350419
PF08577	PI31_Prot_C	3.702070674164177
PF01122	Cobalamin_bind	7.196622598688932
PF01964	ThiC_Rad_SAM	1.3914004226819916
PF11605	Vps36_ESCRT-II	3.6296940198654304
PF00540	Gag_p17	2.188956939312314
PF16004	EFTUD2	4.885426534403885
PF13360	PQQ_2	0.5188614599452419
PF14450	FtsA	0.9120538808907193
PF12474	PKK	2.7781489713697365
PF03839	Sec62	1.896356597005177
PF15481	CPG4	3.195641539619804
PF04820	Trp_halogenase	0.814000711732009
PF13481	AAA_25	0.5107501732988028
PF19288	CofH_C	1.521356597005177
PF22775	GA_3	2.6093799338686097
PF03607	DCX	1.1538914072033428
PF14672	LCE	2.0741108684945315
PF17103	Stealth_CR4	1.4187504813855634
PF21449	RIF2_ASCE	8.98910384904951
PF20501	MbhE	2.0864626799102868
PF11797	WxLIP_HBD	3.195641539619804
PF10991	Enc34_ssDNA-bd	17.97820769809902
PF13271	DUF4062	2.056177885339695
PF18033	SpuA_C	3.9140699008029145
PF00612	IQ	0.07339261341532562
PF01018	GTP1_OBG	2.0858491619818254
PF14659	Phage_int_SAM_3	2.961656539331342
PF22762	NrS1-pol-like_tail	17.97820769809902
PF20140	DUF6530	17.97820769809902
PF18739	HEPN_Apea	8.48910384904951
PF04195	Transposase_28	17.97820769809902
PF13194	DUF4010	8.48910384904951
PF03193	RsgA_GTPase	0.1737740259117376
PF22859	IBIN	3.1312559206423316
PF19320	GlfT2_domain3	8.196622598688931
PF04248	NTP_transf_9	8.48910384904951
PF04841	Vps16_N	14.656279603211658
PF18225	AbfS_sensor	16.393245197377862
PF12247	MKT1_N	2.565540866229644
PF09440	eIF3_N	2.4341705552082833
PF01239	PPTA	0.8652138465399346
PF21993	TetR_C_13_2	15.393245197377864
PF06791	TMP_2	2.1990350281968376
PF13077	DUF3909	8.48910384904951
PF06380	DUF1072	3.994551924524755
PF01133	ER	3.994551924524755
PF12387	Peptidase_C74	3.078649039475573
PF17697	DUF5543	8.48910384904951
PF03270	DUF269	8.48910384904951
PF07428	Tri3	8.48910384904951
PF02481	DNA_processg_A	2.995641539619804
PF21482	GLD3_KH3	8.98910384904951
PF19045	Ligase_CoA_2	7.828139801605829
PF20962	Phage_p2_ORF12	8.98910384904951
PF18868	zf-C2H2_3rep	1.8148470099327152
PF13478	XdhC_C	5.218759867737219
PF10472	CReP_N	8.196622598688931
PF20276	CTD1	4.0983112993444655
PF13687	DUF4153	8.48910384904951
PF17848	zf-ACC	0.5754198892874013
PF13866	zf-SAP30	14.393245197377864
PF09334	tRNA-synt_1g	0.24923368937943682
PF19451	DUF5989	3.9140699008029145
PF00727	IL4	8.48910384904951
PF00270	DEAD	0.026740792592890195
PF06363	Picorna_P3A	3.9140699008029145
PF21262	RRP40_S1	2.961656539331342
PF11189	DUF2973	3.2786490394755727
PF16880	EHD_N	3.4140699008029145
PF12501	DUF3708	3.195641539619804
PF04863	EGF_alliinase	7.696622598688932
PF01713	Smr	0.7519283275904779
PF02590	SPOUT_MTase	5.326069232699673
PF04955	HupE_UreJ	17.97820769809902
PF00582	Usp	0.6654559832277233
PF01346	FKBP_N	1.835560668736293
PF16925	TetR_C_13	4.797748399125954
PF13129	DUF3953	2.6093799338686097
PF17124	ThiJ_like	17.97820769809902
PF19678	DUF6180	17.97820769809902
PF13281	MAP3K_TRAF_bd	4.992735899366339
PF03807	F420_oxidored	0.7646942038600215
PF11471	Sugarporin_N	3.348311299344466
PF12075	KN_motif	1.3084768361252603
PF16064	DUF4806	5.659402566033006
PF10624	TraS	17.97820769809902
PF14478	DUF4430	7.196622598688932
PF06107	DUF951	17.97820769809902
PF06533	DUF1110	8.48910384904951
PF12300	RhlB	1.2627949869862438
PF01426	BAH	0.5367401225753049
PF01258	zf-dskA_traR	1.5342536329618564
PF02706	Wzz	0.5029715459371041
PF09776	Mitoc_L55	5.46441506579262
PF05503	Pox_G7	5.659402566033006
PF15500	Ntox1	6.98910384904951
PF16529	Ge1_WD40	1.172609758540875
PF05913	MupG_C	3.994551924524755
PF04445	SAM_MT	5.326069232699673
PF10046	BLOC1_2	0.3173201369809193
PF05689	InvE_AD	17.97820769809902
PF11107	FANCF	3.0341705552082834
PF11726	Inovirus_Gp2	8.98910384904951
PF04810	zf-Sec23_Sec24	1.2609834531132675
PF18395	Cas3_C	3.994551924524755
PF03790	KNOX1	1.2808282696656708
PF21714	KaiA_N	4.9360942322189025
PF13448	DUF4114	17.97820769809902
PF04183	IucA_IucC	2.7781489713697365
PF03045	DAN	4.0983112993444655
PF14176	YxiJ	8.98910384904951
PF18456	CmlA_N	17.97820769809902
PF01664	Reo_sigma1	5.46441506579262
PF10358	NT-C2	3.702070674164177
PF21484	Chp1-like_PIN	5.46441506579262
PF00567	TUDOR	0.3690015769997093
PF06897	DUF1269	5.326069232699673
PF07315	DUF1462	17.97820769809902
PF14852	Fis1_TPR_N	2.2129613299929876
PF08187	Tetradecapep	16.97820769809902
PF12068	PH_RBD	2.834170555208283
PF11801	Tom37_C	5.46441506579262
PF03504	Chlam_OMP6	4.630248285616227
PF20453	DUF6707	17.97820769809902
PF04073	tRNA_edit	0.8769834271398519
PF20238	BIM1-like_dom	5.46441506579262
PF09163	Form-deh_trans	7.48910384904951
PF03712	Cu2_monoox_C	6.611660097967776
PF18185	STALD	15.656279603211658
PF21313	EthR_C	7.585426388020708
PF11333	DUF3135	2.6093799338686097
PF21210	RNA_helicase_helical	8.48910384904951
PF01944	SpoIIM	7.696622598688932
PF12455	Dynactin	1.480828269665671
PF04034	Ribo_biogen_C	13.277767979957927
PF22776	K_trans_C	3.179805281840253
PF11813	DUF3334	5.46441506579262
PF12530	DUF3730	1.8722759622623775
PF02578	Cu-oxidase_4	7.696622598688932
PF02993	MCPVI	3.195641539619804
PF05923	APC_r	1.6856503084490462
PF15054	DUF4535	16.97820769809902
PF08320	PIG-X	2.115468956665244
PF04052	TolB_N	1.0989716507609644
PF15844	TMCCDC2	5.659402566033006
PF07002	Copine	3.1379857358492305
PF17802	SpaA	3.2786490394755727
PF11989	Dsl1_C	8.98910384904951
PF02864	STAT_bind	1.611343107106085
PF06550	SPP	16.393245197377862
PF08487	VIT	1.813257925605253
PF20840	DUF5382_N	2.6093799338686097
PF12816	Vps8	2.565540866229644
PF05116	S6PP	1.051710614723756
PF06488	L_lac_phage_MSP	16.393245197377862
PF01819	Levi_coat	16.393245197377862
PF10330	Stb3	5.659402566033006
PF08945	Bclx_interact	16.393245197377862
PF08335	GlnD_UR_UTase	0.5664399731687025
PF20941	DUF6848	4.0983112993444655
PF04700	Baculo_gp41	3.1312559206423316
PF05293	ASFV_L11L	8.48910384904951
PF09883	DUF2110	17.97820769809902
PF21711	DCTN5	8.196622598688931
PF19920	bpX4	17.97820769809902
PF10109	Phage_TAC_7	3.994551924524755
PF01405	PsbT	8.48910384904951
PF06197	DUF998	7.98910384904951
PF12204	DUF3598_N	8.98910384904951
PF22527	DEXQc_Suv3	2.717178055064052
PF00334	NDK	1.6010353370820884
PF10363	RTP1_C1	0.6437512418791296
PF11376	DUF3179	17.97820769809902
PF15794	CCDC106	1.4277767979957927
PF21761	RedAm-like_C	8.98910384904951
PF18478	PIN_10	17.97820769809902
PF11072	DUF2859	17.97820769809902
PF22676	GalA_N	17.97820769809902
PF11568	Med29	1.3791684341855832
PF18674	TarS_C1	3.0341705552082834
PF09787	Golgin_A5	0.46183604128889183
PF17302	DUF5351	2.398874199562977
PF16188	Peptidase_M24_C	3.985279961690188
PF04968	CHORD	1.6898470099327152
PF00517	GP41	0.5266354505154488
PF00891	Methyltransf_2	0.3846574318826273
PF03051	Peptidase_C1_2	7.585426388020708
PF20275	CTD10	8.98910384904951
PF09051	SNN_cytoplasm	15.97820769809902
PF11704	Folliculin	3.744551924524755
PF01781	Ribosomal_L38e	8.98910384904951
PF09894	DUF2121	17.97820769809902
PF14231	GXWXG	5.659402566033006
PF01153	Glypican	5.46441506579262
PF11339	DUF3141	7.696622598688932
PF13790	SR1P	5.659402566033006
PF03527	RHS	1.574539197337935
PF08387	FBD	0.5820707610960223
PF07697	7TMR-HDED	1.8510353370820884
PF02875	Mur_ligase_C	0.23489775783790198
PF16632	Caskin-tail	1.3518776079461723
PF02978	SRP_SPB	0.5980788344202005
PF13848	Thioredoxin_6	0.680518633056548
PF13127	DUF3955	5.659402566033006
PF18235	OST_P2	16.97820769809902
PF16332	DUF4962	5.131081732459288
PF00429	TLV_coat	1.3165471867948946
PF12780	AAA_8	1.0142377313367845
PF14538	Raptor_N	2.056177885339695
PF07898	DUF1676	4.0983112993444655
PF22399	DUF6979	8.98910384904951
PF21816	Zap1_zf1	0.8005176685410442
PF11354	DUF3156	4.0983112993444655
PF08690	GET2	3.1312559206423316
PF18526	DB_JBP1	2.931255920642332
PF12664	DUF3789	17.97820769809902
PF09668	Asp_protease	1.1680840619230957
PF10241	KxDL	0.48975259984946484
PF21073	GDH_HM1	7.98910384904951
PF16723	DUF5065	17.97820769809902
PF14511	RE_EcoO109I	17.97820769809902
PF05835	Synaphin	5.056950925347138
PF11126	Phage_DsbA	4.0983112993444655
PF02899	Phage_int_SAM_1	0.4476561366696795
PF17759	tRNA_synthFbeta	0.8609466416273022
PF11784	DUF3320	6.98910384904951
PF14530	DUF4439	4.0983112993444655
PF10971	DUF2773	17.97820769809902
PF05242	GLYCAM-1	5.46441506579262
PF02273	Acyl_transf_2	17.97820769809902
PF07201	HrpJ	3.195641539619804
PF03130	HEAT_PBS	4.162118200589781
PF14966	DNA_repr_REX1B	1.5531341886776688
PF17739	DUF5576	7.585426388020708
PF10427	Ago_hook	2.528475462673569
PF21870	GP180_GOLD	16.393245197377862
PF20544	DUF6758	8.98910384904951
PF04551	GcpE	1.1680840619230957
PF16974	NAR2	8.48910384904951
PF22978	Pex22_HAD-like	17.97820769809902
PF04626	DEC-1_C	16.393245197377862
PF03179	V-ATPase_G	2.6093799338686097
PF01907	Ribosomal_L37e	3.195641539619804
PF21708	Glyco_hydro_59_C	14.808282696656708
PF10811	DUF2532	17.97820769809902
PF14424	Toxin-deaminase	8.98910384904951
PF17225	DUF5301	5.659402566033006
PF10843	RGI1	3.0341705552082834
PF10212	PPP1R21_helical	3.9140699008029145
PF20385	DUF6680	8.48910384904951
PF04466	Terminase_3	3.0341705552082834
PF19175	DUF5857	17.97820769809902
PF01148	CTP_transf_1	1.8148470099327152
PF02602	HEM4	1.896356597005177
PF16065	DUF4807	2.4963679496831697
PF15356	SPR1	17.97820769809902
PF00118	Cpn60_TCP1	0.3237353431918654
PF22763	NrS1-1_pol-like_HBD	17.97820769809902
PF20465	MmeI_hel	3.2786490394755727
PF13555	AAA_29	1.6284755114679619
PF14362	DUF4407	0.1676571819790347
PF11855	DUF3375	2.565540866229644
PF06412	TraD	5.46441506579262
PF13613	HTH_Tnp_4	2.1672646822916306
PF18071	HMW1C_N	16.97820769809902
PF13102	Phage_int_SAM_5	2.961656539331342
PF13565	HTH_32	1.1898139983298273
PF09013	YopH_N	16.97820769809902
PF21458	SelB-wing_1_3	2.6093799338686097
PF14888	PBP-Tp47_c	17.97820769809902
PF07118	DUF1374	8.48910384904951
PF11032	ApoM	8.48910384904951
PF23014	PH_Tiam1	15.393245197377864
PF14761	HPS3_N	5.46441506579262
PF10768	FliX	17.97820769809902
PF03799	FtsQ_DivIB_C	2.272699570796762
PF12047	DNMT1-RFD	2.0396811399939896
PF21845	DUF6904	17.97820769809902
PF22371	P7_N_core	8.98910384904951
PF16176	T-box_assoc	7.585426388020708
PF05231	MASE1	2.4963679496831697
PF05698	Trigger_C	0.1803906768301237
PF13931	Microtub_bind	1.3084768361252603
PF01922	SRP19	5.46441506579262
PF20302	HisK-N-like	1.075246746007617
PF06490	FleQ	8.48910384904951
PF21043	Rv3651-like_C	17.97820769809902
PF07890	Rrp15p	8.48910384904951
PF04609	MCR_C	17.97820769809902
PF13883	Pyrid_oxidase_2	8.48910384904951
PF11173	DUF2960	17.97820769809902
PF04549	CD47	14.518776079461722
PF04931	DNA_pol_phi	0.32613803150994375
PF16668	JLPA	17.97820769809902
PF05991	NYN_YacP	5.46441506579262
PF18523	Sld3_N	5.46441506579262
PF03873	RseA_C	2.398874199562977
PF10761	DUF2590	17.97820769809902
PF00336	DNA_pol_viral_C	3.9294610464063338
PF17708	Gasdermin_C	13.97820769809902
PF02910	Succ_DH_flav_C	0.8193152184214516
PF08321	PPP5	1.972611813808101
PF11668	Gp_UL130	17.97820769809902
PF17991	Thioredoxin_10	16.393245197377862
PF22655	SpoU_sub_bind_like	17.97820769809902
PF05298	Bombinin	3.078649039475573
PF00928	Adap_comp_sub	1.3188536934800943
PF03953	Tubulin_C	0.7711411537482558
PF00358	PTS_EIIA_1	0.7913122160880567
PF15874	Il2rg	3.078649039475573
PF06369	Anemone_cytotox	8.48910384904951
PF11701	UNC45-central	0.7440691776321035
PF19845	DUF6320	8.48910384904951
PF09122	DUF1930	8.98910384904951
PF19687	MARF1_LOTUS	2.4427132672019427
PF20608	Phage_tube_C	16.393245197377862
PF14260	zf-C4pol	0.9371590502122462
PF21027	Sde0182_C	8.48910384904951
PF17981	ADD_ATRX	2.961656539331342
PF22880	DUF7019	8.48910384904951
PF03466	LysR_substrate	0.576457512245972
PF11752	DUF3309	8.48910384904951
PF20852	nsP3_ZBD	3.292713194010354
PF21108	MDN1_4th	15.97820769809902
PF11627	HnRNPA1_LC	14.0713171024905
PF14777	BBIP10	5.659402566033006
PF15377	DUF4604	2.528475462673569
PF10738	Lpp-LpqN	8.196622598688931
PF19195	DUF5870	4.0983112993444655
PF17876	CSD2	1.3915897058943305
PF04295	GD_AH_second	3.542713194010354
PF03960	ArsC	1.574539197337935
PF19721	DUF6215	8.48910384904951
PF11759	KRTAP	3.1312559206423316
PF15938	DUF4750	8.48910384904951
PF00792	PI3K_C2	1.5689928679246152
PF06822	DUF1235	8.98910384904951
PF20307	divDNAB	2.6630346163498366
PF22638	FlgK_D1	0.7717080476027044
PF07221	GlcNAc_2-epim	5.659402566033006
PF14118	YfzA	3.994551924524755
PF00033	Cytochrome_B	0.25812502542407395
PF10252	PP28	7.328139801605829
PF22830	CATSPERB_head	4.0983112993444655
PF17155	GAPES1	17.97820769809902
PF00022	Actin	0.6654559832277233
PF04336	ACP_PD	1.2340235580547256
PF09917	DUF2147	8.48910384904951
PF22053	DUF6938	17.97820769809902
PF17254	DUF5321	5.46441506579262
PF02884	Lyase_8_C	4.797748399125954
PF17181	EPF	5.218759867737219
PF13622	4HBT_3	15.656279603211658
PF08472	S6PP_C	2.34521951708175
PF03128	CXCXC	3.6640699008029145
PF09959	DUF2193	17.97820769809902
PF15863	EELM2	16.97820769809902
PF11212	DUF2999	5.659402566033006
PF14683	CBM-like	6.759388039730861
PF06614	Neuromodulin	14.518776079461722
PF18450	zf_C2H2_6	17.97820769809902
PF05154	TM2	1.1809043980034513
PF04131	NanE	1.2551942943396923
PF02384	N6_Mtase	1.5020862310513023
PF18324	Isocitrate_DH_C_bact	2.931255920642332
PF16018	Anillin_N	2.1672646822916306
PF05533	Peptidase_C42	16.97820769809902
PF07336	ABATE	2.1990350281968376
PF17965	MucBP_2	2.0706031410702304
PF00098	zf-CCHC	0.1398996039484769
PF19337	BAMBI_C	2.961656539331342
PF15943	YdaS_toxin	2.9037552158923443
PF00095	WAP	1.1912118507641247
PF18922	DUF5672	17.97820769809902
PF06024	Orf78	0.2988959971267641
PF04314	PCuAC	5.326069232699673
PF11419	DUF3194	3.2786490394755727
PF01485	IBR	0.5083828469233379
PF02461	AMO	17.97820769809902
PF20075	DUF6471	2.6630346163498366
PF13528	Glyco_trans_1_3	3.569441994989482
PF18690	DUF5639	17.97820769809902
PF14167	YfkD	17.97820769809902
PF17273	DUF5338	3.2786490394755727
PF11706	zf-CGNR	5.218759867737219
PF09840	DUF2067	5.659402566033006
PF14239	RRXRR	3.9140699008029145
PF06766	Hydrophobin_2	8.48910384904951
PF22541	DUF7005	17.97820769809902
PF07502	MANEC	4.8395920264872405
PF13912	zf-C2H2_6	0.47313842314377347
PF13393	tRNA-synt_His	0.21894726882492693
PF15779	LRRC37	7.696622598688932
PF07284	BCHF	17.97820769809902
PF13401	AAA_22	0.1661276708936013
PF17416	Glycoprot_B_PH1	3.1136614355105015
PF22635	I-TevI_ZnF	8.98910384904951
PF14430	Imm1	17.97820769809902
PF00295	Glyco_hydro_28	0.9580496724647697
PF08938	HBS1_N	1.3984322528133621
PF12905	Glyco_hydro_101	8.196622598688931
PF01345	DUF11	2.26431504588671
PF13830	DUF4192	8.48910384904951
PF00627	UBA	0.2272938130590705
PF01183	Glyco_hydro_25	2.1397439568712886
PF08265	YL1_C	4.8395920264872405
PF12724	Flavodoxin_5	8.48910384904951
PF15603	Imm74	17.97820769809902
PF21478	GcvP2_C	2.4073698859669856
PF14988	DUF4515	3.1312559206423316
PF21292	EME1-MUS81_C	2.6048022775424293
PF20624	DMRT5_DMB	14.277767979957927
PF11692	DUF3289	17.97820769809902
PF01248	Ribosomal_L7Ae	1.2627949869862438
PF03580	Herpes_UL14	17.97820769809902
PF17263	DUF5329	17.97820769809902
PF07281	INSIG	2.1397439568712886
PF02082	Rrf2	2.7781489713697365
PF10565	NMDAR2_C	6.98910384904951
PF06854	Phage_Gp15	5.659402566033006
PF22389	Dcr1-like_dsRNA-bd_dom	8.48910384904951
PF07479	NAD_Gly3P_dh_C	0.5129894032591982
PF04321	RmlD_sub_bind	2.961656539331342
PF11891	RETICULATA-like	2.931255920642332
PF12147	Methyltransf_20	17.97820769809902
PF01599	Ribosomal_S27	2.0864626799102868
PF00771	FHIPEP	17.97820769809902
PF05853	BKACE	5.659402566033006
PF11137	DUF2909	8.48910384904951
PF11560	LAP2alpha	8.196622598688931
PF04969	CS	0.4019406759728158
PF10444	Nbl1_Borealin_N	1.138023300267638
PF14340	DUF4395	17.97820769809902
PF20808	MINT_RAM7	2.4963679496831697
PF16274	Qua1	4.759255993319309
PF07225	NDUF_B4	17.97820769809902
PF03946	Ribosomal_L11_N	1.365595475423583
PF00233	PDEase_I	0.4759841186008909
PF01226	Form_Nir_trans	5.46441506579262
PF02422	Keratin	4.0983112993444655
PF08509	Ad_cyc_g-alpha	3.195641539619804
PF16428	DUF5025	5.659402566033006
PF16415	CNOT1_CAF1_bind	2.995641539619804
PF10234	Cluap1	2.0937542290302367
PF15934	Yuri_gagarin	3.195641539619804
PF10717	ODV-E18	2.115468956665244
PF22301	AUDH_beta_propeller	5.46441506579262
PF00983	Tymo_coat	17.97820769809902
PF00391	PEP-utilizers	0.8471094933413026
PF00208	ELFV_dehydrog	2.1258959087735887
PF10917	Fungus-induced	1.1798370634635473
PF13891	zf-C3Hc3H	4.797748399125954
PF01433	Peptidase_M1	0.8361294801016038
PF04354	ZipA_C	0.5633293271535392
PF10076	Phage_Mu_Gp48	3.078649039475573
PF13084	DUF3943	16.97820769809902
PF00730	HhH-GPD	0.751500711732009
PF14662	KASH_CCD	0.42486621858198115
PF16606	zf-C2H2_assoc	8.196622598688931
PF07309	FlaF	3.195641539619804
PF17765	MLTR_LBD	3.2786490394755727
PF18546	MetOD1	4.0983112993444655
PF00140	Sigma70_r1_2	1.0109297002701316
PF06484	Ten_N	7.138883989978964
PF18569	Thioredoxin_16	2.1397439568712886
PF07227	PHD_Oberon	4.8395920264872405
PF16082	Phage_holin_2_4	5.659402566033006
PF06763	Minor_tail_Z	17.97820769809902
PF00640	PID	0.5185614586258214
PF21471	Reelin_subrepeat-B	3.792713194010354
PF16545	CCM2_C	1.7589146378113125
PF16599	PTN13_u3	16.97820769809902
PF12992	DUF3876	16.97820769809902
PF04894	Nre_N	5.218759867737219
PF09019	EcoRII-C	17.97820769809902
PF09035	Tn916-Xis	17.97820769809902
PF13500	AAA_26	0.3644078799463516
PF19507	DUF6041	8.48910384904951
PF22127	NtdA_N	2.565540866229644
PF01262	AlaDh_PNT_C	0.6538196851372261
PF04534	Herpes_UL56	5.326069232699673
PF04138	GtrA	5.326069232699673
PF00961	LAGLIDADG_1	0.9238438270528975
PF07141	Phage_term_sma	17.97820769809902
PF06840	PDC10_C	2.528475462673569
PF04433	SWIRM	0.714430451996134
PF20478	P2RX7_C	16.393245197377862
PF03374	ANT	5.46441506579262
PF05189	RTC_insert	4.0983112993444655
PF04290	DctQ	2.024407539434488
PF13072	MciZ	3.1312559206423316
PF04802	PP4R3	2.276046600535276
PF17764	PriA_3primeBD	1.9220922488631436
PF05024	Gpi1	17.97820769809902
PF09003	Arm-DNA-bind_1	5.131081732459288
PF19469	DUF6006	17.97820769809902
PF08782	c-SKI_SMAD_bind	1.5342536329618564
PF08763	Ca_chan_IQ	6.404141348328354
PF07540	NOC3p	0.9380878068327
PF08635	ox_reductase_C	3.9140699008029145
PF19048	SidE_mART	5.659402566033006
PF22755	E217_gp28	8.48910384904951
PF06666	DUF1173	17.97820769809902
PF08084	PROCT	14.97820769809902
PF12468	TTSSLRR	2.746056036931087
PF12585	DUF3759	4.0983112993444655
PF07777	MFMR	4.797748399125954
PF09827	CRISPR_Cas2	17.97820769809902
PF13300	DUF4078	3.9140699008029145
PF21097	SR_plectin_7	1.1441900153879527
PF13886	DUF4203	5.46441506579262
PF16066	DUF4808	3.702070674164177
PF13248	zf-ribbon_3	0.1803056060220105
PF18002	T6_Ig_like	17.97820769809902
PF03670	UPF0184	2.6630346163498366
PF04862	DUF642	15.656279603211658
PF16725	Nucleolin_bd	3.9140699008029145
PF21131	eEFSec_4th	8.196622598688931
PF07490	Tir_receptor_N	7.328139801605829
PF00515	TPR_1	0.0687971252934117
PF13974	YebO	1.2213566336009714
PF19824	Tlp	2.6630346163498366
PF19677	DUF6179	8.48910384904951
PF16803	DRE2_N	1.5001159718248878
PF14153	Spore_coat_CotO	1.465627960321166
PF11990	DUF3487	3.9140699008029145
PF17290	Arena_ncap_C	13.393245197377864
PF10168	Nup88	2.565540866229644
PF19627	ADNP_N	7.585426388020708
PF08757	CotH	8.48910384904951
PF05737	Collagen_bind	4.0983112993444655
PF11087	PRD1_DD	5.46441506579262
PF08934	Rb_C	3.244551924524755
PF07252	DUF1433	2.73220753289631
PF21151	CSN1_C	15.170852776041416
PF14389	Lzipper-MIP1	0.417088436163351
PF08569	Mo25	5.46441506579262
PF16877	DUF5078	5.659402566033006
PF00444	Ribosomal_L36	17.97820769809902
PF12958	DUF3847	8.48910384904951
PF01941	AdoMet_Synthase	17.97820769809902
PF11225	DUF3024	17.97820769809902
PF07271	Cytadhesin_P30	2.6093799338686097
PF21035	CCDC138_C	3.702070674164177
PF17364	DUF5389	8.196622598688931
PF15557	CAF1-p150_N	4.992735899366339
PF22681	Lmo2446-like_N	17.97820769809902
PF07977	FabA	1.0889279725544563
PF07803	GSG-1	4.992735899366339
PF07403	DUF1505	5.659402566033006
PF14351	DUF4401	8.98910384904951
PF08600	Rsm1	5.056950925347138
PF06628	Catalase-rel	1.3320349504014573
PF00596	Aldolase_II	0.8889567672216196
PF13580	SIS_2	1.0546899669343048
PF16314	DUF4954	3.994551924524755
PF03199	GSH_synthase	17.97820769809902
PF03636	Glyco_hydro_65N	3.292713194010354
PF15117	UPF0697	17.97820769809902
PF04935	SURF6	5.218759867737219
PF04697	Pinin_SDK_N	5.056950925347138
PF18728	HEPN_AbiV	4.244551924524755
PF09696	Ctf8	15.656279603211658
PF01518	PolyG_pol	17.97820769809902
PF10755	DUF2585	17.97820769809902
PF15086	UPF0542	1.9968868140141456
PF10677	DUF2490	5.46441506579262
PF06371	Drf_GBD	0.7727186158739882
PF04039	MnhB	8.196622598688931
PF12685	SpoIIIAH	1.2414799639283325
PF03489	SapB_2	1.488138355264207
PF05224	NDT80_PhoG	3.598311299344466
PF20600	ExoX-like_C	1.2175677452161695
PF03826	OAR	2.9325700461638586
PF07926	TPR_MLP1_2	0.13525728253173536
PF05149	Flagellar_rod	1.3791684341855832
PF18261	Rpn9_C	4.8395920264872405
PF09792	But2	17.97820769809902
PF18023	FKBP_N_2	17.97820769809902
PF03731	Ku_N	12.848924681154053
PF08970	Sda	16.97820769809902
PF21468	Tor_FN3_2nd	4.244551924524755
PF12439	GDE_N	8.48910384904951
PF00178	Ets	0.6571366988107964
PF18679	HTH_57	8.48910384904951
PF05008	V-SNARE	1.9508970861730939
PF06155	GBBH-like_N	3.4140699008029145
PF23021	PGAP2IP_TM_2nd	3.9140699008029145
PF10805	DUF2730	0.46683275366037497
PF15702	HPS6	16.393245197377862
PF16461	Phage_TTP_12	17.97820769809902
PF18642	IMPa_helical	5.659402566033006
PF06085	Rz1	5.659402566033006
PF04764	DUF613	5.218759867737219
PF03266	NTPase_1	0.4603837448874529
PF12822	ECF_trnsprt	2.6093799338686097
PF07219	HemY_N	0.632813980160583
PF22326	MMS21_N	8.196622598688931
PF00970	FAD_binding_6	0.40988960490068593
PF16537	T2SSB	3.994551924524755
PF03528	Rabaptin	4.9360942322189025
PF01118	Semialdhyde_dh	0.5754462643288922
PF09868	DUF2095	5.46441506579262
PF01132	EFP	1.6579914777931686
PF13338	AbiEi_4	2.8555535959915854
PF05057	DUF676	1.3323890548374235
PF01455	HupF_HypC	5.46441506579262
PF20333	DUF6628	16.97820769809902
PF22206	Cas_Csm6_6H	7.98910384904951
PF00076	RRM_1	0.030256985679780746
PF03576	Peptidase_S58	17.97820769809902
PF22705	C2-set_3	0.6384377166235036
PF13556	HTH_30	2.3348853899843833
PF09337	zf-H2C2	2.4427132672019427
PF03066	Nucleoplasmin	2.024407539434488
PF22766	ZW10_C2	2.878649039475573
PF02156	Glyco_hydro_26	2.4963679496831697
PF00365	PFK	1.2454645742042008
PF12945	PilZNR	3.078649039475573
PF22065	Cep192_D7	5.659402566033006
PF14679	FANCI_HD1	3.1312559206423316
PF20165	KBTB_W-LIR	5.46441506579262
PF21606	BgaA-like_CBM	17.97820769809902
PF06074	DUF935	16.97820769809902
PF11119	DUF2633	3.542713194010354
PF10209	DUF2340	8.48910384904951
PF19803	DUF6286	4.0983112993444655
PF01824	MatK_N	2.1507920666880236
PF13404	HTH_AsnC-type	1.3518776079461723
PF04665	Pox_A32	3.792713194010354
PF10740	DUF2529	8.48910384904951
PF15218	SPATA25	17.97820769809902
PF01415	IL7	17.97820769809902
PF04434	SWIM	0.48893280783742205
PF09076	Crystall_2	8.196622598688931
PF21958	SOGP_N	17.97820769809902
PF02026	RyR	1.2627949869862438
PF00955	HCO3_cotransp	2.03280799742906
PF11094	UL11	4.0983112993444655
PF10907	DUF2749	1.1161037664481552
PF12454	Ecm33	7.98910384904951
PF18982	JetA	8.48910384904951
PF10934	DUF2634	5.659402566033006
PF14788	EF-hand_10	3.9140699008029145
PF18310	DUF5605	17.97820769809902
PF01145	Band_7	0.3879452565071465
PF02184	HAT	2.834170555208283
PF22701	Mala_s_1-like	5.46441506579262
PF17082	Spc29	1.0280889426698474
PF12039	DUF3525	3.9140699008029145
PF13540	RCC1_2	0.8030577925721283
PF22850	CATSPERD-E_C	2.961656539331342
PF20748	RecJ_C_Deinoc	17.97820769809902
PF09731	Mitofilin	0.4179388518266016
PF05757	PsbQ	1.784720997494741
PF03173	CHB_HEX	5.056950925347138
PF16978	CRIM	2.34521951708175
PF02110	HK	2.242440957007001
PF14361	RsbRD_N	3.195641539619804
PF05050	Methyltransf_21	3.1312559206423316
PF08996	zf-DNA_Pol	7.138883989978964
PF05790	C2-set	1.2070698163598117
PF10054	DUF2291	8.98910384904951
PF16736	sCache_like	2.4680471161094513
PF07852	DUF1642	8.196622598688931
PF05545	FixQ	0.48067435918885254
PF22030	DWORF	8.196622598688931
PF16452	Phage_CI_C	16.393245197377862
PF01516	Orbi_VP6	3.9140699008029145
PF05543	Peptidase_C47	2.7312559206423317
PF11498	Activator_LAG-3	0.8923604987473704
PF21060	Reovirus_L2_6th	7.696622598688932
PF03283	PAE	3.994551924524755
PF00757	Furin-like	3.348311299344466
PF16661	Lactamase_B_6	1.080976805168062
PF09967	DUF2201	1.924155649672233
PF06975	DUF1299	17.97820769809902
PF19102	DUF5789	8.98910384904951
PF11833	CPP1-like	1.051721307790078
PF05257	CHAP	1.1505708730192417
PF16031	TonB_N	1.0257193467941765
PF20648	DUF6809	1.8148470099327152
PF22520	Crb2_Tudor	8.98910384904951
PF18841	B_solenoid_dext	5.46441506579262
PF22987	KDM3B_Tudor	3.6640699008029145
PF02814	UreE_N	3.4352607853758412
PF01247	Ribosomal_L35Ae	7.03565855124525
PF07739	TipAS	1.1648506415082516
PF17156	GAPES2	16.97820769809902
PF13629	T2SS-T3SS_pil_N	5.46441506579262
PF18691	Cdc13_OB2	8.98910384904951
PF04440	Dysbindin	3.994551924524755
PF08962	Rv2632c-like	8.48910384904951
PF22357	AF1548-like_C	5.326069232699673
PF19243	DUF5892	3.994551924524755
PF17074	Darcynin	5.46441506579262
PF18891	FANCL_d3	3.994551924524755
PF16498	SWIRM-assoc_3	3.9140699008029145
PF14970	TEDC1	4.0983112993444655
PF21730	Vma22_CCDC115	3.195641539619804
PF18326	RFX5_N	5.056950925347138
PF13515	FUSC_2	1.1111959590270244
PF22634	POL2_thumb	1.7260353370820884
PF17817	PDZ_5	5.056950925347138
PF21147	AMPK_alpha_AID	7.196622598688932
PF10962	DUF2764	17.97820769809902
PF02922	CBM_48	0.6490022476417379
PF11973	NQRA_SLBB	12.024011387712145
PF01803	LIM_bind	1.7070349504014573
PF07372	DUF1491	8.196622598688931
PF14403	CP_ATPgrasp_2	7.98910384904951
PF14509	GH97_C	16.393245197377862
PF02826	2-Hacid_dh_C	0.6049835729764526
PF09534	Trp_oprn_chp	0.9518511986638618
PF16903	Capsid_N	3.3335878770810736
PF02310	B12-binding	0.5935667357872593
PF12715	Abhydrolase_7	17.97820769809902
PF22662	Csa3_N	2.1990350281968376
PF06003	SMN_Tudor	1.3946603270441023
PF05529	Bap31	2.3618087960069025
PF04817	Umbravirus_LDM	17.97820769809902
PF04740	LXG	1.6284755114679619
PF21236	PRS7_OB	6.94537242842434
PF05145	AbrB	17.97820769809902
PF19081	Ig_7	15.393245197377864
PF11679	DUF3275	4.0983112993444655
PF11594	Med28	2.4963679496831697
PF22350	Int_EF-hand	3.078649039475573
PF21469	BH1974-like_central	17.97820769809902
PF22514	EXPB1_D1	3.9140699008029145
PF22841	CATSPERE_NTD1	16.393245197377862
PF17835	NOG1_N	2.2883800307759055
PF17851	GH43_C2	14.97820769809902
PF13411	MerR_1	0.5736661678854971
PF13948	DUF4215	2.1397439568712886
PF01359	Transposase_1	8.48910384904951
PF07130	YebG	2.1397439568712886
PF14668	RICTOR_V	1.6284755114679619
PF00974	Rhabdo_glycop	3.1312559206423316
PF14471	DUF4428	2.0937542290302367
PF22117	Nqo3_Fer4	2.4726995707967623
PF21435	Gln_amidase_like	5.46441506579262
PF10443	RNA12	2.242440957007001
PF04000	Sas10_Utp3	1.4277767979957927
PF17658	DUF5520	15.97820769809902
PF18411	Annexin_2	5.218759867737219
PF18087	RuBisCo_chap_C	14.808282696656708
PF04129	Vps52_CC	7.585426388020708
PF01570	Flavi_propep	5.934841620660425
PF08666	SAF	3.47268621421217
PF21232	Yme1-like_N	16.97820769809902
PF14929	TAF1_subA	5.326069232699673
PF00803	3A	8.48910384904951
PF22715	SNaCT9	3.2786490394755727
PF01356	A_amylase_inhib	8.98910384904951
PF16859	TetR_C_11	0.8449235049663576
PF18974	DUF5710	3.2786490394755727
PF07200	Mod_r	0.5085892383052135
PF16799	VGPC1_C	5.131081732459288
PF19950	DUF6412	5.659402566033006
PF02178	AT_hook	0.2029616975782687
PF00638	Ran_BP1	0.9610461244315718
PF17973	bMG10	1.771356597005177
PF00855	PWWP	0.30770540734833607
PF06658	DUF1168	5.659402566033006
PF08098	ATX_III	16.97820769809902
PF07459	CTX_RstB	8.98910384904951
PF18723	HMUDK_hel	5.46441506579262
PF04471	Mrr_cat	2.565540866229644
PF15096	G6B	16.97820769809902
PF04294	VanW	5.46441506579262
PF08780	NTase_sub_bind	17.97820769809902
PF02087	Nitrophorin	17.97820769809902
PF22428	Dis32-like_C	5.659402566033006
PF12546	Cryptochrome_C	5.659402566033006
PF02987	LEA_4	1.3656279603211658
PF09933	DUF2165	17.97820769809902
PF02591	zf-RING_7	2.528475462673569
PF02714	RSN1_7TM	1.8297546709509582
PF08391	Ly49	3.267829275622625
PF02393	US22	1.7539668542797038
PF03842	Silic_transp	17.97820769809902
PF15765	DUF4694	8.48910384904951
PF22887	DUF7022	17.97820769809902
PF15189	MEIOC	17.97820769809902
PF16042	DUF4794	17.97820769809902
PF14549	P22_Cro	17.97820769809902
PF09845	DUF2072	5.659402566033006
PF20768	Topo_VI_alpha	4.506258693153907
PF21691	LDL	3.994551924524755
PF08280	HTH_Mga	3.1312559206423316
PF18121	TFA2_Winged_2	0.8222475116528835
PF14304	CSTF_C	4.759255993319309
PF03477	ATP-cone	0.17987316229548336
PF14802	TMEM192	8.48910384904951
PF17158	MASE4	8.196622598688931
PF22092	T26-6p_Ig-like_dom	8.48910384904951
PF13205	Big_5	1.8510353370820884
PF22152	Permu_RdRp_palm	5.218759867737219
PF23000	ChitinSynthase_IV_N	5.46441506579262
PF08366	LLGL	6.98910384904951
PF01751	Toprim	0.2775051728777583
PF12321	DUF3634	17.97820769809902
PF11186	DUF2972	17.97820769809902
PF07726	AAA_3	2.361656539331342
PF09660	DUF2397	17.97820769809902
PF02623	FliW	3.9140699008029145
PF22016	DUF6933	8.48910384904951
PF17796	Vault_4	4.602760898885569
PF12653	DUF3785	5.659402566033006
PF02900	LigB	8.196622598688931
PF15854	GPR15L	3.078649039475573
PF02907	Peptidase_S29	2.5537508664940143
PF06479	Ribonuc_2-5A	1.6667939385405368
PF13376	OmdA	3.1312559206423316
PF06734	UL97	3.9140699008029145
PF05213	Corona_NS2A	2.6240453405942894
PF09275	Pertus-S4-tox	8.98910384904951
PF02228	Gag_p19	13.334351508324294
PF09842	DUF2069	8.196622598688931
PF14264	Glucos_trans_II	8.48910384904951
PF14061	Mtf2_C	2.4197960132436203
PF09994	T6SS_Tle1-like_cat	5.46441506579262
PF06093	Spt4	8.48910384904951
PF06622	SepQ	17.97820769809902
PF11180	DUF2968	8.48910384904951
PF11103	DUF2887	17.97820769809902
PF11999	Ice_binding	5.46441506579262
PF16619	SUIM_assoc	0.34839850964455893
PF19285	NmU-R2_C_term	2.6093799338686097
PF06652	Methuselah_N	7.196622598688932
PF21765	A2MG_CUB	3.994551924524755
PF15977	HTH_46	7.828139801605829
PF13143	DUF3986	8.98910384904951
PF08655	DASH_Ask1	1.6856503084490462
PF08507	COPI_assoc	16.97820769809902
PF07752	S-layer	5.46441506579262
PF00864	P2X_receptor	4.992735899366339
PF04987	PigN	3.494551924524755
PF00027	cNMP_binding	0.11948163148089859
PF01712	dNK	0.4656135489942355
PF07662	Nucleos_tra2_C	3.3796940198654304
PF04750	Far-17a_AIG1	7.328139801605829
PF09855	zinc_ribbon_13	3.994551924524755
PF04852	ALOG_dom	2.1397439568712886
PF08307	Glyco_hydro_98C	7.98910384904951
PF10218	SPRING1	8.196622598688931
PF08558	TRF	2.056177885339695
PF21483	CdiA_helical	8.48910384904951
PF04179	Init_tRNA_PT	8.196622598688931
PF12341	Mcl1_mid	3.848311299344466
PF18920	DUF5671	3.1312559206423316
PF06291	Lambda_Bor	3.9140699008029145
PF08599	Nbs1_C	4.885426534403885
PF16782	SIL1	2.4197960132436203
PF12981	DUF3865	3.078649039475573
PF02565	RecO_C	2.258190965430277
PF02675	AdoMet_dc	1.2231496129129096
PF21692	Talin_R4	2.995641539619804
PF11738	DUF3298	3.848311299344466
PF02271	UCR_14kD	8.98910384904951
PF22790	YkoP	3.2786490394755727
PF04904	NCD1	7.404141348328354
PF15227	zf-C3HC4_4	0.6436605708511255
PF14693	Ribosomal_TL5_C	4.628554254695917
PF21971	LINC-PINT	5.326069232699673
PF06390	NESP55	1.6453647440729675
PF12697	Abhydrolase_6	0.6807270304600297
PF01315	Ald_Xan_dh_C	2.4001855549198208
PF00875	DNA_photolyase	2.0118861837484165
PF21461	HL_N-beta	2.1397439568712886
PF05368	NmrA	0.5401573411487557
PF18695	cPLA2_C2	4.992735899366339
PF20113	DUF6503	8.196622598688931
PF17260	DUF5326	1.4393245197377864
PF14282	FlxA	1.0824090078838846
PF21929	GpP_4th	8.98910384904951
PF08197	TT_ORF2a	8.48910384904951
PF06736	TMEM175	2.4680471161094513
PF10978	DUF2785	7.696622598688932
PF21243	ECT2_BRCT0	16.97820769809902
PF07264	EI24	4.0983112993444655
PF15555	DUF4658	8.48910384904951
PF22249	ERMP1-TM	7.696622598688932
PF02931	Neur_chan_LBD	10.024011387712145
PF17827	PrmC_N	1.276261622418816
PF16053	MRP-S34	17.97820769809902
PF16959	Collectrin	4.9360942322189025
PF17900	Peptidase_M1_N	0.838568623157553
PF08034	TES	8.48910384904951
PF21602	GldM_3rd	8.98910384904951
PF10461	Peptidase_S68	8.48910384904951
PF16700	SNCAIP_SNCA_bd	2.1990350281968376
PF17002	DUF5089	3.47268621421217
PF02182	SAD_SRA	1.3223320195935553
PF16832	EKLF_TAD1	8.196622598688931
PF18741	MTES_1575	2.961656539331342
PF19386	DUF5961	15.97820769809902
PF16970	FimA	16.393245197377862
PF07628	DUF1589	17.97820769809902
PF16814	Read-through	3.1312559206423316
PF06119	NIDO	1.0257193467941765
PF19035	TSP1_CCN	4.444783836108098
PF04454	Linocin_M18	17.97820769809902
PF11385	DUF3189	17.97820769809902
PF11940	DUF3458	2.4680471161094513
PF02369	Big_1	1.4277767979957927
PF04461	DUF520	1.2414799639283325
PF03644	Glyco_hydro_85	8.48910384904951
PF07435	YycH	8.98910384904951
PF16226	DUF4885	17.97820769809902
PF05932	CesT	16.97820769809902
PF19696	DUF6196	5.659402566033006
PF08858	IDEAL	2.065540866229644
PF04795	PAPA-1	1.4393245197377864
PF01681	C6	5.659402566033006
PF07282	OrfB_Zn_ribbon	0.5472126206660982
PF07804	HipA_C	7.696622598688932
PF07515	TraI_2_C	8.98910384904951
PF08813	Phage_tail_3	17.97820769809902
PF13444	Acetyltransf_5	17.97820769809902
PF09819	ABC_cobalt	16.393245197377862
PF17956	NAPRTase_C	2.717178055064052
PF10669	Phage_Gp23	3.2786490394755727
PF11575	FhuF_C	3.994551924524755
PF08169	RBB1NT	5.131081732459288
PF19470	DUF6007	2.565540866229644
PF17968	Tlr3_TMD	3.078649039475573
PF22186	HI1480	5.659402566033006
PF14025	DUF4241	17.97820769809902
PF17454	Bee_toxin	17.97820769809902
PF01851	PC_rep	0.7980471457793794
PF05511	ATP-synt_F6	7.98910384904951
PF02216	B	1.3277767979957928
PF17380	DUF5401	1.2414799639283325
PF13716	CRAL_TRIO_2	1.01640399871453
PF11826	RctB_central	8.98910384904951
PF04375	HemX	3.744551924524755
PF12036	DUF3522	2.1397439568712886
PF13207	AAA_17	0.30772081940632284
PF09441	Abp2	17.97820769809902
PF11203	EccE	1.799155649672233
PF13387	DUF4105	8.48910384904951
PF16592	Cas9_REC	5.218759867737219
PF22327	Nudt16-like	4.0983112993444655
PF10920	DUF2705	5.659402566033006
PF08953	DUF1899	1.8241077617814385
PF09270	BTD	7.138883989978964
PF14753	FAM221	17.97820769809902
PF21981	RecX_HTH3	1.0024011387712146
PF01066	CDP-OH_P_transf	0.6585426388020709
PF16714	TyrRSs_C	7.696622598688932
PF10716	NdhL	17.97820769809902
PF11187	Mbeg1-like	17.97820769809902
PF16475	DUF5052	8.98910384904951
PF14779	BBS1	2.1397439568712886
PF17522	DUF5446	2.2366113718873795
PF11823	Se_S_carrier	3.1312559206423316
PF22910	EDR4-like_1st	5.659402566033006
PF01876	RNase_P_p30	4.056950925347138
PF14872	GHL5	8.98910384904951
PF03502	Channel_Tsx	15.170852776041416
PF11650	P22_Tail-4	17.97820769809902
PF08774	VRR_NUC	2.878649039475573
PF18026	Exog_C	7.828139801605829
PF03540	TFIID_30kDa	3.195641539619804
PF20186	DUF6549	5.659402566033006
PF14815	NUDIX_4	4.630248285616227
PF18358	Tudor_4	2.4963679496831697
PF10377	ATG11	0.5683181348908913
PF09287	CEP1-DNA_bind	3.994551924524755
PF18935	DUF5683	7.98910384904951
PF12344	UvrB	0.7849822487358629
PF15177	IL28A	17.97820769809902
PF18603	LAL_C2	2.1672646822916306
PF15539	CAF1-p150_C2	15.170852776041416
PF18211	Csm1_B	2.528475462673569
PF15205	PLAC9	8.48910384904951
PF06762	LMF1	3.078649039475573
PF09846	DUF2073	3.1312559206423316
PF07354	Sp38	7.48910384904951
PF08518	GIT_SHD	1.6284755114679619
PF16739	CARD_2	3.0341705552082834
PF02789	Peptidase_M17_N	2.304164116413635
PF01687	Flavokinase	3.47268621421217
PF21670	HOOK_N_NuMA	8.48910384904951
PF05964	FYRN	1.3223320195935553
PF02969	TAF	2.834170555208283
PF19228	DUF5881	8.98910384904951
PF06496	DUF1097	5.218759867737219
PF01981	PTH2	1.6642452997887798
PF04929	Herpes_DNAp_acc	2.1397439568712886
PF14671	DSPn	4.759255993319309
PF10479	BLTP1_C	0.7187515580637714
PF15275	PEHE	7.98910384904951
PF14643	DUF4455	1.5170852776041417
PF10956	DUF2756	17.97820769809902
PF04957	RMF	17.97820769809902
PF09789	CC149	0.7717080476027044
PF06804	Lipoprotein_18	5.326069232699673
PF04485	NblA	17.97820769809902
PF21277	T6SS_VgrG3-like_C	17.97820769809902
PF10320	7TM_GPCR_Srsx	1.3393245197377865
PF20430	Eplus_motif	0.6747301798764896
PF10975	DUF2802	8.48910384904951
PF22921	FKRP_N	16.97820769809902
PF08794	FHBP_C	5.326069232699673
PF01031	Dynamin_M	0.7241181422075162
PF17814	LisH_TPL	1.2692805479236773
PF11001	DUF2841	5.218759867737219
PF21407	SduA_N	5.46441506579262
PF11239	DUF3040	0.7778423644667971
PF18126	Mitoc_mL59	5.659402566033006
PF02172	KIX	1.835560668736293
PF19231	DUF5884	17.97820769809902
PF02847	MA3	0.57039084276662
PF05038	Cytochrom_B558a	5.46441506579262
PF05754	DUF834	3.994551924524755
PF17880	Yos9_DD	16.393245197377862
PF11767	SET_assoc	1.1212204785035005
PF07203	DUF1412	5.659402566033006
PF05767	Pox_A14	1.0370554342472658
PF00366	Ribosomal_S17	0.9891402701100708
PF06896	Phage_TAC_3	17.97820769809902
PF22482	AsnC_trans_reg_3	5.131081732459288
PF19012	DUF5741	3.2786490394755727
PF18127	NAMPT_N	15.170852776041416
PF09508	Lact_bio_phlase	7.828139801605829
PF22863	TraI_middle	3.1312559206423316
PF14984	CD24	8.48910384904951
PF21354	STAT_linker	6.466906789370283
PF07318	DUF1464	17.97820769809902
PF01895	PhoU	1.0302914878319842
PF04190	GET4	2.115468956665244
PF07419	PilM	8.48910384904951
PF19295	SufBD_N	2.5616565393313415
PF09492	Pec_lyase	17.97820769809902
PF06221	zf-C2HC5	2.1672646822916306
PF02830	V4R	3.994551924524755
PF20673	Gag_spuma_C	15.97820769809902
PF13368	Toprim_C_rpt	2.717178055064052
PF12320	SbcD_C	4.425922659985975
PF21246	Usp38-like_N	16.393245197377862
PF20841	NtrZ	7.696622598688932
PF05837	CENP-H	2.115468956665244
PF03698	UPF0180	1.6453647440729675
PF15213	CDRT4	4.0983112993444655
PF01501	Glyco_transf_8	0.5502730262265938
PF08212	Lipocalin_2	7.828139801605829
PF11671	Apis_Csd	3.994551924524755
PF10888	DUF2742	8.48910384904951
PF12137	RapA_C	11.083389934791075
PF09722	Xre_MbcA_ParS_C	1.4634280862268239
PF05505	Ebola_NP	8.98910384904951
PF00212	ANP	0.7150468565958031
PF01464	SLT	0.44507568311729884
PF10145	PhageMin_Tail	0.8794573189056563
PF22622	MFE-2_hydrat-2_N	4.797748399125954
PF19875	DUF6348	17.97820769809902
PF08474	MYT1	3.6296940198654304
PF18281	BILBO1_N	7.98910384904951
PF03177	Nucleoporin_C	3.494551924524755
PF16679	CDT1_C	1.784720997494741
PF04569	DUF591	8.196622598688931
PF01728	FtsJ	0.23297421813163224
PF13927	Ig_3	0.0643681932993222
PF17832	Pre-PUA	4.464415065792621
PF06639	BAP	17.97820769809902
PF13245	AAA_19	0.5202647750737226
PF19306	Lhr_WH	5.326069232699673
PF00884	Sulfatase	0.42883279421625475
PF13882	Bravo_FIGEY	13.730280184655435
PF07552	Coat_X	8.196622598688931
PF20718	Med16_bridge	3.744551924524755
PF15683	TDRP	17.97820769809902
PF12185	IR1-M	3.0341705552082834
PF06726	BC10	17.97820769809902
PF17952	Cas6_N	8.196622598688931
PF01722	BolA	2.6093799338686097
PF18384	zf_CCCH_5	5.056950925347138
PF04424	MINDY_DUB	8.48910384904951
PF04071	zf-like	17.97820769809902
PF19749	DUF6236	17.97820769809902
PF13220	DUF4028	7.98910384904951
PF11938	DUF3456	1.2627949869862438
PF05275	CopB	8.48910384904951
PF01370	Epimerase	0.3149468241629656
PF22907	Ams1-like_1st	15.393245197377864
PF00172	Zn_clus	0.1254095325248601
PF04892	VanZ	17.97820769809902
PF12567	CD45	8.196622598688931
PF12973	Cupin_7	8.48910384904951
PF15852	DUF4724	17.97820769809902
PF10870	DUF2729	8.48910384904951
PF17972	bMG5	5.056950925347138
PF03534	SpvB	5.131081732459288
PF05475	Chlam_vir	7.98910384904951
PF22851	CATSPERG_Ig-like	7.98910384904951
PF06750	A24_N_bact	6.759388039730861
PF10313	DUF2415	4.0983112993444655
PF06687	SUR7	1.0982898446121483
PF14727	PHTB1_N	3.848311299344466
PF05989	Chordopox_A35R	17.97820769809902
PF06069	PerC	17.97820769809902
PF04645	DUF603	8.48910384904951
PF02146	SIR2	0.36803992981619027
PF11181	YflT	5.326069232699673
PF17388	GP24_25	1.8510353370820884
PF21699	TM1266-like	8.48910384904951
PF19717	DUF6212	3.0341705552082834
PF11603	Sir1	2.7616565393313417
PF09579	Spore_YtfJ	8.48910384904951
PF16801	MSL1_dimer	5.218759867737219
PF16610	dbPDZ_assoc	3.9140699008029145
PF12301	CD99L2	2.528475462673569
PF21514	FimA-like_C	8.196622598688931
PF15253	STIL_N	3.994551924524755
PF05603	Hikeshi-like_N	14.0713171024905
PF14485	DUF4431	3.195641539619804
PF15511	CENP-T_C	1.5799063515463463
PF10787	YfmQ	17.97820769809902
PF07705	CARDB	2.6093799338686097
PF15248	DUF4587	16.97820769809902
PF11545	HemeBinding_Shp	17.97820769809902
PF08058	NPCC	8.48910384904951
PF21132	MFD_D3	1.1798370634635473
PF16805	Trans_coact	8.98910384904951
PF06430	L_lactis_RepB_C	17.97820769809902
PF08476	VD10_N	4.8395920264872405
PF09302	XLF	1.8148470099327152
PF01881	Cas_Cas6_C	1.799155649672233
PF19755	DUF6242	7.98910384904951
PF18831	LRR_11	3.1312559206423316
PF22340	TubZ_C_3	5.46441506579262
PF18178	Cap17-like_N	16.97820769809902
PF11591	2Fe-2S_Ferredox	17.97820769809902
PF04842	DUF639	5.056950925347138
PF10236	DAP3	8.48910384904951
PF01292	Ni_hydr_CYTB	1.4578029669968273
PF00804	Syntaxin	0.4015823453512044
PF06819	Arc_PepC	3.994551924524755
PF04423	Rad50_zn_hook	0.4729168271285211
PF12810	Gly_rich	1.8320349504014573
PF16539	FlgT_M	17.97820769809902
PF01614	IclR	2.134713782776118
PF17990	LodA_N	8.48910384904951
PF03099	BPL_LplA_LipB	1.7260353370820884
PF18937	DUF5685	15.656279603211658
PF22687	BRCA2_TR2	3.792713194010354
PF14806	Coatomer_b_Cpla	2.717178055064052
PF04032	Rpr2	5.46441506579262
PF11556	EBA-175_VI	3.848311299344466
PF08030	NAD_binding_6	1.0252516345416298
PF01965	DJ-1_PfpI	1.3393245197377865
PF19662	DUF6165	16.97820769809902
PF06441	EHN	5.46441506579262
PF19776	DUF6262	2.834170555208283
PF10039	DUF2275	3.078649039475573
PF09538	FYDLN_acid	1.4170852776041416
PF16874	Glyco_hydro_36C	2.7781489713697365
PF13646	HEAT_2	0.1252508356041269
PF10167	BORCS8	5.659402566033006
PF19259	Ty3_capsid	5.218759867737219
PF12737	Mating_C	5.46441506579262
PF00293	NUDIX	0.2678673394251976
PF04707	PRELI	7.259388039730861
PF00595	PDZ	0.07985905940651228
PF10230	LIDHydrolase	5.46441506579262
PF01253	SUI1	1.032770433114822
PF19312	NtrY_N	15.170852776041416
PF20061	DUF6460	17.97820769809902
PF15106	TMEM156	8.48910384904951
PF14088	DUF4268	8.48910384904951
PF06963	FPN1	5.326069232699673
PF16256	DUF4911	17.97820769809902
PF21405	AMG1_II	7.404141348328354
PF06480	FtsH_ext	0.2969498627822247
PF10263	SprT-like	1.0510602148016022
PF20049	DUF6451	8.48910384904951
PF22230	Csx1_CARF	3.994551924524755
PF21204	Ebp1_C	17.97820769809902
PF17664	HOATZ-like	8.48910384904951
PF13539	Peptidase_M15_4	3.994551924524755
PF01643	Acyl-ACP_TE	7.138883989978964
PF19582	AdeT1_2	17.97820769809902
PF16297	DUF4939	1.1809043980034513
PF12525	DUF3726	8.196622598688931
PF05133	Phage_prot_Gp6	17.97820769809902
PF22892	DSRM_MRPL44	7.696622598688932
PF18258	IL4_i_Ig	15.656279603211658
PF02500	DNA_pack_N	4.52863009177342
PF07877	DUF1661	4.244551924524755
PF03370	CBM_21	3.1312559206423316
PF01551	Peptidase_M23	0.372253703363789
PF14690	zf-ISL3	1.3323890548374235
PF18337	Tudor_RapA	1.8432240768040709
PF17514	DUF5442	5.46441506579262
PF12415	rpo132	3.47268621421217
PF19032	Intu_longin_2	6.727322871021003
PF00324	AA_permease	0.8148880130623701
PF09272	Hepsin-SRCR	7.828139801605829
PF12575	Pox_EPC_I2-L1	1.4393245197377864
PF10884	DUF2683	5.659402566033006
PF14704	DERM	17.97820769809902
PF21710	Spt6_S1	2.6048022775424293
PF11304	DUF3106	0.7018079741223312
PF20795	DUF6841	8.196622598688931
PF09772	Tmem26	17.97820769809902
PF12638	Staygreen	2.6630346163498366
PF21357	EIF3E_C	2.0159274414561965
PF18300	DUF5604	5.326069232699673
PF08841	DDR	5.326069232699673
PF14535	AMP-binding_C_2	2.2038866993225916
PF09349	OHCU_decarbox	3.1312559206423316
PF04174	CP_ATPgrasp_1	16.393245197377862
PF04507	DUF576	2.4197960132436203
PF18052	Rx_N	0.8478345172372035
PF20784	DUF5575_C	16.97820769809902
PF00047	ig	0.351998818138528
PF16696	ZFYVE21_C	7.98910384904951
PF04520	Senescence_reg	8.48910384904951
PF02952	Fucose_iso_C	2.994551924524755
PF01267	F-actin_cap_A	5.46441506579262
PF15756	DUF4690	1.8722759622623775
PF13546	DDE_5	17.97820769809902
PF17370	DUF5392	5.131081732459288
PF16943	T4SS_CagC	7.98910384904951
PF22930	PDXDC1-like_cen	3.792713194010354
PF17969	Ldt_C	2.4197960132436203
PF15901	Sortilin_C	1.4616006849045964
PF18470	Cas9_a	2.995641539619804
PF13517	FG-GAP_3	0.6560113351485723
PF09823	DUF2357	8.196622598688931
PF12181	MogR_DNAbind	7.98910384904951
PF15904	LIP1	4.992735899366339
PF12078	DUF3557	8.98910384904951
PF18270	Evf	17.97820769809902
PF11657	Activator-TraM	8.48910384904951
PF14331	IcmF-related_N	4.244551924524755
PF08919	F_actin_bind	1.799155649672233
PF02174	IRS	0.6946048645092181
PF03447	NAD_binding_3	1.911735509650054
PF06004	DUF903	3.078649039475573
PF02812	ELFV_dehydrog_N	2.758923298189945
PF07557	Shugoshin_C	0.7843736181367232
PF11951	Fungal_trans_2	1.659720997494741
PF04523	Herpes_U30	17.97820769809902
PF20500	DNA-PKcs_N	15.393245197377864
PF02785	Biotin_carb_C	0.7845836221646714
PF22411	Mre11_2nd	5.326069232699673
PF09995	MPAB_Lcp_cat	17.97820769809902
PF20792	VCD	15.97820769809902
PF10445	DUF2456	8.48910384904951
PF18534	HBD	7.696622598688932
PF20394	DUF6688	8.48910384904951
PF15741	LRIF1	8.48910384904951
PF12745	HGTP_anticodon2	4.797748399125954
PF07323	DUF1465	17.97820769809902
PF17433	Glyco_hydro_49N	5.326069232699673
PF01094	ANF_receptor	0.4353227571059536
PF01606	Arteri_env	17.97820769809902
PF21206	Roquin_1_2-like_ROQ	2.1397439568712886
PF06229	FRG1	3.6296940198654304
PF15454	LAMTOR	8.48910384904951
PF01289	Thiol_cytolysin	6.727322871021003
PF13702	Lysozyme_like	2.6093799338686097
PF17353	DUF5381	5.659402566033006
PF12860	PAS_7	1.3616552452817292
PF11683	DUF3278	16.393245197377862
PF21906	NrtR_WHD	8.48910384904951
PF15196	Harakiri	17.97820769809902
PF04204	HTS	17.97820769809902
PF19253	DUF5900	4.885426534403885
PF02277	DBI_PRT	5.326069232699673
PF21953	NadN_nucleosid_C	5.326069232699673
PF13569	DUF4132	8.48910384904951
PF17957	Big_7	0.7440691776321035
PF18483	Bact_lectin	1.138023300267638
PF20037	DUF6440	17.97820769809902
PF01059	Oxidored_q5_N	2.712231170288513
PF02211	NHase_beta_C	4.9360942322189025
PF19286	ZSWIM1-3_C	1.8510353370820884
PF17792	ThiD2	4.630248285616227
PF05745	CRPA	2.995641539619804
PF07935	SSV1_ORF_D-335	17.97820769809902
PF20766	DUF447_C	5.326069232699673
PF07865	DUF1652	3.1312559206423316
PF17875	RPA43_OB	1.3890744856848682
PF02709	Glyco_transf_7C	1.7837649431099063
PF14314	Methyltrans_Mon_2nd	1.524605998071795
PF09666	Sororin	17.97820769809902
PF03545	YopE	3.702070674164177
PF22623	zf-CCCH_9	1.2482072895141305
PF18479	PIN_11	5.46441506579262
PF16235	DUF4894	8.98910384904951
PF22868	YmiA-like	17.97820769809902
PF00615	RGS	0.28577737651113533
PF16534	ULD	7.828139801605829
PF02588	YitT_membrane	4.723617592013805
PF20574	DUF6783	17.97820769809902
PF04326	SLFN_AlbA_2	1.0213667676890714
PF02064	MAS20	3.1312559206423316
PF19026	HYPK_UBA	0.6471133985058295
PF21957	zn_beta_ribbon-like	8.48910384904951
PF15923	DUF4745	17.97820769809902
PF16861	Carbam_trans_C	14.170852776041416
PF18471	Ribosomal_L27_C	15.393245197377864
PF14996	RMP	5.218759867737219
PF07863	CtnDOT_TraJ	3.1312559206423316
PF01943	Polysacc_synt	3.517829275622625
PF03337	Pox_F12L	5.659402566033006
PF18784	CRM1_repeat_2	3.6640699008029145
PF01159	Ribosomal_L6e	3.542713194010354
PF22942	DUF7025	17.97820769809902
PF13018	ESPR	1.881550396577345
PF03944	Endotoxin_C	1.6526881088516165
PF16110	DUF4828	8.48910384904951
PF04457	MJ1316	3.195641539619804
PF21532	Bin2_C	7.828139801605829
PF07083	DUF1351	17.97820769809902
PF15867	Dynein_attach_N	2.995641539619804
PF00359	PTS_EIIA_2	1.4323049840942979
PF01833	TIG	0.24178168033641095
PF07439	DUF1515	1.2098980066218101
PF13597	NRDD	3.848311299344466
PF17842	dsRBD2	2.2366113718873795
PF03796	DnaB_C	0.9533265536444511
PF15140	DUF4573	1.465627960321166
PF10015	ThermoDBP-RP_arch	3.569441994989482
PF01683	EB	0.8736379811311887
PF15187	Augurin	5.659402566033006
PF16884	ADH_N_2	4.444783836108098
PF12924	APP_Cu_bd	3.452070674164177
PF12210	Hrs_helical	1.8722759622623775
PF11923	NFACT-C	3.848311299344466
PF00404	Dockerin_1	0.4071179255961592
PF18832	LPD18	5.46441506579262
PF11976	Rad60-SLD	1.012203769717244
PF03033	Glyco_transf_28	0.6978817794260689
PF12044	Metallopep	5.218759867737219
PF00572	Ribosomal_L13	0.6424462340577026
PF06047	Nkap_C	7.585426388020708
PF09848	SLFN-g3_helicase	2.398874199562977
PF19344	TetR_C_32	16.97820769809902
PF01500	Keratin_B2	6.865140092327717
PF17198	AveC_like	17.97820769809902
PF07664	FeoB_C	4.341337129237381
PF17171	GST_C_6	2.666870301664859
PF06584	DIRP	1.799155649672233
PF17578	DUF5481	8.48910384904951
PF21294	Polysacc_lyase_14	8.48910384904951
PF10876	Phage_TAC_9	8.196622598688931
PF18845	baeRF_family3	8.48910384904951
PF22846	CATSPERG_C	15.97820769809902
PF00554	RHD_DNA_bind	3.155163923370234
PF08714	Fae	14.170852776041416
PF22927	INT1_R3	2.4197960132436203
PF16359	RcsD_ABL	8.98910384904951
PF00239	Resolvase	1.0353015705351152
PF06543	Lac_bphage_repr	17.97820769809902
PF14661	HAUS6_N	17.97820769809902
PF02128	Peptidase_M36	2.391167977014113
PF08705	Gag_p6	4.1729253598205736
PF19623	DUF6128	13.808282696656708
PF09234	DUF1963	8.98910384904951
PF00537	Toxin_3	1.5434160952054088
PF10543	ORF6N	8.48910384904951
PF12056	DUF3537	17.97820769809902
PF15148	Apolipo_F	8.196622598688931
PF04503	SSDP	8.48910384904951
PF13157	Enas	3.994551924524755
PF19791	DUF6275	7.03565855124525
PF04289	DUF447_N	5.326069232699673
PF16403	Bact_surface_Ig-like	2.2826010997284314
PF03146	NtA	16.97820769809902
PF22402	Coat_P	15.656279603211658
PF20423	AceK_regulatory	11.059344460824425
PF13468	Glyoxalase_3	2.1397439568712886
PF10734	DUF2523	17.97820769809902
PF04513	Baculo_PEP_C	0.11193843916957945
PF00761	Polyoma_coat2	8.196622598688931
PF21530	Pif1_2B_dom	2.2531293465769533
PF20009	GEVED	5.46441506579262
PF02760	HIN	7.03565855124525
PF05434	Tmemb_9	5.659402566033006
PF10110	GPDPase_memb	8.48910384904951
PF10819	DUF2564	7.98910384904951
PF00186	DHFR_1	3.348311299344466
PF08548	Peptidase_M10_C	1.7472759622623775
PF10283	zf-CCHH	1.4170852776041416
PF10304	RTP1_C2	7.696622598688932
PF15439	NYAP_N	3.744551924524755
PF15478	LKAAEAR	17.97820769809902
PF22572	GPR158_179_EC	5.056950925347138
PF11248	DUF3046	8.48910384904951
PF20552	HTH_62	3.3796940198654304
PF22377	TarS_C2	16.97820769809902
PF21079	GDH_HM2	7.98910384904951
PF13238	AAA_18	0.20964215578938825
PF10300	Iml2-TPR_39	1.3890744856848682
PF01995	NRD1_2	8.196622598688931
PF18181	SLATT_1	8.98910384904951
PF21244	PurT_C	1.1279621345342337
PF15800	CiPC	5.659402566033006
PF04739	AMPKBI	3.452070674164177
PF13522	GATase_6	0.7429127764330907
PF20638	ATG5_UblA	6.259388039730861
PF10512	Borealin	3.598311299344466
PF22266	DUF6953	5.659402566033006
PF10966	DUF2768	5.46441506579262
PF15548	DUF4655	17.97820769809902
PF14475	Mso1_Sec1_bdg	8.196622598688931
PF02507	PSI_PsaF	15.170852776041416
PF07773	TCTN_DUF1619	7.48910384904951
PF13772	AIG2_2	17.97820769809902
PF14030	DUF4245	3.9140699008029145
PF04335	VirB8	17.97820769809902
PF18678	AOC_like	4.0983112993444655
PF05824	Pro-MCH	17.97820769809902
PF03957	Jun	4.52863009177342
PF02302	PTS_IIB	0.6012005693856073
PF19463	DUF6000	17.97820769809902
PF16020	Deltameth_res	4.0983112993444655
PF05448	AXE1	3.1312559206423316
PF22984	Med14_RM6	3.702070674164177
PF16994	Glyco_trans_4_5	5.659402566033006
PF14251	DUF4346	2.8142634204981003
PF09336	Vps4_C	1.8373352312853575
PF04452	Methyltrans_RNA	1.659720997494741
PF15345	TMEM51	0.6828139801605829
PF06067	DUF932	17.97820769809902
PF22382	EndoS_helical	17.97820769809902
PF19021	Cmr7A	17.97820769809902
PF04103	CD20	0.7952221223212778
PF10336	DUF2420	4.0983112993444655
PF09893	DUF2120	5.46441506579262
PF11734	TilS_C	0.5562535137874377
PF01189	Methyltr_RsmB-F	0.48974860669522347
PF03718	Glyco_hydro_49	7.828139801605829
PF18929	DUF5678	1.924155649672233
PF06552	TOM20_plant	17.97820769809902
PF21242	ECT2_PH	3.9140699008029145
PF13836	DUF4195	3.792713194010354
PF20159	YidB	4.0983112993444655
PF00665	rve	0.2830498667297827
PF15749	MRNIP	17.97820769809902
PF21222	Lamp2_2nd	1.9843921224069543
PF22593	SPMIP11	5.659402566033006
PF03168	LEA_2	1.8320349504014573
PF00087	Toxin_TOLIP	17.97820769809902
PF21030	WDR93	8.98910384904951
PF16073	SAT	0.9754800167868577
PF06910	MEA1	17.97820769809902
PF18487	TSR	7.828139801605829
PF07122	VLPT	16.97820769809902
PF19972	TCAD3	17.97820769809902
PF04110	APG12	5.46441506579262
PF06213	CobT	3.195641539619804
PF05783	DLIC	4.992735899366339
PF19382	DUF5957	5.46441506579262
PF09498	DUF2388	8.48910384904951
PF08752	COP-gamma_platf	4.484881914014002
PF05364	SecIII_SopE_N	3.569441994989482
PF13140	DUF3980	17.97820769809902
PF00321	Thionin	17.97820769809902
PF22061	CSN7_HB_subdom	7.259388039730861
PF22912	zf-DPOE	1.2692805479236773
PF12503	CMV_1a_C	4.759255993319309
PF04459	DUF512	4.244551924524755
PF22549	ARPP-2	16.97820769809902
PF04876	Tenui_NCP	5.659402566033006
PF19252	HIND	3.792713194010354
PF22641	TiaS-FLD	6.727322871021003
PF10494	Stk19	17.97820769809902
PF07535	zf-DBF	1.4523685669433888
PF06558	SecM	8.48910384904951
PF03118	RNA_pol_A_CTD	0.4904683977574513
PF00145	DNA_methylase	0.5759792689874846
PF19525	Ets1_N_flank	7.085426388020708
PF21111	CDI_toxin_EC869_like	2.115468956665244
PF16275	SF1-HH	2.7616565393313417
PF19085	Choline_bind_2	3.195641539619804
PF08194	DIM	0.6611660097967776
PF00435	Spectrin	0.14745792614432568
PF00647	EF1G	3.305830048983888
PF03856	SUN	2.4963679496831697
PF05418	Apo-VLDL-II	4.244551924524755
PF17768	RecJ_OB	3.702070674164177
PF22872	DUF7018	2.528475462673569
PF12024	DUF3512	4.9360942322189025
PF12378	P1_N	8.196622598688931
PF20900	PMT_C3	17.97820769809902
PF13850	ERGIC_N	1.646356597005177
PF19167	DUF5849	1.8148470099327152
PF02006	PPS_PS	15.656279603211658
PF04818	CID	0.7444870354830387
PF08963	DUF1878	17.97820769809902
PF00684	DnaJ_CXXCXGXG	0.45982054969832414
PF05510	Sarcoglycan_2	4.797748399125954
PF20041	DUF6443	8.48910384904951
PF18436	HECW1_helix	2.995641539619804
PF18292	ZIP4_domain	4.9360942322189025
PF13242	Hydrolase_like	1.180828269665671
PF13280	WYL	2.024407539434488
PF11561	Saw1	17.97820769809902
PF11910	NdhO	5.659402566033006
PF07992	Pyr_redox_2	0.0773602436945949
PF15737	DUF4685	2.961656539331342
PF09523	DUF2390	3.994551924524755
PF03858	Crust_neuro_H	4.992735899366339
PF05924	SAMP	2.115468956665244
PF22612	GH113	7.98910384904951
PF09102	Exotox-A_target	2.6630346163498366
PF16631	TUTF7_u4	5.326069232699673
PF09380	FERM_C	1.4298811108738736
PF03841	SelA	1.3824180576030531
PF20867	UVSSA_N	3.6640699008029145
PF02991	ATG8	8.48910384904951
PF06194	Phage_Orf51	2.6630346163498366
PF21790	OGG	17.97820769809902
PF21231	GH141_M	17.97820769809902
PF12489	ARA70	15.97820769809902
PF19383	DUF5958	5.46441506579262
PF22848	ASD1_dom	1.904907358332042
PF12342	DUF3640	5.659402566033006
PF11250	FAF	2.565540866229644
PF12855	Ecl1	5.326069232699673
PF02683	DsbD	1.3611430270595355
PF05316	VAR1	2.9373472519007846
PF21391	tyr_de_CO2_C	7.828139801605829
PF05090	HTTM	15.170852776041416
PF22582	Amylosucrase_C-like	16.97820769809902
PF05868	Rotavirus_VP7	17.97820769809902
PF22458	RsmF-B_ferredox	1.9143924336282239
PF03107	C1_2	0.9863059069040505
PF17142	DUF5115	17.97820769809902
PF17823	DUF5585	8.196622598688931
PF13828	DUF4190	3.9140699008029145
PF01130	CD36	2.4427132672019427
PF15495	Fimbrillin_C	5.326069232699673
PF19993	DO-GTPase2	1.1898139983298273
PF14070	YjfB_motility	2.565540866229644
PF22772	WsaF_C	17.97820769809902
PF04106	ATG5_UblB	1.5312859054419776
PF02990	EMP70	2.961656539331342
PF20692	cpSF2-GREB1	3.078649039475573
PF00053	Laminin_EGF	0.20227639375181164
PF00170	bZIP_1	0.08822015377334155
PF14800	DUF4481	4.056950925347138
PF08775	ParB	5.218759867737219
PF17109	Goodbye	2.6630346163498366
PF06546	Vert_HS_TF	2.056177885339695
PF11359	gpUL132	16.97820769809902
PF07669	Eco57I	0.8969763828028003
PF04634	YezG-like	3.9140699008029145
PF05296	TAS2R	3.6296940198654304
PF14175	YaaC	8.98910384904951
PF02863	Arg_repressor_C	4.927043193134916
PF16810	RXLR	0.653565855124525
PF17472	DUF5425	8.98910384904951
PF00057	Ldl_recept_a	0.23430176601027322
PF21184	HAT1_C_fung	1.7162850230819293
PF16654	DAPDH_C	2.1672646822916306
PF14020	DUF4236	17.97820769809902
PF18373	Spectrin_2	1.7472759622623775
PF11290	DUF3090	17.97820769809902
PF02691	VacA	16.97820769809902
PF18396	TBK1_ULD	3.542713194010354
PF11159	DUF2939	2.565540866229644
PF21884	ZUO1-like_ZHD	2.746056036931087
PF09000	Cytotoxic	16.393245197377862
PF16976	RcpC	8.98910384904951
PF01215	COX5B	8.98910384904951
PF10171	Tim29	17.97820769809902
PF15512	CAF-1_p60_C	16.393245197377862
PF00268	Ribonuc_red_sm	2.4680471161094513
PF01391	Collagen	0.09981747181089094
PF05886	Orthopox_F8	8.48910384904951
PF17567	DUF5473	5.659402566033006
PF02671	PAH	0.4729168271285211
PF09824	ArsR	2.6093799338686097
PF10555	MraY_sig1	0.48165937044220064
PF01156	IU_nuc_hydro	4.8395920264872405
PF05726	Pirin_C	7.03565855124525
PF17408	MCD_N	2.995641539619804
PF13024	DUF3884	8.98910384904951
PF07643	DUF1598	8.48910384904951
PF02283	CobU	5.659402566033006
PF15308	CEP170_C	7.696622598688932
PF17098	Wtap	0.8222475116528835
PF16551	Quaking_NLS	4.759255993319309
PF21590	AP5B1_C	7.696622598688932
PF05486	SRP9-21	17.97820769809902
PF08225	Antimicrobial19	17.97820769809902
PF18167	Sa_NUDIX	17.97820769809902
PF07074	TRAP-gamma	5.659402566033006
PF06062	UPF0231	8.98910384904951
PF08286	Spc24	0.6175404670600119
PF13244	MbhD	1.7931347061995602
PF08000	bPH_1	17.97820769809902
PF09574	DUF2374	16.393245197377862
PF21689	TorS_sensor_domain	8.48910384904951
PF16590	ESP	8.196622598688931
PF17992	Agarase_CBM	4.0983112993444655
PF15081	DUF4548	8.98910384904951
PF22155	Mre11_acc_DNA_cap	3.994551924524755
PF19011	DUF5740	3.9140699008029145
PF03432	Relaxase	3.792713194010354
PF15985	KH_6	1.8029508133544194
PF02791	DDT	0.9484119985684233
PF08266	Cadherin_2	3.2334533946851414
PF03813	Nrap	7.03565855124525
PF17961	Big_8	1.7210671943623046
PF09065	Haemadin	7.98910384904951
PF09610	Myco_arth_vir_N	17.97820769809902
PF01909	NTP_transf_2	0.8382787050687021
PF15206	FAM209	8.48910384904951
PF20254	DMFA2_C	16.97820769809902
PF08710	CoV_NSP9	6.0477823243685895
PF20656	MS_N	1.872790118616312
PF13331	DUF4093	1.8673310146414999
PF03476	MOSC_N	3.0835878770810736
PF02548	Pantoate_transf	2.995641539619804
PF03088	Str_synth	1.30713171024905
PF03411	Peptidase_M74	17.97820769809902
PF01737	Ycf9	17.97820769809902
PF04883	HK97-gp10_like	2.6093799338686097
PF11360	DUF3110	8.98910384904951
PF20553	Methyltransf_35	8.98910384904951
PF22426	SMMA_N	17.97820769809902
PF17410	Stevor	1.3518776079461723
PF21480	PlyCA_N	17.97820769809902
PF21083	ZapC_N	13.393245197377864
PF10258	PHAX_RNA-bd	2.1672646822916306
PF03127	GAT	0.42974697284267016
PF14141	YqzM	8.48910384904951
PF12974	Phosphonate-bd	1.6642452997887798
PF08899	DUF1844	17.97820769809902
PF06939	DUF1286	17.97820769809902
PF04791	LMBR1	0.3269071526685724
PF00441	Acyl-CoA_dh_1	1.1669415852369578
PF00737	PsbH	3.994551924524755
PF02890	DUF226	5.992735899366339
PF12446	DUF3682	17.97820769809902
PF09773	Meckelin	17.97820769809902
PF22926	C1-like_CT	8.48910384904951
PF08049	IlvB_leader	8.48910384904951
PF10550	Toxin_36	5.659402566033006
PF05508	Ran-binding	17.97820769809902
PF13091	PLDc_2	0.7651015112431512
PF00763	THF_DHG_CYH	2.7644863592257978
PF15884	QIL1	15.97820769809902
PF22953	SpnB_Rossmann	2.8555535959915854
PF09088	MIF4G_like	3.267829275622625
PF19510	DUF6044	17.97820769809902
PF09960	DUF2194	13.170852776041416
PF10821	DUF2567	17.97820769809902
PF17780	OCRE	0.7747560456494951
PF21822	Phage_TAC_15	2.1990350281968376
PF15156	CLN6	17.97820769809902
PF21364	FBN_EGF_st1	5.056950925347138
PF19332	RNF180_C	8.196622598688931
PF12416	DUF3668	15.97820769809902
PF10191	COG7	8.48910384904951
PF03058	Sar8_2	8.48910384904951
PF14436	EndoU_bacteria	8.48910384904951
PF19542	DUF6066	5.659402566033006
PF10752	DUF2533	3.6296940198654304
PF05449	Phage_holin_3_7	3.195641539619804
PF09524	Phg_2220_C	3.994551924524755
PF00161	RIP	4.52863009177342
PF21758	PAC_bac	5.659402566033006
PF01176	eIF-1a	1.2627949869862438
PF11458	Mistic	17.97820769809902
PF13548	DUF4126	17.97820769809902
PF03632	Glyco_hydro_65m	1.0853342823093453
PF18164	GNAT_C	17.97820769809902
PF18049	DNA_pol_P_Exo	16.97820769809902
PF22996	C2H2-2nd_BIRD-IDD	3.4325700461638586
PF07738	Sad1_UNC	0.52285268409962
PF18119	RIG-I_C	2.0741108684945315
PF02016	Peptidase_S66	4.659402566033006
PF00164	Ribosom_S12_S23	7.696622598688932
PF04098	Rad52_Rad22	5.218759867737219
PF19520	Dpp_8_9_N	15.656279603211658
PF10779	XhlA	0.5642698999173487
PF05797	Rep_4	5.46441506579262
PF16670	PI-PLC-C1	17.97820769809902
PF13173	AAA_14	0.7226463255081808
PF06741	LsmAD	2.834170555208283
PF15382	DUF4609	17.97820769809902
PF00564	PB1	0.44694829590311297
PF21969	MGS_GT	3.994551924524755
PF22150	Tt1218-like	17.97820769809902
PF20864	TEX13_ZnF	5.326069232699673
PF06018	CodY	5.585426388020708
PF03208	PRA1	3.702070674164177
PF19914	WEF-hand	3.994551924524755
PF07312	DUF1459	16.97820769809902
PF08143	CBFNT	14.656279603211658
PF08081	RBM1CTR	6.865140092327717
PF01373	Glyco_hydro_14	1.8722759622623775
PF19891	DUF6364	2.6093799338686097
PF22845	DUF3097_N	5.46441506579262
PF19597	TrbL_4	17.97820769809902
PF14905	OMP_b-brl_3	17.97820769809902
PF00081	Sod_Fe_N	2.5193352225295675
PF01912	eIF-6	17.97820769809902
PF22571	LiaI-LiaF-TM_PspC	17.97820769809902
PF06612	DUF1146	3.9140699008029145
PF17168	DUF5127	5.46441506579262
PF11027	DUF2615	2.115468956665244
PF18640	LepB_N	8.48910384904951
PF02120	Flg_hook	0.9318805132066013
PF07754	HVO_2753_ZBP	1.2882593432764924
PF17318	DUF5361	15.393245197377864
PF15782	GREB1_N	7.696622598688932
PF08684	ocr	8.196622598688931
PF22586	ANCHR-like_BBOX	0.5288668949681987
PF10791	F1F0-ATPsyn_F	17.97820769809902
PF17531	O_Spanin_T7	4.0983112993444655
PF09543	DUF2379	5.659402566033006
PF10788	DUF2603	17.97820769809902
PF04241	DUF423	5.659402566033006
PF09172	Vit_open_b-sht	1.1798370634635473
PF17396	DUF1611_N	17.97820769809902
PF01826	TIL	0.6555076706337898
PF15665	FAM184	1.3198887344965202
PF14631	FancD2	8.48910384904951
PF16761	Clr2_transil	17.97820769809902
PF07586	HXXSHH	2.7312559206423317
PF08641	Mis14	3.994551924524755
PF13581	HATPase_c_2	1.674155649672233
PF21178	Itf52_C	5.326069232699673
PF09469	Cobl	3.9140699008029145
PF21763	DHH_CID	3.195641539619804
PF07503	zf-HYPF	2.056177885339695
PF22834	Polo_box_4	3.9140699008029145
PF09797	NatB_MDM20	1.2979789072689025
PF14957	BORG_CEP	1.9843921224069543
PF20097	DUF6487	17.97820769809902
PF02723	CoV_E	1.6642452997887798
PF11176	Tma16	17.97820769809902
PF03201	HMD	2.746056036931087
PF07068	Gp23	17.97820769809902
PF10226	CCDC85	1.799155649672233
PF14297	Lin1244_N	17.97820769809902
PF20892	SidC_lipid-bd	5.131081732459288
PF09979	DUF2213	8.48910384904951
PF18996	DUF5726	5.326069232699673
PF01235	Na_Ala_symp	17.97820769809902
PF05313	Pox_P21	1.9843921224069543
PF11571	Med27	2.2366113718873795
PF09103	BRCA-2_OB1	5.131081732459288
PF11365	SOGA	1.784720997494741
PF17997	Cry1Ac_D5	3.04921199614359
PF10049	DUF2283	17.97820769809902
PF13464	RodZ_C	0.8524152556243261
PF04439	Adenyl_transf	8.98910384904951
PF20013	GAP1-N2	8.196622598688931
PF03542	Tuberin	3.078649039475573
PF00469	F-protein	5.326069232699673
PF16341	DUF4971	8.98910384904951
PF10261	FIT	14.170852776041416
PF14864	Alkyl_sulf_C	5.056950925347138
PF10269	Tmemb_185A	7.98910384904951
PF21905	Zf-Nsp1alpha	14.656279603211658
PF08960	STIV_B116-like	7.98910384904951
PF17704	DUF5550	4.0983112993444655
PF21033	RMD1-3	1.1994370997814885
PF08461	HTH_12	1.0640628610391725
PF16174	IHABP4_N	4.723617592013805
PF09291	DUF1968	16.97820769809902
PF10666	Phage_TAC_8	8.196622598688931
PF13804	HERV-K_env_2	2.8142634204981003
PF00608	Adeno_shaft	1.659720997494741
PF16921	Tex_YqgF	4.602760898885569
PF21652	YDR124W_N	5.659402566033006
PF08829	AlphaC_N	8.98910384904951
PF02470	MlaD	3.0341705552082834
PF17441	DUF5419	8.196622598688931
PF01331	mRNA_cap_enzyme	1.4634280862268239
PF04229	GrpB	2.961656539331342
PF09100	Qn_am_d_aIV	17.97820769809902
PF01472	PUA	0.2907233359173204
PF08061	P68HR	5.131081732459288
PF07040	DUF1326	8.48910384904951
PF04270	Strep_his_triad	5.659402566033006
PF17448	YqaH	4.0983112993444655
PF10347	Fmp27_GFWDK	3.702070674164177
PF08823	PG_binding_2	3.744551924524755
PF10022	DUF2264	8.48910384904951
PF09407	AbiEi_1	17.97820769809902
PF10052	DUF2288	17.97820769809902
PF19438	LIN9_C	7.48910384904951
PF22799	PIR1-like_C	6.865140092327717
PF03080	Neprosin	17.97820769809902
PF13625	Helicase_C_3	2.678649039475573
PF04077	DsrH	8.48910384904951
PF01363	FYVE	0.1445154179426697
PF10338	YBL028C_N	4.8395920264872405
PF06451	Moricin	17.97820769809902
PF06058	DCP1	2.398874199562977
PF06276	FhuF	1.9408414679028942
PF04045	P34-Arc	16.97820769809902
PF19858	OxRdtase_C	5.659402566033006
PF05650	DUF802	17.97820769809902
PF21120	MCM_WH_arc	1.8510353370820884
PF13953	PapC_C	3.1732013698091928
PF01840	TCL1_MTCP1	17.97820769809902
PF03268	DUF267	17.97820769809902
PF17863	AAA_lid_2	1.2454645742042008
PF12156	ATPase-cat_bd	16.97820769809902
PF15927	Casc1_N	2.4963679496831697
PF11804	DUF3325	1.4323049840942979
PF17243	POTRA_TamA_1	2.4680471161094513
PF10105	DUF2344	5.659402566033006
PF12485	SPIDER	3.744551924524755
PF23003	Fn1_2	15.97820769809902
PF02194	PXA	1.9843921224069543
PF22950	DUF7026	17.97820769809902
PF13649	Methyltransf_25	0.15663271523633976
PF05879	RHD3_GTPase	1.6386304368429032
PF05624	LSR	2.276046600535276
PF21442	PB2_627-dom	5.659402566033006
PF05704	Caps_synth	8.98910384904951
PF12689	Acid_PPase	7.828139801605829
PF00656	Peptidase_C14	0.5497983931244173
PF22232	TraI_hel_assoc_N	3.994551924524755
PF23016	RsmI_C	1.6061155851442566
PF04677	CwfJ_C_1	1.5255866871839372
PF08598	Sds3	2.1672646822916306
PF20498	DUF6728	17.97820769809902
PF15312	JSRP	8.196622598688931
PF09248	DUF1965	2.73220753289631
PF11292	DUF3093	8.98910384904951
PF20663	COG4_N	0.7810451752916427
PF03101	FAR1	3.542713194010354
PF16876	Lipin_mid	7.404141348328354
PF00456	Transketolase_N	1.4186063847524262
PF19904	DUF6377	0.9754485430865469
PF19746	DUF6233	8.48910384904951
PF15786	PET117	2.6093799338686097
PF20442	BrxL_N	3.1312559206423316
PF01586	Basic	6.310327846740468
PF12460	MMS19_C	0.8333969692702684
PF01581	FARP	2.5867627157481135
PF01545	Cation_efflux	0.4356297942739472
PF08790	zf-LYAR	1.8510353370820884
PF14215	bHLH-MYC_N	1.628001423464018
PF08127	Propeptide_C1	3.319441994989482
PF01044	Vinculin	2.8142634204981003
PF21982	RecX_HTH1	0.3716923404725844
PF06486	DUF1093	16.97820769809902
PF12736	CABIT	4.759255993319309
PF18879	EspA_EspE	2.961656539331342
PF15364	PAXIP1_C	5.218759867737219
PF14799	FAM195	17.97820769809902
PF17693	DUF5539	4.0983112993444655
PF12722	Hid1	1.465627960321166
PF03589	Antiterm	3.848311299344466
PF21818	DUF6884	3.6296940198654304
PF01064	Activin_recp	0.8852317998127045
PF16794	fn3_4	7.98910384904951
PF08887	GAD-like	8.48910384904951
PF20914	DNA_pol_IIIA_C	6.79294513766013
PF21249	GyrB_hook	4.282974893718017
PF03442	CBM_X2	1.5170852776041417
PF02684	LpxB	7.48910384904951
PF02261	Asp_decarbox	16.97820769809902
PF01107	MP	1.7260353370820884
PF06958	Pyocin_S	2.6093799338686097
PF08142	AARP2CN	1.574539197337935
PF04577	Glyco_transf_61	2.3151241428081133
PF08016	PKD_channel	1.0459952452830767
PF08229	SHR3_chaperone	17.97820769809902
PF02707	MOSP_N	8.48910384904951
PF13408	Zn_ribbon_recom	3.792713194010354
PF14474	RTC4	1.8320349504014573
PF17702	DUF5548	8.48910384904951
PF19071	DUF5767	5.659402566033006
PF15378	DUF4605	2.4680471161094513
PF07077	DUF1345	5.46441506579262
PF02083	Urotensin_II	17.97820769809902
PF13799	DUF4183	2.6093799338686097
PF05596	Taeniidae_ag	17.97820769809902
PF15680	OFCC1	17.97820769809902
PF03894	XFP	6.29294513766013
PF19933	DUF6396	17.97820769809902
PF19762	DUF6249	1.3454645742042006
PF01607	CBM_14	0.8056715535530425
PF08354	Fas1-AflB-like_hel	1.9968868140141456
PF10368	YkyA	1.6856503084490462
PF17166	DUF5126	8.48910384904951
PF17813	RET_CLD4	8.196622598688931
PF07753	DUF1609	1.9408414679028942
PF12611	Flagellar_put	17.97820769809902
PF04612	T2SSM	3.0341705552082834
PF04360	Serglycin	0.33402119682202025
PF18132	Tyrosinase_C	4.9360942322189025
PF13123	DUF3978	17.97820769809902
PF07431	DUF1512	3.2786490394755727
PF13465	zf-H2C2_2	0.052557065591656314
PF04718	ATP-synt_G	2.0937542290302367
PF17442	U62_UL91	5.659402566033006
PF15710	Brme1	8.48910384904951
PF00938	Lipoprotein_3	1.2707461543726382
PF19898	DUF6371	17.97820769809902
PF06320	GCN5L1	1.7472759622623775
PF17627	IncE	3.9140699008029145
PF20395	CTD3	17.97820769809902
PF14378	PAP2_3	1.736343107106085
PF11799	IMS_C	0.5846640416945128
PF09288	UBA_3	2.528475462673569
PF06599	DUF1139	8.98910384904951
PF09557	DUF2382	5.46441506579262
PF16704	Rab_bind	1.799155649672233
PF05565	Sipho_Gp157	3.994551924524755
PF13530	SCP2_2	6.94537242842434
PF13718	GNAT_acetyltr_2	1.6167266973425707
PF11064	DUF2865	17.97820769809902
PF14008	Metallophos_C	4.2969149522828936
PF02570	CbiC	5.659402566033006
PF11585	Stomoxyn	8.48910384904951
PF02740	Colipase_C	3.47268621421217
PF15562	Imm17	5.659402566033006
PF13007	LZ_Tnp_IS66	3.792713194010354
PF16104	FPRL1_inhibitor	5.659402566033006
PF12302	DUF3629	8.48910384904951
PF04172	LrgB	3.598311299344466
PF02325	YGGT	3.702070674164177
PF09376	NurA	17.97820769809902
PF18020	TIG_2	4.552093201070552
PF22297	PccH	8.48910384904951
PF19084	DUF5775	8.48910384904951
PF13407	Peripla_BP_4	1.5531341886776688
PF10514	Bcl-2_BAD	17.97820769809902
PF02758	PYRIN	0.9267284892720102
PF21513	SidD_C	17.97820769809902
PF17890	WW_like	3.994551924524755
PF11233	DUF3035	8.48910384904951
PF13041	PPR_2	0.09687811198418785
PF17271	Usher_TcfC	4.0983112993444655
PF01021	TYA	2.466870301664859
PF18528	Ret2_MD	5.659402566033006
PF05840	Phage_GPA	2.1672646822916306
PF18892	DUF5651	8.48910384904951
PF19801	DUF6284	17.97820769809902
PF03144	GTP_EFTU_D2	0.17687751995435022
PF05404	TRAP-delta	17.97820769809902
PF04514	BTV_NS2	17.97820769809902
PF05549	Allexi_40kDa	4.244551924524755
PF00559	Vif	7.98910384904951
PF10635	DisA-linker	1.6868975280938152
PF00675	Peptidase_M16	2.720043903784623
PF01844	HNH	0.5642698999173487
PF00977	His_biosynth	0.5924462340577027
PF22633	F5_F8_type_C_2	3.9140699008029145
PF19462	DUF5999	1.8510353370820884
PF10442	FIST_C	2.4680471161094513
PF10671	TcpQ	17.97820769809902
PF03077	VacA2	8.98910384904951
PF11271	PorA	3.848311299344466
PF08879	WRC	3.319441994989482
PF08009	CDP-OH_P_tran_2	16.97820769809902
PF01699	Na_Ca_ex	0.5500925211141391
PF20446	ABC_N	8.48910384904951
PF08781	DP	2.3796279966596545
PF15514	ThaI	17.97820769809902
PF06757	Ins_allergen_rp	2.4963679496831697
PF06626	DUF1152	17.97820769809902
PF03063	Prismane	2.746056036931087
PF08482	HrpB_C	17.97820769809902
PF10925	DUF2680	4.0983112993444655
PF16642	KCNQ2_u3	8.196622598688931
PF14342	DUF4396	17.97820769809902
PF14711	Nitr_red_bet_C	3.9140699008029145
PF04486	SchA_CurD	8.196622598688931
PF14015	DUF4231	1.4393245197377864
PF06258	Mito_fiss_Elm1	8.98910384904951
PF19843	DUF6318	16.393245197377862
PF02874	ATP-synt_ab_N	0.565853092176235
PF02971	FTCD	7.404141348328354
PF12076	CER1-like_C	3.4325700461638586
PF15620	CENP-C_mid	8.48910384904951
PF11078	Optomotor-blind	4.0983112993444655
PF15295	CCDC50_N	3.848311299344466
PF20256	MoCoBD_2	3.0118675901340333
PF20487	DUF6726	8.48910384904951
PF16836	PSY3	8.98910384904951
PF01437	PSI	0.3173053864476177
PF17877	Dis3l2_C_term	2.878649039475573
PF09124	Endonuc-dimeris	2.878649039475573
PF15429	DUF4628	17.97820769809902
PF10063	DUF2301	17.97820769809902
PF15920	WHAMM-JMY_N	3.702070674164177
PF13385	Laminin_G_3	0.42101368354353574
PF21459	INI1_DNA-bd	2.3151241428081133
PF07607	DUF1570	8.48910384904951
PF11608	MARF1_RRM1	5.056950925347138
PF07532	Big_4	5.992735899366339
PF10388	YkuI_C	17.97820769809902
PF08268	FBA_3	0.955867754825027
PF14517	Tachylectin	17.97820769809902
PF10342	Kre9_KNH	3.702070674164177
PF04636	PA26	2.6093799338686097
PF13665	Tox-PAAR-like	17.97820769809902
PF21654	DncV-like_NTFase	5.131081732459288
PF04018	VCA0040-like	17.97820769809902
PF16792	Caud_bapl16_1st	16.97820769809902
PF04776	protein_MS5	5.46441506579262
PF05917	DUF874	17.97820769809902
PF11889	Capsid_pestivir	7.828139801605829
PF16766	CID_GANP	3.994551924524755
PF05502	Dynactin_p62	7.585426388020708
PF10545	MADF_DNA_bdg	1.358589027532026
PF02225	PA	0.2886047484914675
PF03730	Ku_C	1.0577337899363974
PF08230	CW_7	4.244551924524755
PF17676	Peptidase_S66C	7.138883989978964
PF06193	Orthopox_A5L	5.659402566033006
PF19050	PhoD_2	5.659402566033006
PF13793	Pribosyltran_N	2.0460029697019118
PF05161	MOFRL	3.517829275622625
PF19000	DUF5729	17.97820769809902
PF05398	PufQ	4.0983112993444655
PF01817	CM_2	0.7717780413512616
PF08311	Mad3_BUB1_I	0.9012517386307815
PF10183	ESSS	17.97820769809902
PF05504	Spore_GerAC	3.994551924524755
PF11730	DUF3297	8.98910384904951
PF03686	UPF0146	5.659402566033006
PF03574	Peptidase_S48	15.656279603211658
PF18376	MDD_C	4.52863009177342
PF20190	DUF6553	17.97820769809902
PF05278	PEARLI-4	1.3454645742042006
PF13977	TetR_C_6	2.8796940198654304
PF15370	NOPCHAP1	6.904141348328354
PF11841	ELMO_ARM	0.5704446392596281
PF08613	Cyclin	5.131081732459288
PF16043	DUF4795	2.1397439568712886
PF15080	DUF4547	17.97820769809902
PF09790	Hyccin	3.994551924524755
PF19941	DUF6403	7.98910384904951
PF09727	CortBP2	1.1441718432109327
PF22412	TerS_C	16.97820769809902
PF16785	SMBP	4.0983112993444655
PF14816	CANIN	8.196622598688931
PF09335	VTT_dom	0.2754596977948056
PF14637	FNIP_M	5.218759867737219
PF14418	OHA	17.97820769809902
PF08706	D5_N	1.7260353370820884
PF09476	Pilus_CpaD	3.994551924524755
PF02499	DNA_pack_C	2.6909291484084013
PF22748	PexRD54_WY	1.2350809341200237
PF17634	GP67	8.48910384904951
PF02253	PLA1	8.48910384904951
PF10930	DUF2737	16.97820769809902
PF00943	Alpha_E2_glycop	6.44537242842434
PF15808	BCOR	16.97820769809902
PF08529	NusA_N	2.666870301664859
PF06809	NPDC1	17.97820769809902
PF10814	CwsA	2.2366113718873795
PF03468	XS	1.3084768361252603
PF02701	zf-Dof	1.771356597005177
PF02208	Sorb	3.744551924524755
PF02187	GAS2	4.576760061551811
PF16145	DUF4853	4.244551924524755
PF13382	Adenine_deam_C	0.8926184297836764
PF22962	NUP210_Ig7	2.1397439568712886
PF07496	zf-CW	0.7317140431134119
PF01674	Lipase_2	17.97820769809902
PF00997	Casein_kappa	17.97820769809902
PF00425	Chorismate_bind	1.6409078002527633
PF18264	preSET_CXC	1.3393245197377865
PF11992	TgpA_N	1.4393245197377864
PF02181	FH2	0.2762659111131451
PF20890	Dbr1_C	5.46441506579262
PF01076	Mob_Pre	1.784720997494741
PF00906	Hepatitis_core	2.3103885886793845
PF21726	DUF6862	16.97820769809902
PF13959	DUF4217	0.32291756373368663
PF06223	Phage_tail_T	5.46441506579262
PF00298	Ribosomal_L11	4.100065284281831
PF09071	Alpha-amyl_C	5.326069232699673
PF20195	DUF6558	17.97820769809902
PF16962	ABC_export	5.46441506579262
PF07014	Hs1pro-1_C	8.196622598688931
PF18432	ECD	3.9140699008029145
PF02672	CP12	2.565540866229644
PF09899	DUF2126	8.48910384904951
PF07279	DUF1442	17.97820769809902
PF04092	SAG	16.97820769809902
PF00513	Late_protein_L2	2.4963679496831697
PF14493	HTH_40	1.4277767979957927
PF02154	FliM	3.542713194010354
PF11418	Scaffolding_pro	5.659402566033006
PF01974	tRNA_int_endo	2.4500574487071645
PF15281	Consortin_C	3.994551924524755
PF17535	DUF5454	5.46441506579262
PF00028	Cadherin	0.159339253053552
PF16718	IFS	17.97820769809902
PF21687	T2SSK_1st	1.0982898446121483
PF11928	DUF3446	1.674155649672233
PF00628	PHD	0.08735223967568545
PF01633	Choline_kinase	1.5342536329618564
PF12614	RRF_GI	13.89074485684868
PF12899	Glyco_hydro_100	8.48910384904951
PF08756	YfkB	8.48910384904951
PF18036	Ubiquitin_4	3.848311299344466
PF12536	DUF3734	16.393245197377862
PF15508	NAAA-beta	3.452070674164177
PF01212	Beta_elim_lyase	2.0937542290302367
PF21123	Dna2_Rift	4.9360942322189025
PF22885	DUF7020	5.326069232699673
PF14425	Imm3	16.97820769809902
PF08433	KTI12	3.848311299344466
PF18138	bacHORMA_1	17.97820769809902
PF05222	AlaDh_PNT_N	12.095564648737179
PF07353	Uroplakin_II	16.97820769809902
PF09755	DUF2046	2.1990350281968376
PF03473	MOSC	2.0417145405893034
PF17177	PPR_long	0.942329787964294
PF05136	Phage_portal_2	17.97820769809902
PF15878	Frey	8.98910384904951
PF04992	RNA_pol_Rpb1_6	15.656279603211658
PF01299	Lamp2-like_luminal	1.5173644003568507
PF14399	BtrH_N	17.97820769809902
PF20952	Flu_PB2_7th	11.263962180432896
PF14415	DUF4424	8.48910384904951
PF07061	Swi5	8.48910384904951
PF21686	LigD_Prim-Pol	2.995641539619804
PF10008	DUF2251	17.97820769809902
PF04095	NAPRTase	1.5098309659944738
PF07746	LigA	17.97820769809902
PF01923	Cob_adeno_trans	2.1672646822916306
PF08533	Glyco_hydro_42C	2.186704450495241
PF08876	DUF1836	2.6093799338686097
PF10830	DUF2553	17.97820769809902
PF16479	DUF5056	3.994551924524755
PF02957	TT_ORF2-like	1.7070349504014573
PF12127	FloA	13.656279603211658
PF17649	VPS38	8.196622598688931
PF10033	ATG13	1.3808282696656708
PF16227	DUF4886	17.97820769809902
PF19387	DUF5962	2.528475462673569
PF12206	DUF3599	17.97820769809902
PF14352	DUF4402	5.659402566033006
PF03689	Nepo_coat_N	1.2482072895141305
PF13705	TRC8_N	7.328139801605829
PF15374	CCDC71L	5.46441506579262
PF11559	ADIP	0.25465250408199064
PF08772	NOB1_Zn_bind	2.010188157498643
PF12680	SnoaL_2	2.4427132672019427
PF09505	Dimeth_Pyl	8.98910384904951
PF04822	Takusan	1.4277767979957927
PF09261	Alpha-mann_mid	2.128125722078345
PF21381	MCLN_ECD	7.48910384904951
PF16087	DUF4817	5.46441506579262
PF07344	Amastin	7.98910384904951
PF17274	DUF5339	3.9140699008029145
PF12183	NotI	8.98910384904951
PF00936	BMC	3.3636614355105015
PF08950	DUF1861	8.98910384904951
PF05956	APC_basic	5.056950925347138
PF20536	DUF6751	17.97820769809902
PF03507	CagA	7.98910384904951
PF01872	RibD_C	4.602760898885569
PF16908	VPS13_ext_chorein	1.5255866871839372
PF11882	DUF3402	4.797748399125954
PF02866	Ldh_1_C	0.3716223333171726
PF15747	DUF4687	8.48910384904951
PF00147	Fibrinogen_C	0.36259900833600295
PF18160	SLATT_5	4.0983112993444655
PF01937	ARMT1-like_dom	4.9360942322189025
PF14557	AphA_like	17.97820769809902
PF15848	ODAPH	7.828139801605829
PF22889	Tea_mid	5.659402566033006
PF09041	Aurora-A_bind	15.170852776041416
PF04926	PAP_RNA-bind	2.2531293465769533
PF10497	zf-4CXXC_R1	1.2098980066218101
PF19821	Phage_capsid_2	8.98910384904951
PF12832	MFS_1_like	3.744551924524755
PF22547	2H-SAK	17.97820769809902
PF12579	DUF3755	8.98910384904951
PF13908	Shisa_N	1.0349727493878467
PF07486	Hydrolase_2	3.0341705552082834
PF16121	40S_S4_C	3.985279961690188
PF04741	InvH	17.97820769809902
PF00851	Peptidase_C6	2.007911726756022
PF03526	Microcin	4.244551924524755
PF06286	Coleoptericin	2.6630346163498366
PF12690	BsuPI	8.48910384904951
PF16088	BORCS7	2.9037552158923443
PF21455	PylD_N	5.46441506579262
PF05795	Plasmodium_Vir	3.1312559206423316
PF15339	Afaf	17.97820769809902
PF12064	DUF3544	8.98910384904951
PF07451	SpoVAD	8.98910384904951
PF02075	RuvC	0.9445228711382536
PF04731	Caudal_act	3.542713194010354
PF11914	DUF3432	2.34521951708175
PF14004	DUF4227	5.659402566033006
PF01270	Glyco_hydro_8	5.326069232699673
PF07836	DmpG_comm	5.271789735231147
PF11601	Shal-type	3.4140699008029145
PF22170	AnkX_ins	17.97820769809902
PF02140	Gal_Lectin	1.0952245782305576
PF00664	ABC_membrane	0.1608895396573464
PF08087	Toxin_18	8.196622598688931
PF01744	GLTT	8.48910384904951
PF20436	LonB_AAA-LID	1.784720997494741
PF17830	STI1-HOP_DP	0.5029715459371041
PF08209	Sgf11	0.6611660097967776
PF08563	P53_TAD	1.8673310146414999
PF17571	DUF5477	8.48910384904951
PF00301	Rubredoxin	0.9130525570246808
PF00287	Na_K-ATPase	3.078649039475573
PF22989	DUF7030	14.97820769809902
PF16063	DUF4805	5.659402566033006
PF12213	Dpoe2NT	2.0937542290302367
PF18908	DUF5663	2.8142634204981003
PF14732	UAE_UbL	2.878649039475573
PF10912	DUF2700	3.9140699008029145
PF07192	SNURF	8.98910384904951
PF08340	YicC-like_C	5.131081732459288
PF05843	Suf	0.7575141689357154
PF14670	FXa_inhibition	0.22813895480075572
PF07810	TMC	0.6828139801605829
PF15084	DUF4550	17.97820769809902
PF00343	Phosphorylase	2.8555535959915854
PF09913	DUF2142	17.97820769809902
PF22844	CATSPERE_beta-prop	8.196622598688931
PF02121	IP_trans	5.056950925347138
PF20105	DUF6495	17.97820769809902
PF04464	Glyphos_transf	3.195641539619804
PF20038	HTH_59	7.98910384904951
PF17194	AbiEi_3_N	17.97820769809902
PF16473	Rv2179c-like	3.702070674164177
PF11654	NCE101	2.6093799338686097
PF21951	TARP	2.73220753289631
PF13833	EF-hand_8	0.6224436715471666
PF00010	HLH	0.07980267650590187
PF04829	PT-VENN	1.784720997494741
PF09131	Endotoxin_mid	4.992735899366339
PF10305	Fmp27_SW	3.994551924524755
PF09273	Rubis-subs-bind	3.244551924524755
PF14759	Reductase_C	2.5537508664940143
PF13678	Peptidase_M85	17.97820769809902
PF05652	DcpS	14.656279603211658
PF09184	PPP4R2	1.465627960321166
PF15385	SARG	5.218759867737219
PF10278	Med19	1.6453647440729675
PF15941	FidL_like	17.97820769809902
PF03719	Ribosomal_S5_C	2.114151814593823
PF18045	ISP3_C	17.97820769809902
PF12598	TBX2-3_TAD	4.797748399125954
PF12178	INCENP_N	7.585426388020708
PF19592	DUF6097	17.97820769809902
PF14785	MalF_P2	7.138883989978964
PF05524	PEP-utilisers_N	0.6582735933974473
PF19282	Exportin-T	1.2551942943396923
PF14782	BBS2_C	1.6131973421624135
PF14963	Get2_like	4.0983112993444655
PF13710	ACT_5	2.6093799338686097
PF20677	Herpes_gp350_C	7.98910384904951
PF20850	EF_HD	8.48910384904951
PF05349	GATA-N	4.552093201070552
PF08118	MDM31_MDM32	7.585426388020708
PF06776	IalB	17.97820769809902
PF15893	DUF4739	5.659402566033006
PF06123	CreD	8.48910384904951
PF15231	VCX_VCY	5.326069232699673
PF13315	DUF4085	8.48910384904951
PF05034	MAAL_N	7.696622598688932
PF17275	DUF5340	8.48910384904951
PF13507	GATase_5	2.3385610958473544
PF04085	MreC	2.528475462673569
PF13586	DDE_Tnp_1_2	17.97820769809902
PF02694	UPF0060	3.9140699008029145
PF01086	Clathrin_lg_ch	7.828139801605829
PF03931	Skp1_POZ	2.4500574487071645
PF04072	LCM	0.8874013461729559
PF12566	DUF3748	5.659402566033006
PF19885	DUF6358	5.46441506579262
PF20799	PIMT_C	17.97820769809902
PF10394	Hat1_N	1.8890457422765072
PF21509	Ezh2-like__CXC_fung	8.48910384904951
PF14865	Macin	16.97820769809902
PF02496	ABA_WDS	17.97820769809902
PF20833	RNase_E_G_Thio	1.9843921224069543
PF17879	DNA_ligase_C	8.48910384904951
PF00394	Cu-oxidase	1.7931731962728095
PF11722	zf-TRM13_CCCH	7.196622598688932
PF12656	G-patch_2	5.056950925347138
PF19913	WCOB	3.9140699008029145
PF21099	POLQ_helical	2.961656539331342
PF21902	PTM1-like_N	15.656279603211658
PF09358	E1_UFD	6.865140092327717
PF19473	DUF6010	16.97820769809902
PF17743	DUF5580	3.994551924524755
PF17278	DUF5343	17.97820769809902
PF19917	bpX1	7.585426388020708
PF09118	GO-like_E_set	2.4963679496831697
PF21152	YgjK_N	17.97820769809902
PF16164	VWA_N2	5.131081732459288
PF11209	LmeA	2.829701283016503
PF06767	Sif	5.218759867737219
PF12813	XPG_I_2	2.565540866229644
PF07247	AATase	4.0983112993444655
PF12226	Astro_capsid_p	0.5920005176232793
PF18144	SMODS	1.574539197337935
PF01204	Trehalase	14.518776079461722
PF13015	PRKCSH_1	1.9968868140141456
PF17910	FeoB_Cyto	3.452070674164177
PF17235	STD1	17.97820769809902
PF04539	Sigma70_r3	0.9093432089701039
PF18573	BclA_C	17.97820769809902
PF09537	DUF2383	1.8722759622623775
PF04979	IPP-2	17.97820769809902
PF03388	Lectin_leg-like	1.4071317102490501
PF17240	DUF5313	17.97820769809902
PF20809	MINT_MID	8.48910384904951
PF05683	Fumerase_C	14.97820769809902
PF20249	VasX_N	17.97820769809902
PF09311	Rab5-bind	4.9360942322189025
PF17771	ADAMTS_CR_2	0.6654559832277233
PF13293	DUF4074	4.552093201070552
PF04582	Reo_sigmaC	17.97820769809902
PF21489	Fim1C-like_C	17.97820769809902
PF17770	RNase_J_C	3.1059047116053455
PF03032	FSAP_sig_propep	0.4985910979952535
PF17117	DUF5104	5.46441506579262
PF21057	Hikeshi-like_C	2.746056036931087
PF12235	FXMRP1_C_core	1.1927478820883135
PF03403	PAF-AH_p_II	2.961656539331342
PF17210	SdrD_B	1.2692805479236773
PF08131	Defensin_3	17.97820769809902
PF12671	Amidase_6	8.48910384904951
PF07246	Phlebovirus_NSM	3.994551924524755
PF05410	Peptidase_C31	3.6296940198654304
PF05605	zf-Di19	0.4102269500631908
PF22820	TcaA_3rd_4th	1.2070698163598117
PF11169	DUF2956	2.6093799338686097
PF05326	SVA	17.97820769809902
PF14122	YokU	8.48910384904951
PF21898	Sarcolamban	3.9140699008029145
PF18319	PriA_CRR	2.3151241428081133
PF11711	Tim54	2.1397439568712886
PF17215	Rrp44_S1	7.085426388020708
PF05750	Rubella_Capsid	4.8395920264872405
PF09850	DotU	7.828139801605829
PF20588	DMTF1_N	7.98910384904951
PF00630	Filamin	0.5633293271535392
PF02405	MlaE	17.97820769809902
PF07442	Ponericin	5.46441506579262
PF10786	HI_0552	17.97820769809902
PF16179	RHD_dimer	1.2518776079461722
PF00881	Nitroreductase	1.0577337899363974
PF12777	MT	2.050963726021254
PF22039	HUTI_composite_bact	0.6996261280556508
PF21434	TerS_N	5.326069232699673
PF11101	DUF2884	5.46441506579262
PF13021	DUF3885	1.896356597005177
PF21302	RlmA_N	7.828139801605829
PF05481	Myco_19_kDa	5.659402566033006
PF07128	DUF1380	8.98910384904951
PF07151	DUF1391	1.860573055387449
PF19039	ASK_PH	4.992735899366339
PF18709	DLP_helical	3.195641539619804
PF18564	Glyco_hydro_5_C	4.992735899366339
PF06702	Fam20C	7.259388039730861
PF15466	DUF4635	1.4277767979957927
PF16940	Tic110	8.196622598688931
PF14695	LINES_C	3.848311299344466
PF03520	KCNQ_channel	2.276046600535276
PF21387	Gp6_C-I	2.6630346163498366
PF06625	DUF1151	5.46441506579262
PF03516	Filaggrin	5.659402566033006
PF06005	ZapB	0.16651828004588082
PF05355	Apo-CII	5.326069232699673
PF12819	Malectin_like	1.5529523558026728
PF17402	DUF5408	17.97820769809902
PF12661	hEGF	0.3903807052468039
PF12217	End_beta_propel	8.48910384904951
PF21430	DTP-pb9_B-dom	8.98910384904951
PF17297	PEPCK_N	5.696622598688932
PF06815	RVT_connect	3.910093394885145
PF02700	PurS	17.97820769809902
PF12404	DUF3663	11.933813578740565
PF08412	Ion_trans_N	3.494551924524755
PF16655	PhoD_N	16.97820769809902
PF19680	DUF6182	17.97820769809902
PF04757	Pex2_Pex12	1.1441718432109327
PF00982	Glyco_transf_20	1.8673310146414999
PF05010	TACC_C	1.465627960321166
PF03662	Glyco_hydro_79n	8.98910384904951
PF21668	RPOC_hybrid	1.5434160952054088
PF11261	IRF-2BP1_2	2.8142634204981003
PF11429	Colicin_D	8.48910384904951
PF08065	KI67R	8.48910384904951
PF05764	YL1	0.30625718108839556
PF12634	Inp1	17.97820769809902
PF15635	Tox-GHH2	17.97820769809902
PF14857	TMEM151	8.48910384904951
PF09507	CDC27	1.896356597005177
PF07556	DUF1538	17.97820769809902
PF07347	CI-B14_5a	8.48910384904951
PF03639	Glyco_hydro_81	7.085426388020708
PF06327	Adcy_cons_dom	2.595641539619804
PF08224	DUF1719	3.195641539619804
PF13409	GST_N_2	1.5382227945159406
PF00209	SNF	3.569441994989482
PF17046	Ses_B	8.48910384904951
PF18410	BTHB	2.3618087960069025
PF20178	ToxA_N	17.97820769809902
PF18426	Tli4_C	17.97820769809902
PF22965	INTS7_C	3.744551924524755
PF14658	EF-hand_9	2.4427132672019427
PF03203	MerC	3.9140699008029145
PF03983	SHD1	2.931255920642332
PF11851	DUF3371	14.0713171024905
PF18843	LPD28	8.98910384904951
PF16504	SP24	8.196622598688931
PF20332	DUF6627	17.97820769809902
PF13361	UvrD_C	0.33511317314977457
PF17527	ALC	3.195641539619804
PF13709	DUF4159	5.659402566033006
PF11830	DUF3350	2.528475462673569
PF16979	SIN1_PH	2.3151241428081133
PF07526	POX	1.9968868140141456
PF19495	DUF6030	4.0983112993444655
PF20855	VP1_protrusion	16.97820769809902
PF14377	UBM	0.489626160948286
PF09475	Dot_icm_IcmQ	17.97820769809902
PF19271	Nis1	17.97820769809902
PF12655	DUF3787	5.46441506579262
PF16507	BLM10_mid	2.0937542290302367
PF08743	Nse4_C	4.885426534403885
PF12218	End_N_terminal	1.6642452997887798
PF10237	N6-adenineMlase	2.4680471161094513
PF21990	SH2_1	2.7781489713697365
PF15681	LAX	1.896356597005177
PF18027	Pepdidase_M14_N	1.6339146378113125
PF18480	DUF5615	8.98910384904951
PF21304	T3S_SPI-1_N0	14.656279603211658
PF00702	Hydrolase	0.1651391067853975
PF09197	Rap1-DNA-bind	4.244551924524755
PF11742	DUF3302	8.196622598688931
PF13561	adh_short_C2	0.21635167776030426
PF03613	EIID-AGA	5.46441506579262
PF01789	PsbP	3.744551924524755
PF03628	PapG_C	15.97820769809902
PF22154	SelB_WH2	3.2786490394755727
PF14476	Chloroplast_duf	17.97820769809902
PF13100	OstA_2	16.393245197377862
PF11831	Myb_Cef	1.7162850230819293
PF04938	SIP1	5.46441506579262
PF17786	Mannosidase_ig	1.6061155851442566
PF15676	S6OS1	17.97820769809902
PF10882	bPH_5	7.03565855124525
PF04217	DUF412	17.97820769809902
PF15928	DUF4746	0.8222475116528835
PF02374	ArsA_ATPase	0.35330569862898514
PF21773	ODAD1_CC	1.497820769809902
PF20167	Transposase_32	8.98910384904951
PF18976	DUF5712	17.97820769809902
PF22181	TarS_linker	1.8510353370820884
PF16057	DUF4800	2.834170555208283
PF13618	Gluconate_2-dh3	2.528475462673569
PF02743	dCache_1	0.7745778248361165
PF15936	DUF4749	2.1706685646186905
PF12093	bCoV_NS8	8.98910384904951
PF08452	DNAP_B_exo_N	7.404141348328354
PF19912	DUF6385	17.97820769809902
PF10708	DUF2510	17.97820769809902
PF18575	HAMP_N3	8.98910384904951
PF17452	YnfE	8.48910384904951
PF13938	DUF4213	8.48910384904951
PF02014	Reeler	2.34521951708175
PF11066	DUF2867	17.97820769809902
PF02838	Glyco_hydro_20b	3.47268621421217
PF14027	Questin_oxidase	16.97820769809902
PF16457	PH_12	1.297820769809902
PF16829	ATR13	17.97820769809902
PF16706	Izumo-Ig	2.2366113718873795
PF05205	COMPASS-Shg1	2.6630346163498366
PF06892	Phage_CP76	3.1312559206423316
PF12448	Milton	2.4963679496831697
PF18040	BPA_C	5.46441506579262
PF18969	DUF5708	17.97820769809902
PF04120	Iron_permease	5.46441506579262
PF15991	G_path_suppress	2.6093799338686097
PF14495	Cytochrom_C550	4.0983112993444655
PF14301	DUF4376	15.170852776041416
PF22070	Androglobin_V	5.659402566033006
PF04357	TamB	3.792713194010354
PF22490	EndA_linker	5.46441506579262
PF11106	YjbE	3.9140699008029145
PF15529	Ntox24	8.48910384904951
PF03765	CRAL_TRIO_N	1.0215218828816248
PF15622	CENP_C_N	16.97820769809902
PF13117	Cag12	4.0983112993444655
PF09259	Fve	17.97820769809902
PF03478	DUF295	2.007911726756022
PF21529	GLV1-2	4.0983112993444655
PF17797	RL	3.994551924524755
PF09625	VP9	8.48910384904951
PF12663	DUF3788	8.48910384904951
PF11285	DUF3086	8.48910384904951
PF14853	Fis1_TPR_C	2.6446640391871106
PF03836	RasGAP_C	0.9807342989039596
PF14593	PH_3	1.5531341886776688
PF00335	Tetraspanin	0.49694475385685527
PF02685	Glucokinase	7.48910384904951
PF08455	SNF2_assoc	5.659402566033006
PF21205	Rep3_C	2.7037552158923446
PF00393	6PGD	2.9889599712676413
PF03227	GILT	8.196622598688931
PF00725	3HCDH	0.7658338373131205
PF04152	Mre11_DNA_bind	1.2627949869862438
PF03917	GSH_synth_ATP	17.97820769809902
PF07906	Toxin_15	8.98910384904951
PF15738	YafQ_toxin	17.97820769809902
PF06108	DUF952	6.611660097967776
PF14355	Abi_C	1.2098980066218101
PF04283	CheF-arch	8.48910384904951
PF15838	LLCFC1	8.98910384904951
PF04945	YHS	1.480828269665671
PF01056	Myc_N	1.000077314549925
PF21783	YNCE	2.1672646822916306
PF09268	Clathrin-link	2.7781489713697365
PF00195	Chal_sti_synt_N	0.8547590424493194
PF15664	TMEM252	3.994551924524755
PF06783	UPF0239	5.659402566033006
PF01779	Ribosomal_L29e	8.48910384904951
PF11138	DUF2911	17.97820769809902
PF03104	DNA_pol_B_exo1	0.4890472353471299
PF09511	RNA_lig_T4_1	2.115468956665244
PF20994	CENPU	3.1312559206423316
PF10221	Mat89Bb	7.98910384904951
PF22564	HAAS	1.2882593432764924
PF20825	Saposin	7.98910384904951
PF21154	RPN7_PSMD6_C	3.569441994989482
PF04187	Cofac_haem_bdg	3.994551924524755
PF10082	BBP2_2	17.97820769809902
PF05019	Coq4	4.759255993319309
PF11728	ArAE_1_C	3.195641539619804
PF00519	PPV_E1_C	1.9338613777920157
PF16500	Cyclin_N2	2.3151241428081133
PF00039	fn1	3.305830048983888
PF03407	Nucleotid_trans	2.1672646822916306
PF18404	Glyco_transf_24	4.8395920264872405
PF08088	Toxin_19	5.46441506579262
PF11934	DUF3452	0.7403464867835446
PF20029	DUF6436	8.48910384904951
PF16483	Glyco_hydro_64	5.218759867737219
PF05586	Ant_C	15.656279603211658
PF00156	Pribosyltran	0.15811745186448933
PF06935	DUF1284	5.46441506579262
PF12544	LAM_C	7.404141348328354
PF07903	PaRep2a	17.97820769809902
PF15899	BNR_6	3.195641539619804
PF05402	PqqD	5.46441506579262
PF13068	DUF3932	17.97820769809902
PF21136	MUS81-like_WH	1.5020862310513023
PF01080	Presenilin	0.18840767049715634
PF10469	AKAP7_NLS	3.792713194010354
PF20350	DUF6645	17.97820769809902
PF10725	DUF2517	3.569441994989482
PF03851	UvdE	8.48910384904951
PF01638	HxlR	1.599249466375318
PF16833	EKLF_TAD2	8.48910384904951
PF20634	IFNGR1_transm	7.98910384904951
PF22933	ComC_SSD	17.97820769809902
PF10955	Fin	5.326069232699673
PF15795	Spec3	8.48910384904951
PF12205	GIT1_C	0.9260496571232454
PF22074	Cep192_D5	5.659402566033006
PF13936	HTH_38	0.7586822001784254
PF20811	PARG_cat_N	4.885426534403885
PF00266	Aminotran_5	0.39715095367755165
PF12060	DUF3541	8.98910384904951
PF21076	GDH_ACT2	5.218759867737219
PF00528	BPD_transp_1	0.17080238796810626
PF04824	Rad21_Rec8	1.4634280862268239
PF08699	ArgoL1	5.98910384904951
PF22677	Ble-like_N	8.48910384904951
PF06170	DUF983	17.97820769809902
PF21551	CSL4_N	8.48910384904951
PF21865	TLN1-like_RS	3.702070674164177
PF19530	Ndh2_N	10.095564648737179
PF16083	Phage_holin_3_3	1.480828269665671
PF11640	TAN	0.7440691776321035
PF04054	Not1	3.702070674164177
PF18100	PDE4_UCR	2.26431504588671
PF09201	SRX	17.97820769809902
PF00717	Peptidase_S24	0.7559430918742083
PF12552	DUF3741	8.98910384904951
PF21100	MCM_C	8.48910384904951
PF21085	CusS	2.9037552158923443
PF00586	AIRS	0.542285776453999
PF18168	PPL5	4.0983112993444655
PF14503	YhfZ_C	17.97820769809902
PF14904	FAM86	3.744551924524755
PF02106	Fanconi_C	17.97820769809902
PF16299	DUF4941	17.97820769809902
PF12580	TPPII	3.702070674164177
PF05663	DUF809	17.97820769809902
PF09736	Bud13	2.528475462673569
PF19402	RamS	5.659402566033006
PF20623	Sgo0707_N2	4.992735899366339
PF09488	Osmo_MPGsynth	15.97820769809902
PF00773	RNB	0.6334561372041217
PF00569	ZZ	0.32425288794341167
PF06239	ECSIT_N	14.808282696656708
PF18819	MuF_C	16.97820769809902
PF10250	O-FucT	2.1672646822916306
PF18371	FAD_SOX	2.9037552158923443
PF13304	AAA_21	0.11550983954494859
PF17449	YrzK	17.97820769809902
PF07487	SopE_GEF	7.196622598688932
PF04591	DUF596	17.97820769809902
PF04850	Baculo_E66	7.828139801605829
PF08152	GUCT	7.085426388020708
PF22011	DUF6931	2.528475462673569
PF21440	aSelB_III	17.97820769809902
PF20660	DUF6812	17.97820769809902
PF12057	BAG6	2.931255920642332
PF22663	Rhv_5	5.659402566033006
PF12884	TORC_N	4.759255993319309
PF11978	MVP_shoulder	3.4325700461638586
PF03340	Pox_Rif	8.98910384904951
PF16800	Endopep_inhib	8.98910384904951
PF20355	DUF6650	4.9360942322189025
PF20145	ARMET_N	6.904141348328354
PF06825	HSBP1	0.5977115687331868
PF14390	DUF4420	17.97820769809902
PF16909	VPS13_DH-like	1.1643893360597006
PF04917	Shufflon_N	17.97820769809902
PF21226	MalQ_N	15.656279603211658
PF14877	mIF3	1.6856503084490462
PF16705	NUDIX_5	5.056950925347138
PF09459	EB_dh	3.848311299344466
PF05944	Phage_term_smal	8.48910384904951
PF18349	PAZ_4	5.659402566033006
PF08789	PBCV_basic_adap	17.97820769809902
PF10255	Paf67	5.218759867737219
PF08565	CDC37_M	4.759255993319309
PF04606	Ogr_Delta	5.46441506579262
PF06964	Alpha-L-AF_C	2.2038866993225916
PF15387	DUF4611	1.0198405699969948
PF00729	Viral_coat	3.702070674164177
PF03152	UFD1	3.2786490394755727
PF21142	A2M_bMG2	2.115468956665244
PF02107	FlgH	1.5173644003568507
PF00622	SPRY	0.19223770967706408
PF12622	NpwBP	2.931255920642332
PF01676	Metalloenzyme	8.48910384904951
PF02755	RPEL	1.4323049840942979
PF04982	HPP	4.0983112993444655
PF19105	DUF5792	8.98910384904951
PF04680	OGFr_III	4.244551924524755
PF01705	CX	8.98910384904951
PF17763	Asparaginase_C	2.3385610958473544
PF09408	bCoV_S1_RBD	3.2334533946851414
PF14250	AbrB-like	8.48910384904951
PF16879	Sin3a_C	3.517829275622625
PF18906	Phage_tube_2	17.97820769809902
PF12668	DUF3791	5.46441506579262
PF10280	Med11	2.1672646822916306
PF20721	C19orf12	8.48910384904951
PF08609	Fes1	0.9983236690845401
PF00581	Rhodanese	0.16399015399968256
PF15020	CATSPERD_beta-prop	5.218759867737219
PF04265	TPK_B1_binding	14.393245197377864
PF07027	DUF1318	8.98910384904951
PF02444	HEV_ORF1	17.97820769809902
PF15736	DUF4684	2.2826010997284314
PF01515	PTA_PTB	1.8186114549507764
PF14080	DUF4261	17.97820769809902
PF03645	Tctex-1	5.326069232699673
PF19097	Snu56_snRNP	4.0983112993444655
PF16326	ABC_tran_CTD	0.2088320504879906
PF08624	CRC_subunit	17.97820769809902
PF12096	DUF3572	17.97820769809902
PF13484	Fer4_16	1.0459952452830767
PF07531	TAFH	1.4634280862268239
PF04592	SelP_N	0.47902483623238484
PF13469	Sulfotransfer_3	3.744551924524755
PF12355	Dscam_C	1.2213566336009714
PF22269	TagH_SH3-like	4.0983112993444655
PF17481	Phage_sheath_domII	2.995641539619804
PF17191	RecG_wedge	2.2038866993225916
PF03969	AFG1_ATPase	3.702070674164177
PF07660	STN	2.8555535959915854
PF12750	Maff2	8.98910384904951
PF03000	NPH3	1.0853342823093453
PF17647	DUF5518	3.1312559206423316
PF00973	Paramyxo_ncap	5.326069232699673
PF09045	L27_2	7.404141348328354
PF17488	Herpes_glycoH_C	12.848924681154053
PF16913	PUNUT	5.326069232699673
PF09472	MtrF	3.542713194010354
PF01002	Flavi_NS2B	4.023772367496833
PF03911	Sec61_beta	5.46441506579262
PF09244	Suc_Porlyase_C	8.48910384904951
PF03900	Porphobil_deamC	1.818502264951925
PF06805	Lambda_tail_I	5.659402566033006
PF08608	Wyosine_form	4.630248285616227
PF01476	LysM	0.13045294121680412
PF01295	Adenylate_cycl	14.277767979957927
PF01499	Herpes_UL25	17.97820769809902
PF04145	Ctr	0.9104186402141106
PF16442	DUF5039	16.97820769809902
PF02420	AFP	17.97820769809902
PF17052	CAF20	3.994551924524755
PF21729	IRX15_IRX15L_GXM	3.994551924524755
PF21166	LSM12_LSM	4.759255993319309
PF21408	MTR4-like_stalk	0.3787570844678577
PF08328	ASL_C	7.196622598688932
PF15223	EPOP	16.97820769809902
PF11464	Rbsn	1.8722759622623775
PF12403	Pax2_C	4.6904390341635
PF20467	MmeI_C	8.48910384904951
PF21423	AhtL-like_1st	3.1312559206423316
PF11554	DUF3232	8.98910384904951
PF00322	Endothelin	4.373408900990482
PF17512	Sh_2	8.48910384904951
PF09742	Dymeclin	5.992735899366339
PF14880	COX14	2.0741108684945315
PF16491	Peptidase_M48_N	4.8395920264872405
PF18567	TIR_3	15.656279603211658
PF14125	DUF4292	8.48910384904951
PF05042	Caleosin	17.97820769809902
PF13246	Cation_ATPase	2.0316057471367666
PF06644	ATP11	16.393245197377862
PF01548	DEDD_Tnp_IS110	1.972611813808101
PF15591	Imm31	17.97820769809902
PF00637	Clathrin	0.3058067287758141
PF13713	BRX_N	4.8395920264872405
PF16738	CBM26	5.659402566033006
PF12345	DUF3641	17.97820769809902
PF03002	Somatostatin	2.8555535959915854
PF04363	DUF496	5.659402566033006
PF12888	Lipid_bd	17.97820769809902
PF09973	DUF2208	8.48910384904951
PF14541	TAXi_C	2.6048022775424293
PF18814	PBECR5	3.994551924524755
PF20960	Bag6_BAGS	2.056177885339695
PF20259	tRNA_Me_trans_M	0.2828784867256448
PF04536	TPM_phosphatase	5.326069232699673
PF10644	Misat_Tub_SegII	4.407773398645183
PF14928	S_tail_recep_bd	17.97820769809902
PF12543	DUF3738	8.98910384904951
PF15252	DUF4589	5.46441506579262
PF15672	Mucin15	17.97820769809902
PF21639	ORC5_lid	2.0396811399939896
PF19704	DNAPKcs_CC5	3.848311299344466
PF08550	DUF1752	1.0778177982283803
PF01658	Inos-1-P_synth	15.97820769809902
PF10328	7TM_GPCR_Srx	4.992735899366339
PF05201	GlutR_N	1.7616565393313417
PF16869	CNDH2_M	2.4197960132436203
PF15217	TSC21	3.195641539619804
PF18103	SH3_11	15.656279603211658
PF00149	Metallophos	0.12325152810748012
PF22773	Myo1_CA	2.2322075328963105
PF08784	RPA_C	2.717178055064052
PF11222	DUF3017	17.97820769809902
PF21862	CiaD	8.48910384904951
PF03287	Pox_C7_F8A	8.48910384904951
PF15626	mono-CXXC	8.48910384904951
PF17114	Nod1	3.195641539619804
PF00398	RrnaAD	0.8535174752007286
PF09716	ETRAMP	0.3626515851210506
PF08389	Xpo1	0.3425994653371977
PF02296	Alpha_adaptin_C	7.03565855124525
PF07466	DUF1517	8.98910384904951
PF07840	FadR_C	11.535264202250291
PF06723	MreB_Mbl	0.24018405992570463
PF17118	DUF5105	2.6093799338686097
PF06495	Transformer	2.961656539331342
PF11760	CbiG_N	5.46441506579262
PF05615	THOC7	0.8171026386381577
PF03444	HrcA_DNA-bdg	1.4238543489536808
PF08468	MTS_N	11.012423413436933
PF19339	ANGEL2_N	5.056950925347138
PF10931	DUF2735	17.97820769809902
PF02297	COX6B	5.326069232699673
PF20237	DUF6594	0.5357298078951146
PF03435	Sacchrp_dh_NADP	1.4523685669433888
PF10850	DUF2653	8.48910384904951
PF23012	Syntrophin_4th	14.277767979957927
PF14228	MOR2-PAG1_mid	5.131081732459288
PF07672	MFS_Mycoplasma	7.828139801605829
PF21021	FAF1	1.5864186644397695
PF02113	Peptidase_S13	8.196622598688931
PF13641	Glyco_tranf_2_3	1.075246746007617
PF05690	ThiG	1.0853342823093453
PF07129	DUF1381	7.259388039730861
PF11959	DUF3473	17.97820769809902
PF14247	DUF4344	8.48910384904951
PF19341	B3GALT2_N	7.03565855124525
PF04716	ETC_C1_NDUFA5	5.659402566033006
PF03788	LrgA	4.0983112993444655
PF01688	Herpes_gI	5.056950925347138
PF04001	Vhr1	17.97820769809902
PF01459	Porin_3	5.46441506579262
PF20847	PNM8A	3.0341705552082834
PF18169	SLATT_6	8.48910384904951
PF21146	ICAM1_3_5_D2	2.7037552158923446
PF14718	SLT_L	2.4680471161094513
PF18503	RPN6_C_helix	2.7781489713697365
PF13802	Gal_mutarotas_2	1.7210671943623046
PF22358	MfA4_C	16.97820769809902
PF14363	AAA_assoc	2.2531293465769533
PF05022	SRP40_C	3.1312559206423316
PF12423	KIF1B	0.7914497495318826
PF22238	RIP_P131-like	5.659402566033006
PF07131	DUF1382	17.97820769809902
PF22895	DUF7024	6.44537242842434
PF02752	Arrestin_C	1.3439516276374643
PF22305	BARF1_ig2	16.393245197377862
PF04561	RNA_pol_Rpb2_2	1.260484227006702
PF10208	ARMET_C	1.8968239971368466
PF00769	ERM_C	1.1718858960771528
PF14772	NYD-SP28	0.8969763828028003
PF21977	DUF6926	2.6630346163498366
PF02580	Tyr_Deacylase	8.48910384904951
PF04166	PdxA	17.97820769809902
PF01839	FG-GAP	1.186968324132085
PF08292	RNA_pol_Rbc25	7.585426388020708
PF11315	Med30	2.0937542290302367
PF14178	YppF	17.97820769809902
PF14372	hAT-like_RNase-H	1.574539197337935
PF14851	FAM176	0.294368996523424
PF14392	zf-CCHC_4	1.904907358332042
PF14583	Pectate_lyase22	2.7781489713697365
PF02377	Dishevelled	4.6904390341635
PF08324	PUL	15.170852776041416
PF01557	FAA_hydrolase	1.9508970861730939
PF02163	Peptidase_M50	1.2414799639283325
PF11533	AtzH-like	17.97820769809902
PF01443	Viral_helicase1	0.19710992901099447
PF21128	MCM4_WHD	3.569441994989482
PF21006	NHase_beta_N	7.404141348328354
PF00026	Asp	0.7341615608957955
PF02386	TrkH	2.2883800307759055
PF13433	Peripla_BP_5	5.659402566033006
PF03479	PCC	1.358589027532026
PF21638	SDA1_C	14.170852776041416
PF22095	BT_3535-like	17.97820769809902
PF15624	Mif2_N	2.565540866229644
PF07286	D-Glu_cyclase	3.598311299344466
PF15698	Phosphatase	17.97820769809902
PF21415	SMK1_alpha_su	3.9140699008029145
PF21182	FOG1-like_PR	5.131081732459288
PF02018	CBM_4_9	0.7634239822411188
PF06588	Muskelin_N	7.828139801605829
PF16230	DUF4889	5.659402566033006
PF11648	RIG-I_C-RD	2.4680471161094513
PF16726	OCRL_clath_bd	7.98910384904951
PF06008	Laminin_I	0.8535174752007286
PF20464	MmeI_N	17.97820769809902
PF13010	pRN1_helical	8.98910384904951
PF12667	NigD_N	4.244551924524755
PF21619	DUF6855	3.1312559206423316
PF11543	UN_NPL4	1.4370903976378406
PF21436	STT3-PglB_core	2.7312559206423317
PF05960	DUF885	3.994551924524755
PF18386	ROQ_II	2.565540866229644
PF11321	DUF3123	17.97820769809902
PF07240	Turandot	5.659402566033006
PF17272	DUF5337	3.1312559206423316
PF02467	Whib	5.326069232699673
PF11872	DUF3392	17.97820769809902
PF13218	DUF4026_N	17.97820769809902
PF13724	DNA_binding_2	7.98910384904951
PF15817	TMEM40	3.1312559206423316
PF02095	Extensin_1	14.808282696656708
PF13719	zinc_ribbon_5	5.326069232699673
PF06580	His_kinase	1.265627960321166
PF03940	MSSP	3.195641539619804
PF18484	CDCA	17.97820769809902
PF11174	DUF2970	3.848311299344466
PF09884	DUF2111	17.97820769809902
PF08135	EPV_E5	8.48910384904951
PF17853	GGDEF_2	1.2792106456809547
PF13299	CPSF100_C	1.2231496129129096
PF20822	Cmr2_hel_dom1	8.98910384904951
PF11880	DUF3400	8.196622598688931
PF11991	Trp_DMAT	3.994551924524755
PF08111	Pea-VEAacid	17.97820769809902
PF10131	PTPS_related	17.97820769809902
PF09332	Mcm10	4.992735899366339
PF14581	SseB_C	16.97820769809902
PF21599	ZSWIM3_N	16.97820769809902
PF19191	HEF_HK	1.2481839748415848
PF04488	Gly_transf_sug	1.5342536329618564
PF19970	VMAP-M9	17.97820769809902
PF18716	VATC	3.0341705552082834
PF09877	EhaL	17.97820769809902
PF21494	PKC_C2	14.97820769809902
PF12993	DUF3877	5.46441506579262
PF17356	PBSX_XtrA	17.97820769809902
PF21769	vRNAP_dom	3.195641539619804
PF09216	Pfg27	4.0983112993444655
PF10506	USHBP1_PDZ-bd	1.2481839748415848
PF09739	MCM_bind	17.97820769809902
PF12606	RELT	1.8320349504014573
PF09519	RE_HindVP	17.97820769809902
PF22891	KH_PNO1_2nd	4.311271192913521
PF12316	Dsh_C	1.972611813808101
PF01925	TauE	2.834170555208283
PF18058	SbsC_C	17.97820769809902
PF21310	OCRL-like_ASH	2.4427132672019427
PF11623	NdhS	17.97820769809902
PF22027	NS3_helicase_C	2.134713782776118
PF01603	B56	3.994551924524755
PF09693	Phage_XkdX	1.924155649672233
PF07983	X8	3.292713194010354
PF11382	MctB	7.98910384904951
PF02655	ATP-grasp_3	1.4753075533286586
PF15070	GOLGA2L5	0.8714211401660333
PF16737	PHF12_MRG_bd	4.576760061551811
PF22805	M_smaller_dom	5.46441506579262
PF02252	PA28_C	4.552093201070552
PF03349	Toluene_X	17.97820769809902
PF09929	DUF2161	8.98910384904951
PF01580	FtsK_SpoIIIE	0.4974902134800714
PF16729	DUF5067	17.97820769809902
PF04773	FecR	5.659402566033006
PF13405	EF-hand_6	0.15386040970316142
PF07905	PucR	2.1990350281968376
PF15151	RGCC	8.48910384904951
PF02779	Transket_pyr	0.6958894844688523
PF16030	GD_N	5.659402566033006
PF04588	HIG_1_N	0.49572980789511456
PF05744	Benyvirus_P25	8.196622598688931
PF05832	DUF846	8.48910384904951
PF20714	HTH_64	4.723617592013805
PF13655	RVT_N	7.828139801605829
PF06068	TIP49	2.028475462673569
PF03736	EPTP	1.6898470099327152
PF08208	RNA_polI_A34	1.7472759622623775
PF07445	PriC	4.0983112993444655
PF13467	RHH_4	8.48910384904951
PF11021	DUF2613	1.1994370997814885
PF12108	SF3a60_bindingd	1.3393245197377865
PF13284	DUF4072	5.46441506579262
PF18676	MBG_2	8.98910384904951
PF02696	SelO	5.131081732459288
PF09228	Prok-TraM	8.98910384904951
PF03160	Calx-beta	0.7689010060288529
PF13241	NAD_binding_7	1.0647290819984403
PF06864	PAP_PilO	4.0983112993444655
PF05421	DUF751	2.2531293465769533
PF16611	RGS12_us2	8.196622598688931
PF08628	Nexin_C	2.010188157498643
PF07288	RpoY	7.48910384904951
PF12471	GTP_CH_N	16.97820769809902
PF02421	FeoB_N	0.9713566336009715
PF14318	Mononeg_mRNAcap	1.6626225278877707
PF12616	DUF3775	8.98910384904951
PF05901	Excalibur	17.97820769809902
PF05708	Peptidase_C92	7.696622598688932
PF05881	CNPase	3.848311299344466
PF04468	PSP1	8.48910384904951
PF18053	GyrB_insert	2.6909291484084013
PF13105	DUF3959	17.97820769809902
PF18085	Mak_N_cap	6.98910384904951
PF14916	CCDC92	1.0824090078838846
PF09812	MRP-L28	17.97820769809902
PF11865	mTOR_dom	0.5407586540874592
PF14669	Asp_Glu_race_2	17.97820769809902
PF14078	DUF4259	4.0983112993444655
PF20146	NRF	5.326069232699673
PF17189	Glyco_hydro_30C	2.3013804494427843
PF12754	Get5_N	17.97820769809902
PF03096	Ndr	5.218759867737219
PF07035	RMC1_C	3.9140699008029145
PF01055	Glyco_hydro_31_2nd	1.98179080947478
PF17694	DUF5540	17.97820769809902
PF05497	Destabilase	17.97820769809902
PF10824	T7SS_ESX_EspC	8.48910384904951
PF05342	Peptidase_M26_N	3.792713194010354
PF06755	CbtA_toxin	17.97820769809902
PF16678	HOIP-UBA	1.1136624766850747
PF15686	LYRIC	2.4427132672019427
PF04306	DUF456	3.9140699008029145
PF05874	PBAN	7.828139801605829
PF07091	FmrO	7.98910384904951
PF20142	Scaffold	8.48910384904951
PF11446	DUF2897	5.131081732459288
PF18547	HalOD2	5.46441506579262
PF11268	DUF3071	17.97820769809902
PF09920	DUF2150	16.393245197377862
PF16998	17kDa_Anti_2	7.03565855124525
PF16842	RRM_occluded	5.326069232699673
PF17152	CHASE8	3.744551924524755
PF01141	Gag_p12	4.131081732459288
PF21973	DUF6925	17.97820769809902
PF03845	Spore_permease	2.4427132672019427
PF09703	Cas_Csa4	8.196622598688931
PF07034	ORC3_N	2.398874199562977
PF06563	DUF1125	8.48910384904951
PF20584	DUF6787	16.393245197377862
PF04163	Tht1	3.195641539619804
PF03397	Rhabdo_matrix	17.97820769809902
PF22006	PilZ-like	1.7103605774864292
PF12859	ANAPC1	2.961656539331342
PF09294	Interfer-bind	1.1643893360597006
PF12167	Arm-DNA-bind_2	1.6642452997887798
PF21162	ETFQO_UQ-bd	1.8968239971368466
PF22554	Chap-C	8.48910384904951
PF13273	DUF4064	0.4491038409555912
PF03893	Lipase3_N	5.056950925347138
PF21433	M3K_C	16.97820769809902
PF00957	Synaptobrevin	0.5819178847607198
PF16468	DUF5049	8.48910384904951
PF04377	ATE_C	2.068316615511074
PF09183	DUF1947	1.497820769809902
PF17897	VCPO_N	17.97820769809902
PF18443	Tli4_N	4.244551924524755
PF22569	DCD_C	8.48910384904951
PF09832	DUF2059	5.131081732459288
PF08147	DBP10CT	0.8989921625228756
PF05731	TROVE	3.0341705552082834
PF03535	Paxillin	7.328139801605829
PF15770	DUF4699	8.48910384904951
PF05673	DUF815	3.517829275622625
PF02983	Pro_Al_protease	1.0685188351422064
PF06328	Lep_receptor_Ig	2.7616565393313417
PF22510	FlhF_N	8.48910384904951
PF02100	ODC_AZ	17.97820769809902
PF10729	CedA	17.97820769809902
PF00835	SNAP-25	2.8142634204981003
PF18590	IMP2_N	16.97820769809902
PF17209	Hfq	3.1312559206423316
PF21970	HOXB-AS3	8.48910384904951
PF15358	TSKS	7.98910384904951
PF06471	CoV_ExoN	3.267829275622625
PF01416	PseudoU_synth_1	0.4810297542862236
PF14537	Cytochrom_c3_2	3.0341705552082834
PF02806	Alpha-amylase_C	0.727280441695539
PF07469	DUF1518	2.010188157498643
PF08498	Sterol_MT_C	13.0713171024905
PF05566	Pox_vIL-18BP	8.48910384904951
PF03281	Mab-21	0.9214005921614631
PF08584	Ribonuc_P_40	5.218759867737219
PF00533	BRCT	0.12082932311548028
PF04016	DUF364	2.6630346163498366
PF17984	TERT_thumb	8.48910384904951
PF08619	Nha1_C	2.528475462673569
PF19569	START_2	17.97820769809902
PF19819	DUF6302	7.98910384904951
PF03577	Peptidase_C69	3.9140699008029145
PF12304	BCLP	17.97820769809902
PF10724	DUF2516	17.97820769809902
PF02476	US2	8.48910384904951
PF18068	Npun_R1517	8.48910384904951
PF17864	AAA_lid_4	0.7755567701717606
PF11080	GhoS	17.97820769809902
PF18059	Csd3_N	8.48910384904951
PF07470	Glyco_hydro_88	8.48910384904951
PF08385	DHC_N1	0.9014754066772097
PF11450	DUF3008	2.4197960132436203
PF09157	TruB-C_2	3.4305690569719336
PF09264	Sial-lect-inser	16.97820769809902
PF07205	DUF1413	8.48910384904951
PF15433	MRP-S31	8.48910384904951
PF22110	TFIIIA_zf-C2H2	17.97820769809902
PF15002	ERK-JNK_inhib	17.97820769809902
PF12123	CBD_PlyG	3.994551924524755
PF05554	Novirhabdo_Nv	17.97820769809902
PF07449	HyaE	16.393245197377862
PF07133	Merozoite_SPAM	1.0050940787493214
PF05819	NolX	17.97820769809902
PF12134	PRP8_domainIV	4.9360942322189025
PF00975	Thioesterase	0.7809866841957547
PF17169	NRBF2_MIT	15.97820769809902
PF09765	FANCL_d1	5.326069232699673
PF19016	DUF5745	17.97820769809902
PF06039	Mqo	1.7424068549391942
PF06698	DUF1192	0.3809814716664084
PF03832	WSK	1.1809043980034513
PF22290	DmmA-like_N	3.848311299344466
PF20070	DUF6466	17.97820769809902
PF00040	fn2	0.7458633486712853
PF07757	AdoMet_MTase	3.848311299344466
PF02604	PhdYeFM_antitox	3.994551924524755
PF10657	RC-P840_PscD	17.97820769809902
PF16888	DUF5082	1.0468771145151183
PF05063	MT-A70	2.565540866229644
PF05587	Anth_Ig	4.992735899366339
PF07212	Hyaluronidase_1	5.46441506579262
PF18177	La_HTH_kDCL	4.0983112993444655
PF12398	DUF3660	3.848311299344466
PF08492	SRP72	3.0341705552082834
PF10404	BHD_2	7.585426388020708
PF20982	CSS_CxxC	17.97820769809902
PF12149	HSV_VP16_C	7.828139801605829
PF12467	CMV_1a	4.797748399125954
PF03454	MoeA_C	2.1630346163498366
PF18347	DUF5606	8.98910384904951
PF00818	Ice_nucleation	7.48910384904951
PF14744	WASH-7_mid	5.218759867737219
PF07776	zf-AD	1.784720997494741
PF00949	Peptidase_S7	3.017829275622625
PF02945	Endonuclease_7	1.4393245197377864
PF20441	TerL_nuclease	2.4680471161094513
PF02836	Glyco_hydro_2_C	0.5802111256690602
PF05725	FNIP	1.3334351508324296
PF12852	Cupin_6	5.056950925347138
PF03235	DUF262	17.97820769809902
PF11463	R-HINP1I	17.97820769809902
PF15250	Raftlin	17.97820769809902
PF20267	GREB1_C	15.656279603211658
PF11127	YgaP-like_TM	2.0937542290302367
PF09133	SANTA	3.994551924524755
PF07473	Toxin_11	8.48910384904951
PF22215	MLKL_N	2.0741108684945315
PF21306	TetR_C_40	17.97820769809902
PF07979	Intimin_C	3.6640699008029145
PF21233	RIOX1_C_WH	2.6446640391871106
PF02881	SRP54_N	0.8965865981364047
PF21485	IF5A-like_N	5.585426388020708
PF18339	Tudor_1_RapA	11.083389934791075
PF20492	ERM_helical	0.5326211845015574
PF08810	KapB	3.195641539619804
PF04632	FUSC	1.0824090078838846
PF02739	5_3_exonuc_N	3.602760898885569
PF08969	USP8_dimer	4.723617592013805
PF09112	N-glycanase_N	8.98910384904951
PF18437	Nup54_C	15.97820769809902
PF06961	DUF1294	2.1990350281968376
PF03276	Gag_spuma_N	15.656279603211658
PF21719	MIOS_a-sol	3.6640699008029145
PF13221	DUF4029	8.48910384904951
PF11145	DUF2921	15.97820769809902
PF09763	Sec3_CC	1.3084768361252603
PF07780	Spb1_C	4.52863009177342
PF03176	MMPL	1.2454645742042008
PF09748	Med10	1.4518776079461722
PF21742	DUF6868	8.48910384904951
PF15045	Clathrin_bdg	17.97820769809902
PF15305	IFT43	4.0983112993444655
PF02895	H-kinase_dim	1.132157522943355
PF10642	Tom5	8.48910384904951
PF01488	Shikimate_DH	0.2525719714813143
PF16472	DUF5050	1.8510353370820884
PF18644	Phage_int_SAM_6	3.078649039475573
PF21102	DprA_N	3.792713194010354
PF04509	CheC	5.218759867737219
PF17892	Cadherin_5	5.46441506579262
PF13682	CZB	17.97820769809902
PF17836	PglD_N	15.97820769809902
PF05580	Peptidase_S55	8.48910384904951
PF21414	SMK_beta_su	17.97820769809902
PF05346	DUF747	5.46441506579262
PF12472	DUF3693	2.528475462673569
PF14417	MEDS	8.48910384904951
PF00780	CNH	0.7115038028668929
PF03993	DUF349	1.030249630567528
PF19728	DUF6220	2.8555535959915854
PF21300	LbR_Ice_bind	2.0937542290302367
PF01780	Ribosomal_L37ae	8.48910384904951
PF10281	Ish1	1.2792106456809547
PF08956	DUF1869	8.48910384904951
PF11820	DUF3339	17.97820769809902
PF02901	PFL-like	12.808282696656708
PF09649	CHZ	2.1672646822916306
PF21987	YajR_YAM	17.97820769809902
PF07254	Cpta_toxin	1.799155649672233
PF13347	MFS_2	1.3393245197377865
PF09364	XFP_N	6.152891178063762
PF13195	DUF4011	5.46441506579262
PF16806	ExsD	17.97820769809902
PF03278	IpaB_EvcA	5.46441506579262
PF20843	Rax2_3	5.326069232699673
PF19281	PHYHIP_C	14.393245197377864
PF17948	DnaT	2.0741108684945315
PF06405	RCC_reductase	8.98910384904951
PF02763	Diphtheria_C	7.98910384904951
PF14023	DUF4239	17.97820769809902
PF22058	X25_BaPul_like	2.565540866229644
PF22122	InlK_D2	8.48910384904951
PF12203	HDAC4_Gln	3.6296940198654304
PF11367	DUF3168	17.97820769809902
PF22050	Toddler	8.196622598688931
PF22935	RM44_endonuclase	1.5864186644397695
PF06953	ArsD	5.218759867737219
PF00184	Hormone_5	6.466906789370283
PF11828	DUF3348	17.97820769809902
PF13456	RVT_3	1.3198887344965202
PF15526	Ntox21	8.48910384904951
PF01796	OB_aCoA_assoc	5.131081732459288
PF21390	Irp3-like_C	5.131081732459288
PF01369	Sec7	0.5323373253365509
PF10579	Rapsyn_N	5.218759867737219
PF03345	DDOST_48kD	5.46441506579262
PF16688	CNV-Replicase_N	14.808282696656708
PF17755	UvrA_DNA-bind	1.1638357695214396
PF03083	MtN3_slv	2.404802277542429
PF02687	FtsX	0.3484881914014002
PF20199	RepSA	5.46441506579262
PF15975	Flot	2.242440957007001
PF07851	TMPIT	1.4277767979957927
PF08808	RES	17.97820769809902
PF07072	ZapD	17.97820769809902
PF15091	DUF4554	17.97820769809902
PF14990	DUF4516	5.131081732459288
PF21380	Nrd1-Seb1_dom2	16.97820769809902
PF18093	Trm5_N	2.398874199562977
PF09354	HNF_C	6.79294513766013
PF18927	CrtO	5.326069232699673
PF12382	Peptidase_A2_2	14.518776079461722
PF04398	DUF538	17.97820769809902
PF14245	Pilin_PilA	17.97820769809902
PF04107	GCS2	0.93042804990286
PF14007	YtpI	8.48910384904951
PF01446	Rep_1	3.1312559206423316
PF13523	Acetyltransf_8	7.404141348328354
PF00807	Apidaecin	3.9140699008029145
PF05781	MRVI1	5.659402566033006
PF15872	SRTM1	5.326069232699673
PF14795	Leucyl-specific	8.196622598688931
PF02378	PTS_EIIC	0.48645833149203555
PF15658	Latrotoxin_C	4.244551924524755
PF10418	DHODB_Fe-S_bind	1.3098203488021112
PF19095	DUF5783	2.2366113718873795
PF10714	LEA_6	17.97820769809902
PF11625	DUF3253	8.48910384904951
PF00220	Hormone_4	6.48910384904951
PF00453	Ribosomal_L20	3.994551924524755
PF20369	DUF6664	3.2786490394755727
PF12025	Phage_C	17.97820769809902
PF04091	Sec15_C	2.34521951708175
PF12592	ATPase_RavA_C	3.0835878770810736
PF02288	Dehydratase_MU	5.46441506579262
PF15484	DUF4642	8.48910384904951
PF12182	DUF3642	17.97820769809902
PF04732	Filament_head	1.98179080947478
PF04748	Polysacc_deac_2	5.131081732459288
PF12462	Helicase_IV_N	2.4963679496831697
PF05051	COX17	3.994551924524755
PF18631	Cucumopine_C	5.46441506579262
PF22342	T3SS_CopN_3rd	5.659402566033006
PF17293	Arm-DNA-bind_5	3.994551924524755
PF12270	Cyt_c_ox_IV	8.48910384904951
PF21421	ATR1_WY-dom	3.2786490394755727
PF22972	EVH1_PP4R3	4.484881914014002
PF21824	MUC20	17.97820769809902
PF20400	BAR_4	2.115468956665244
PF05171	HemS	5.46441506579262
PF22613	Transketolase_C_1	2.320633653350419
PF20015	VMAP-M12	17.97820769809902
PF06524	NOA36	0.25199093018202456
PF00308	Bac_DnaA	0.2576187993422605
PF18382	Formin_GBD_N	7.98910384904951
PF15713	PTPRCAP	2.1397439568712886
PF02263	GBP	1.813257925605253
PF03668	RapZ-like_N	0.3559489165708882
PF06508	QueC	0.26708967373018483
PF20801	MAML1_3_TAD2	8.196622598688931
PF12333	Ipi1_N	0.8491181422075162
PF02728	Cu_amine_oxidN3	4.2969149522828936
PF00188	CAP	0.5266313761509209
PF12753	Nro1	8.196622598688931
PF02822	Antistasin	3.569441994989482
PF09061	Stirrup	8.98910384904951
PF04487	CITED	8.48910384904951
PF07413	Herpes_UL37_2	16.97820769809902
PF01114	Colipase	7.138883989978964
PF02402	Lysis_col	5.131081732459288
PF18077	DUF5595	0.7115145304979853
PF22838	COMMD8_HN	2.4963679496831697
PF13098	Thioredoxin_2	1.111210926903232
PF07179	SseB	8.196622598688931
PF06289	FlbD	5.46441506579262
PF13209	DUF4017	17.97820769809902
PF19425	Csd3_N2	1.8320349504014573
PF17216	Rrp44_CSD1	6.904141348328354
PF13452	MaoC_dehydrat_N	2.3013804494427843
PF12808	Mto2_bdg	1.2213566336009714
PF06945	DUF1289	5.46441506579262
PF12402	nlz1	3.569441994989482
PF13081	DUF3941	17.97820769809902
PF00411	Ribosomal_S11	0.5579014367841916
PF20197	DUF6560	8.98910384904951
PF17223	CPCFC	17.97820769809902
PF01576	Myosin_tail_1	0.4478739193829744
PF07927	HicA_toxin	17.97820769809902
PF12037	ATAD3_N	4.797748399125954
PF17683	TFIIF_beta_N	3.6296940198654304
PF16390	DUF4999	17.97820769809902
PF05978	UNC-93	7.196622598688932
PF17096	AIM3	4.797748399125954
PF16664	STAC2_u1	2.9037552158923443
PF16916	ZT_dimer	1.6033314565622216
PF00258	Flavodoxin_1	0.43920394571887045
PF10055	DUF2292	4.0983112993444655
PF21923	BON_like	7.98910384904951
PF18406	DUF1281_C	8.196622598688931
PF07694	5TM-5TMR_LYT	1.560794325221168
PF08155	NOGCT	1.0450684827169432
PF05922	Inhibitor_I9	1.434509965585207
PF05409	Peptidase_C30	6.0477823243685895
PF10607	CTLH	0.568276837082884
PF16387	DUF4996	17.97820769809902
PF02844	GARS_N	2.2094940721072267
PF13377	Peripla_BP_3	0.9687526912010599
PF00926	DHBP_synthase	1.8796279966596545
PF20539	DUF6754	17.97820769809902
PF03420	Peptidase_S77	8.98910384904951
PF16312	Oberon_cc	7.48910384904951
PF08218	Citrate_ly_lig	3.1312559206423316
PF14582	Metallophos_3	3.994551924524755
PF07484	Collar	1.6642452997887798
PF18012	PH_17	7.259388039730861
PF09955	DUF2189	2.0741108684945315
PF21042	Stu2_CTS	2.1672646822916306
PF00561	Abhydrolase_1	0.14236398561289598
PF00746	Gram_pos_anchor	0.16136181260812643
PF12774	AAA_6	1.01640399871453
PF02981	FokI_D1	8.196622598688931
PF12124	bCoV_SUD_C	2.010188157498643
PF02391	MoaE	3.1312559206423316
PF15406	PH_6	5.46441506579262
PF11610	Ste5	5.659402566033006
PF02301	HORMA	1.397820769809902
PF00093	VWC	0.32562697360266174
PF16569	GramPos_pilinBB	4.0983112993444655
PF00438	S-AdoMet_synt_N	4.23322752216582
PF18420	CSN4_RPN5_eIF3a	14.518776079461722
PF00815	Histidinol_dh	1.1441900153879527
PF17943	HOCHOB	17.97820769809902
PF10083	DUF2321	17.97820769809902
PF00128	Alpha-amylase	0.1381652714108691
PF21224	Hen1_LCD	4.244551924524755
PF05569	Peptidase_M56	1.4692577995483946
PF09798	LCD1	3.195641539619804
PF18313	TLP1_add_C	17.97820769809902
PF01723	Chorion_1	15.656279603211658
PF01480	PWI	0.7511031960276512
PF17919	RT_RNaseH_2	1.7748026923459117
PF01371	Trp_repressor	2.0741108684945315
PF03187	Corona_I	8.98910384904951
PF01563	Alpha_E3_glycop	2.5697849362308105
PF12450	vWF_A	17.97820769809902
PF00280	potato_inhibit	17.97820769809902
PF04593	SelP_C	15.393245197377864
PF00701	DHDPS	3.994551924524755
PF04184	ST7	16.393245197377862
PF11409	SARA	8.98910384904951
PF10001	DUF2242	17.97820769809902
PF20235	PIR2-like_helical	2.6093799338686097
PF01063	Aminotran_4	3.994551924524755
PF02916	DNA_PPF	3.9140699008029145
PF14579	HHH_6	0.7336320404298668
PF02541	Ppx-GppA	2.8838160505625727
PF15346	ARGLU	0.9012517386307815
PF00887	ACBP	1.1111959590270244
PF07012	Curlin_rpt	14.656279603211658
PF10897	DUF2713	8.48910384904951
PF05702	Herpes_UL49_5	17.97820769809902
PF18465	Rieske_3	5.218759867737219
PF09128	RGS-like	3.792713194010354
PF02790	COX2_TM	1.1961020952451646
PF13462	Thioredoxin_4	0.8200141689357154
PF20026	DUF6434	5.46441506579262
PF05403	Plasmodium_HRP	3.1312559206423316
PF10470	AKAP7_RIRII_bdg	3.994551924524755
PF21409	Ski2_beta-barrel	5.659402566033006
PF19053	EccD	7.404141348328354
PF14312	FG-GAP_2	7.138883989978964
PF10152	CCDC53	0.8222475116528835
PF08479	POTRA_2	1.3223320195935553
PF08777	RRM_3	1.972611813808101
PF17707	DUF5553	17.97820769809902
PF07400	IL11	2.565540866229644
PF14381	EDR1	3.848311299344466
PF16329	Pestivirus_E2	5.218759867737219
PF10640	MCEL_TPase	14.277767979957927
PF17282	DUF5347	1.784720997494741
PF03643	Vps26	5.659402566033006
PF13921	Myb_DNA-bind_6	0.5642698999173487
PF07848	PaaX	17.97820769809902
PF00108	Thiolase_N	1.0505161935602227
PF21200	Glyco_hydro_39_C	7.828139801605829
PF21960	RCF1-5-like_lid	0.4096053504009046
PF01661	Macro	0.2376178995385949
PF05234	UAF_Rrn10	8.98910384904951
PF20690	bDLD3	5.659402566033006
PF04623	Adeno_E1B_55K_N	5.056950925347138
PF09087	Cyc-maltodext_N	8.48910384904951
PF14462	Prok-E2_E	8.98910384904951
PF12089	DUF3566	17.97820769809902
PF00711	Defensin_beta	2.329701283016503
PF00852	Glyco_transf_10	1.7424068549391942
PF09774	MIX23	8.48910384904951
PF09526	DUF2387	5.326069232699673
PF07015	VirC1	4.885426534403885
PF16041	APD1-4_M	3.848311299344466
PF17267	DUF5333	17.97820769809902
PF02794	HlyC	17.97820769809902
PF21174	Glce_b_sandwich	15.656279603211658
PF17140	DUF5113	8.48910384904951
PF00015	MCPsignal	0.22940826115800647
PF06088	TLP-20	3.195641539619804
PF10880	DUF2673	5.326069232699673
PF10175	MPP6	4.0983112993444655
PF04497	Pox_E2-like	15.656279603211658
PF18654	LegC3_N	17.97820769809902
PF13987	YedD	16.97820769809902
PF22909	Caulimovir_coat_dom	2.056177885339695
PF07895	DUF1673	3.994551924524755
PF17974	GalBD_like	5.46441506579262
PF02719	Polysacc_synt_2	2.2531293465769533
PF00736	EF1_GNE	1.3946603270441023
PF21040	CEP104-like_TOG	0.6638883989978964
PF04542	Sigma70_r2	0.5353080408442851
PF19031	Intu_longin_1	4.390284258680472
PF09515	Thia_YuaJ	8.48910384904951
PF10693	DUF2499	8.48910384904951
PF17569	DUF5475	17.97820769809902
PF03483	B3_4	0.7991825343961569
PF20727	Nairovirus_MLD	17.97820769809902
PF10180	WKF	17.97820769809902
PF15937	PrlF_antitoxin	16.97820769809902
PF01264	Chorismate_synt	5.46441506579262
PF21892	TMEM145_N	16.393245197377862
PF07127	Nodulin_late	1.784720997494741
PF18525	Cas9_C	16.97820769809902
PF17211	VHL_C	5.218759867737219
PF11661	DUF2986	14.393245197377864
PF00498	FHA	0.15724713940054075
PF14299	PP2	3.348311299344466
PF19169	DUF5851	17.97820769809902
PF01582	TIR	0.6027180378418918
PF17344	DUF5374	17.97820769809902
PF00217	ATP-gua_Ptrans	2.962231170288513
PF15355	Chisel	3.994551924524755
PF14663	RasGEF_N_2	3.0341705552082834
PF02118	Srg	17.97820769809902
PF00316	FBPase	1.331428030763889
PF03722	Hemocyanin_N	6.09842399228718
PF14600	CBM_5_12_2	8.48910384904951
PF06816	NOD	1.8540296711570028
PF03237	Terminase_6N	2.3618087960069025
PF13796	Sensor	1.896356597005177
PF14252	DUF4347	3.9140699008029145
PF15035	Rootletin	0.7765670943388344
PF20775	Tag1_N	17.97820769809902
PF13339	AATF-Che1	0.6830635630578431
PF08542	Rep_fac_C	0.8227697199615515
PF16080	Phage_holin_2_3	2.6630346163498366
PF16208	Keratin_2_head	0.8035919459668444
PF15238	TEADIR3	2.3151241428081133
PF05688	BIg21	4.0983112993444655
PF17777	RL10P_insert	0.6337973383204484
PF15057	DUF4537	3.1312559206423316
PF01620	Pollen_allerg_2	4.797748399125954
PF09137	Glucodextran_N	17.97820769809902
PF19154	DUF5836	5.326069232699673
PF02951	GSH-S_N	6.111660097967776
PF14256	YwiC	1.1809043980034513
PF14826	FACT-Spt16_Nlob	4.390284258680472
PF13333	rve_2	1.674155649672233
PF15761	IMUP	0.5532403324982469
PF15063	TC1	8.196622598688931
PF06049	LSPR	7.98910384904951
PF19636	DUF6139	17.97820769809902
PF03031	NIF	0.36540055430651125
PF10163	EnY2	1.497820769809902
PF22423	AmyB_C	17.97820769809902
PF18081	FANC_SAP	4.0983112993444655
PF19440	TTC7_N	3.0341705552082834
PF04571	Lipin_N	7.259388039730861
PF06609	TRI12	5.218759867737219
PF09690	PYST-C1	17.97820769809902
PF05399	EVI2A	3.994551924524755
PF03555	Flu_C_NS2	4.602760898885569
PF04088	Peroxin-13_N	2.9037552158923443
PF03700	Sorting_nexin	7.138883989978964
PF22606	Cdc6-ORC-like_ATPase_lid	1.4277767979957927
PF10161	DDDD	3.994551924524755
PF00969	MHC_II_beta	3.212231170288513
PF00503	G-alpha	0.6269536056653288
PF14972	Mito_morph_reg	8.98910384904951
PF22835	TEX13B-like_middle	5.659402566033006
PF11719	Drc1-Sld2	1.3198887344965202
PF18418	AnkUBD	7.48910384904951
PF18618	HP0268	1.4370903976378406
PF09258	Glyco_transf_64	3.3335878770810736
PF12264	Waikav_capsid_1	2.6093799338686097
PF11755	DUF3311	5.46441506579262
PF01731	Arylesterase	2.4680471161094513
PF18233	Cdc13_OB4_dimer	4.244551924524755
PF10844	DUF2577	17.97820769809902
PF03930	Flp_N	7.585426388020708
PF03768	Attacin_N	5.218759867737219
PF07565	Band_3_cyto	1.560794325221168
PF12609	DUF3774	2.6630346163498366
PF08018	Antimicrobial_1	12.97820769809902
PF08818	DUF1801	4.0983112993444655
PF04394	DUF536	3.9140699008029145
PF22528	PRMT_C	0.8685928593012155
PF03399	SAC3_GANP	1.1898139983298273
PF15179	Myc_target_1	2.7781489713697365
PF14523	Syntaxin_2	0.3645072116875842
PF14423	Imm5	8.48910384904951
PF07695	7TMR-DISM_7TM	3.0341705552082834
PF12883	DUF3828	17.97820769809902
PF01171	ATP_bind_3	0.10768059622130957
PF06262	Zincin_1	8.196622598688931
PF13276	HTH_21	1.1380705526783383
PF03775	MinC_C	0.8291918084607612
PF06426	SATase_N	2.531255920642332
PF10597	U5_2-snRNA_bdg	4.9360942322189025
PF02897	Peptidase_S9_N	6.512005693856072
PF15328	GCOM2	3.9140699008029145
PF19679	DUF6181	17.97820769809902
PF02502	LacAB_rpiB	3.994551924524755
PF09030	Creb_binding	7.828139801605829
PF02632	BioY	5.46441506579262
PF04086	SRP-alpha_N	1.7589146378113125
PF12362	DUF3646	16.97820769809902
PF09684	Tail_P2_I	17.97820769809902
PF08347	CTNNB1_binding	13.89074485684868
PF11120	CBP_BcsF	4.0983112993444655
PF15684	AROS	5.46441506579262
PF12360	Pax7	15.170852776041416
PF12597	Cox20	17.97820769809902
PF04402	SIMPL	4.723617592013805
PF03383	Serpentine_r_xa	3.1312559206423316
PF06220	zf-U1	1.2627949869862438
PF15092	UPF0728	17.97820769809902
PF00740	Parvo_coat	3.3796940198654304
PF03995	Inhibitor_I36	15.97820769809902
PF22278	DUF6958	17.97820769809902
PF03465	eRF1_3	1.5454766230458044
PF15880	NDUFV3	8.98910384904951
PF15966	F-box_4	2.995641539619804
PF12383	SARS_3b	8.98910384904951
PF20934	phi29_gp9_C	15.97820769809902
PF08281	Sigma70_r4_2	0.5258941151624861
PF06406	StbA_N	17.97820769809902
PF05920	Homeobox_KN	0.28029398336079486
PF05001	RNA_pol_Rpb1_R	4.659402566033006
PF07562	NCD3G	2.37393664826417
PF01037	AsnC_trans_reg	2.957115144648584
PF21291	CYNS_N	3.759255993319309
PF13415	Kelch_3	0.6247201705958342
PF16471	JIP_LZII	0.7440691776321035
PF17684	SCAB-PH	16.393245197377862
PF12128	DUF3584	1.5531341886776688
PF19839	RHH_9	8.98910384904951
PF20747	Caudo_bapla_N	8.196622598688931
PF10548	P22_AR_C	3.994551924524755
PF06316	Ail_Lom	8.48910384904951
PF18415	HKR_ArcB_TM	3.744551924524755
PF07829	Toxin_14	17.97820769809902
PF19170	DUF5852	8.48910384904951
PF22410	DnaG_helical	17.97820769809902
PF07245	Phlebovirus_G2	7.48910384904951
PF12111	PNPase_C	7.98910384904951
PF06515	BDV_P10	17.97820769809902
PF10476	DUF2448	7.828139801605829
PF05720	Dicty_CAD	17.97820769809902
PF15766	DUF4695	3.195641539619804
PF12875	DUF3826	8.196622598688931
PF13727	CoA_binding_3	2.8555535959915854
PF04420	CHD5	5.46441506579262
PF14117	DUF4287	3.994551924524755
PF02300	Fumarate_red_C	17.97820769809902
PF21314	TM_ErbB1	0.16192424897244853
PF22441	CLIC-like_N	3.348311299344466
PF12762	DDE_Tnp_IS1595	17.97820769809902
PF07402	Herpes_U26	8.98910384904951
PF14266	YceG_bac	8.48910384904951
PF14709	DND1_DSRM	1.2730280184655436
PF11264	ThylakoidFormat	3.1312559206423316
PF15455	Pro-rich_19	17.97820769809902
PF22903	DA_C	2.1672646822916306
PF10522	RII_binding_1	1.3656279603211658
PF13034	DUF3895	4.0983112993444655
PF15417	DUF4624	17.97820769809902
PF10518	TAT_signal	0.18901461384077248
PF13149	Mfa_like_1	8.48910384904951
PF11787	Aft1_HRR	5.659402566033006
PF05919	Mitovir_RNA_pol	5.659402566033006
PF05748	Rubella_E1	14.808282696656708
PF00443	UCH	0.151529208706047
PF02501	T2SSI	14.808282696656708
PF08071	RS4NT	1.8705533659892586
PF01486	K-box	0.5652527873038916
PF17865	AAA_lid_5	15.393245197377864
PF10524	NfI_DNAbd_pre-N	6.828139801605829
PF02595	Gly_kinase	16.393245197377862
PF03789	ELK	2.0706031410702304
PF18727	ALMS_repeat	2.024407539434488
PF12929	Mid1	5.326069232699673
PF02415	Chlam_PMP	1.5960942915587588
PF15586	Imm8	17.97820769809902
PF07982	Herpes_UL74	5.46441506579262
PF11773	ComGE	17.97820769809902
PF01190	Pollen_Ole_e_1	8.48910384904951
PF22920	UvrC_RNaseH	0.6734004633769934
PF07494	Reg_prop	1.6131973421624135
PF05773	RWD	0.5434472675032075
PF07394	DUF1501	5.659402566033006
PF13413	HTH_25	1.3235687230712496
PF21745	PMI1_PMIR1-2_C	16.393245197377862
PF19427	Insc_C	16.97820769809902
PF20475	DUF6717	17.97820769809902
PF13414	TPR_11	0.47902483623238484
PF07653	SH3_2	0.1457584658875973
PF13231	PMT_2	1.7589146378113125
PF18363	PI_PP_I	1.0468771145151183
PF21110	GlxA	17.97820769809902
PF18988	DUF5721	17.97820769809902
PF02631	RecX_HTH2	1.7586571572328202
PF14998	Ripply	17.97820769809902
PF21202	SLX1_C	0.6236276147975817
PF14338	Mrr_N	2.6093799338686097
PF18750	SNAD4	5.659402566033006
PF18284	DNA_meth_N	2.528475462673569
PF12258	Microcephalin	2.4680471161094513
PF16290	DUF4936	5.46441506579262
PF03097	BRO1	0.9487962698710997
PF05390	Kre9_KNH1_C	7.696622598688932
PF02222	ATP-grasp	0.49427252785895837
PF21717	DTX3L_a-b	3.994551924524755
PF06911	Senescence	5.218759867737219
PF00062	Lys	5.056950925347138
PF05686	Glyco_transf_90	3.744551924524755
PF17738	DUF5575	4.0983112993444655
PF05064	Nsp1_C	0.9679184052974481
PF18541	RuvC_III	1.8722759622623775
PF00455	DeoRC	1.0343691904258636
PF14925	HPHLAWLY	15.97820769809902
PF02574	S-methyl_trans	3.3636614355105015
PF18047	PatG_D	8.98910384904951
PF08654	DASH_Dad2	1.3323890548374235
PF11980	DUF3481	1.5531341886776688
PF15272	BBP1_C	2.7781489713697365
PF18308	GGA_N-GAT	4.8395920264872405
PF23015	zf-WIZ	2.010188157498643
PF10094	DUF2332	17.97820769809902
PF18447	FN3_7	5.131081732459288
PF22611	CFAP126	17.97820769809902
PF20123	DUF6513	17.97820769809902
PF14358	DUF4405	3.1312559206423316
PF00035	dsrm	0.280637362576727
PF06714	Gp5_OB	5.46441506579262
PF06483	ChiC	8.98910384904951
PF14809	TGT_C1	3.542713194010354
PF05308	Mito_fiss_reg	0.5065712606169775
PF07724	AAA_2	0.08713256396725001
PF19486	DUF6022	3.494551924524755
PF17401	DUF5407	8.48910384904951
PF18041	MapZ_EC1	2.1672646822916306
PF13349	DUF4097	2.2366113718873795
PF05670	NFACT-R_1	1.3730280184655435
PF19485	DUF6021	17.97820769809902
PF13270	CCDC28	3.195641539619804
PF01804	Penicil_amidase	17.97820769809902
PF08604	Nup153	16.393245197377862
PF01120	Alpha_L_fucos	3.47268621421217
PF02906	Fe_hyd_lg_C	0.9066289628026265
PF15134	CEP15-like	8.48910384904951
PF17772	zf-MYST	1.7931347061995602
PF01333	Apocytochr_F_C	0.8786316225385244
PF03312	DUF272	4.244551924524755
PF15446	zf-PHD-like	17.97820769809902
PF07986	TBCC	2.8142634204981003
PF14633	SH2_2	3.3636614355105015
PF22768	Siphovirus-type_tail_C	3.6296940198654304
PF13088	BNR_2	2.0741108684945315
PF20422	DHR-2_Lobe_B	4.444783836108098
PF07348	Syd	3.9140699008029145
PF09741	DUF2045	17.97820769809902
PF13651	EcoRI_methylase	16.97820769809902
PF00032	Cytochrom_B_C	0.23274178488014902
PF08237	PE-PPE	3.702070674164177
PF01726	LexA_DNA_bind	0.8268695135215618
PF14921	APCDDC	15.170852776041416
PF20404	DUF6694	5.659402566033006
PF21223	TPPII_Ig-like-1	7.404141348328354
PF21382	IntS9_C	2.4197960132436203
PF14814	UB2H	2.4680471161094513
PF16106	DUF4824	17.97820769809902
PF19986	DUF6422	17.97820769809902
PF06466	PCAF_N	7.696622598688932
PF14981	FAM165	2.1990350281968376
PF09888	DUF2115	17.97820769809902
PF14130	Cap4_nuclease	8.196622598688931
PF10220	Smg8_Smg9	8.48910384904951
PF03192	DUF257	8.98910384904951
PF06513	DUF1103	17.97820769809902
PF17424	DUF5411	5.659402566033006
PF03904	DUF334	1.8320349504014573
PF09414	RNA_ligase	3.792713194010354
PF21377	MurD_N	4.506258693153907
PF22047	RecJ_C	5.326069232699673
PF22167	PH0730-like_N	17.97820769809902
PF09242	FCSD-flav_bind	17.97820769809902
PF21078	GDH_HM3	5.218759867737219
PF05028	PARG_cat_C	4.885426534403885
PF09151	DUF1936	17.97820769809902
PF02221	E1_DerP2_DerF2	8.48910384904951
PF08674	AChE_tetra	4.552093201070552
PF20966	MASE6	17.97820769809902
PF11724	YvbH_ext	17.97820769809902
PF11676	DUF3272	8.48910384904951
PF15033	Kinocilin	3.569441994989482
PF02576	RimP_N	1.2166754644018376
PF04456	DUF503	16.97820769809902
PF06248	Zw10_N	1.2482072895141305
PF14432	DYW_deaminase	1.4439928679246152
PF07748	Glyco_hydro_38C	1.8241077617814385
PF08553	VID27	8.196622598688931
PF00263	Secretin	3.1732013698091928
PF07054	Pericardin_rpt	8.196622598688931
PF15894	SgrT	17.97820769809902
PF10659	Trypan_glycop_C	7.03565855124525
PF04309	G3P_antiterm	8.98910384904951
PF00760	Cucumo_coat	7.98910384904951
PF05685	Uma2	17.97820769809902
PF04755	PAP_fibrillin	5.218759867737219
PF00889	EF_TS	0.16830872555860202
PF04807	Gemini_AC4_5	8.48910384904951
PF17916	LID	2.0396811399939896
PF08880	QLQ	1.4022950770534373
PF22733	NNH1	8.196622598688931
PF14887	HMG_box_5	5.056950925347138
PF07471	Phage_Nu1	5.46441506579262
PF02073	Peptidase_M29	8.98910384904951
PF22698	Semialdhyde_dhC_1	1.5417145405893034
PF20893	DUF6845	15.656279603211658
PF17389	Bac_rhamnosid6H	5.131081732459288
PF22988	PWWP_KDM3B	7.404141348328354
PF21014	Slowpoke_C	4.506258693153907
PF05343	Peptidase_M42	2.242440957007001
PF17054	JUPITER	4.885426534403885
PF05470	eIF-3c_N	0.7072947875124791
PF02984	Cyclin_C	1.722391918054049
PF08400	phage_tail_N	5.46441506579262
PF14554	VEGF_C	6.94537242842434
PF11246	Phage_gp53	5.659402566033006
PF07433	DUF1513	4.0983112993444655
PF05272	VapE-like_dom	5.659402566033006
PF13879	Hmw_CFAP97	1.6453647440729675
PF08416	PTB	3.319441994989482
PF15902	Sortilin-Vps10	0.546210145614301
PF13323	HPIH	4.723617592013805
PF01419	Jacalin	1.3641964422175474
PF02495	TGBp3	5.326069232699673
PF04415	DUF515	2.1672646822916306
PF18159	S_4TM	3.792713194010354
PF16047	Antimicrobial22	15.97820769809902
PF21891	DUF6917	16.97820769809902
PF12391	PCDO_beta_N	8.196622598688931
PF18994	Prophage_tailD1	3.994551924524755
PF01656	CbiA	0.4336098111600345
PF12164	SporV_AA	17.97820769809902
PF00721	TMV_coat	1.6284755114679619
PF00767	Poty_coat	2.075774290340334
PF16528	Exo84_C	1.3393245197377865
PF03259	Robl_LC7	8.196622598688931
PF07793	DUF1631	4.0983112993444655
PF21005	MCEL_GT_OB	4.723617592013805
PF16557	CUTL	5.218759867737219
PF12938	M_domain	3.195641539619804
PF20048	DUF6450	8.98910384904951
PF00020	TNFR_c6	0.32638910989775377
PF00458	WHEP-TRS	0.7824235049663576
PF20390	DUF6685	8.48910384904951
PF02042	RWP-RK	1.3808282696656708
PF21792	DAB2_SBM	15.170852776041416
PF19612	DUF6117	8.48910384904951
PF04089	BRICHOS	1.5255866871839372
PF00854	PTR2	0.8056715535530425
PF00346	Complex1_49kDa	0.5014957212851138
PF06638	Strabismus	2.995641539619804
PF15632	ATPgrasp_Ter	1.4062532892457398
PF20540	DUF6755	3.9140699008029145
PF15914	FAM193_C	16.97820769809902
PF13980	UPF0370	7.828139801605829
PF21972	Arc1p_N_like	1.4231425218507452
PF18212	ZNRF_3_ecto	2.010188157498643
PF07075	NamZ_N	17.97820769809902
PF16622	zf-C2H2_11	1.3890744856848682
PF20155	TMP_3	0.6087838726080848
PF17638	UL42	1.6642452997887798
PF18192	DNTTIP1_dimer	2.4680471161094513
PF22004	SPAR	16.97820769809902
PF10251	PEN-2	8.48910384904951
PF03068	PAD	4.630248285616227
PF19119	DUF5803	5.659402566033006
PF14268	YoaP	5.46441506579262
PF04813	HNF-1A_C	5.056950925347138
PF00286	Flexi_CP	7.696622598688932
PF08458	PH_2	3.2786490394755727
PF08800	BT4734-like_N	17.97820769809902
PF12042	RP1-2	17.97820769809902
PF04965	GPW_gp25	1.9614685978079192
PF06900	DUF1270	17.97820769809902
PF13794	MiaE_2	8.98910384904951
PF13843	DDE_Tnp_1_7	2.1990350281968376
PF19289	PmbA_TldD_3rd	13.656279603211658
PF17359	DUF5385	8.48910384904951
PF07088	GvpD_P-loop	16.393245197377862
PF08395	7tm_7	1.2707461543726382
PF13832	zf-HC5HC2H_2	0.6259388039730861
PF17320	DUF5363	5.659402566033006
PF22401	Csd6-like_dimeriz	16.97820769809902
PF15116	CD52	5.46441506579262
PF06617	M-inducer_phosp	4.723617592013805
PF02627	CMD	1.358589027532026
PF19340	GCP6_N	8.196622598688931
PF14283	DUF4366	2.1990350281968376
PF16313	DUF4953	17.97820769809902
PF01184	Gpr1_Fun34_YaaH	17.97820769809902
PF12231	Rif1_N	8.196622598688931
PF08267	Meth_synt_1	4.630248285616227
PF22746	SHOCT-like_DUF2089-C	0.42165539040291933
PF04702	Vicilin_N	4.885426534403885
PF11004	Kdo_hydroxy	17.97820769809902
PF09986	DUF2225	5.659402566033006
PF18433	DUF5610	16.97820769809902
PF21020	Spectrin_4	4.759255993319309
PF21411	Rap1_C_Sp	17.97820769809902
PF08689	Med5	3.848311299344466
PF16932	T4SS_TraI	5.46441506579262
PF17351	DUF5380	5.659402566033006
PF03458	Gly_transporter	7.085426388020708
PF20515	2OG-FeII_Oxy_6	7.585426388020708
PF08486	SpoIID	3.994551924524755
PF03848	TehB	7.98910384904951
PF20309	DRHyd-ASK	15.170852776041416
PF21521	MYO6_lever	2.4680471161094513
PF11842	DUF3362	6.310327846740468
PF02086	MethyltransfD12	5.218759867737219
PF02406	MmoB_DmpM	17.97820769809902
PF03318	ETX_MTX2	3.195641539619804
PF10151	TMEM214	17.97820769809902
PF01427	Peptidase_M15	15.97820769809902
PF16199	Radical_SAM_C	1.3334351508324296
PF00871	Acetate_kinase	1.788396582780246
PF00323	Defensin_1	12.223320195935552
PF02718	Herpes_UL31	8.48910384904951
PF08159	NUC153	1.7589146378113125
PF20769	YPEB_N	1.6642452997887798
PF10135	Rod-binding	4.9360942322189025
PF12236	Head-tail_con	17.97820769809902
PF06716	MP_p6	5.46441506579262
PF00609	DAGK_acc	1.5454372317479763
PF00575	S1	0.1249987284077301
PF12330	Haspin_kinase	0.9207674897749057
PF18615	SMYLE_N	17.97820769809902
PF11697	DUF3293	8.48910384904951
PF17116	T9SS_plug_1st	17.97820769809902
PF04535	CASP_dom	0.6144898217937146
PF14186	Aida_C2	15.170852776041416
PF21833	DUF6893	8.48910384904951
PF02608	Bmp	1.9843921224069543
PF16026	MIEAP	1.8510353370820884
PF06525	SoxE	5.326069232699673
PF12842	DUF3819	5.056950925347138
PF07575	Nucleopor_Nup85	2.1397439568712886
PF05425	CopD	1.4518776079461722
PF06072	Herpes_US9	5.056950925347138
PF08884	Flagellin_D3	2.995641539619804
PF00116	COX2	0.6356842801500194
PF20376	DUF6671	17.97820769809902
PF04037	DUF382	3.994551924524755
PF00565	SNase	0.7634239822411188
PF00487	FA_desaturase	0.44401165013381905
PF01131	Topoisom_bac	0.6438108645036217
PF16797	Fungal_KA1	1.8510353370820884
PF12906	RINGv	0.7844964339623076
PF21004	MCEL_GT_NTPase	4.723617592013805
PF02148	zf-UBP	0.48274542813834415
PF16034	JAKMIP_CC3	2.1397439568712886
PF18427	DDR_swiveling	5.46441506579262
PF02336	Denso_VP4	16.393245197377862
PF01155	HypA	0.5085892383052135
PF04717	Phage_base_V	1.9614685978079192
PF14910	MMS22L_N	7.696622598688932
PF13065	DUF3928	8.98910384904951
PF07930	DAP_B	2.3013804494427843
PF06523	DUF1106	8.98910384904951
PF14927	Neurensin	3.9140699008029145
PF04002	RadC	1.8690425001912125
PF01813	ATP-synt_D	1.0257193467941765
PF16550	RPN13_C	1.5434160952054088
PF13643	DUF4145	3.1312559206423316
PF20291	MC5	16.97820769809902
PF02049	FliE	3.1312559206423316
PF09164	VitD-bind_III	2.834170555208283
PF02562	PhoH	2.4680471161094513
PF02659	Mntp	0.7592485388477102
PF18139	LSDAT_euk	3.348311299344466
PF07732	Cu-oxidase_3	0.6328846575080505
PF14540	NTF-like	8.48910384904951
PF19444	MTP_lip_bd	14.808282696656708
PF00310	GATase_2	2.222391918054049
PF00788	RA	0.38450880674167637
PF18092	DraK_HK_N	8.48910384904951
PF21272	FYVE_CARP1-2	4.8395920264872405
PF12318	FAD-SLDH	17.97820769809902
PF21173	DksA-like_N	17.97820769809902
PF02372	IL15	8.48910384904951
PF08154	NLE	1.6502775633424174
PF14664	RICTOR_N	2.1990350281968376
PF07174	FAP	0.7843736181367232
PF01123	Stap_Strp_toxin	13.170852776041416
PF16885	CAC1F_C	1.6898470099327152
PF12334	rOmpB_passenger	7.828139801605829
PF22271	DUF6955	8.48910384904951
PF20750	PAP_NTPase	2.678649039475573
PF04775	Bile_Hydr_Trans	13.808282696656708
PF08515	TGF_beta_GS	0.8714211401660333
PF20033	DUF6438	4.244551924524755
PF12675	DUF3795	17.97820769809902
PF03336	Pox_C4_C10	8.98910384904951
PF17945	Crystall_4	5.659402566033006
PF19671	DUF6174	8.48910384904951
PF08677	GP11	16.97820769809902
PF03964	Chorion_2	17.97820769809902
PF17184	Rit1_C	16.97820769809902
PF12932	Sec16	1.8415349795498115
PF17105	BRD4_CDT	1.9508970861730939
PF18398	CLIP_SPH_mas	5.659402566033006
PF14204	Ribosomal_L18_c	2.1093799338686097
PF18340	TraI_2B	2.6630346163498366
PF03706	LPG_synthase_TM	1.2552984269687917
PF00136	DNA_pol_B	0.32516000559561925
PF02197	RIIa	0.7129545119394969
PF20918	SPOCS_spoVID-N	7.98910384904951
PF06812	ImpA_N	1.6453647440729675
PF16182	AbLIM_anchor	2.056177885339695
PF19562	DUF6084	4.244551924524755
PF05179	CDC73_C	4.992735899366339
PF22284	DUF6961	17.97820769809902
PF11988	Dsl1_N	17.97820769809902
PF11416	Syntaxin-5_N	5.056950925347138
PF21607	FabD_helical_ins	5.056950925347138
PF14555	UBA_4	0.31464066895534093
PF21009	SBSN_GxHH_rpt	5.46441506579262
PF19432	RME-8_N	3.3956415396198043
PF04866	Rota_NS6	8.48910384904951
PF07881	Fucose_iso_N1	6.0237351802680665
PF16325	Peptidase_U32_C	5.218759867737219
PF20409	SnoaL_5	8.98910384904951
PF14703	PHM7_cyt	1.3412574558322776
PF18091	E3_UbLigase_RBR	16.393245197377862
PF09321	DUF1978	17.97820769809902
PF20399	PH_20	5.131081732459288
PF05995	CDO_I	8.48910384904951
PF08647	BRE1	0.31059047116053456
PF22883	Consortin_N	8.196622598688931
PF19275	HflX_C	1.3334364193999002
PF17309	DUF5356	7.98910384904951
PF21041	XMAP215_CLASP_TOG	1.0450684827169432
PF10960	Holin_BhlA	1.7103605774864292
PF15309	ALMS_motif	3.848311299344466
PF13343	SBP_bac_6	2.4963679496831697
PF10650	zf-C3H1	5.659402566033006
PF19725	RPC5_C	3.1312559206423316
PF14426	Imm2	17.97820769809902
PF18390	GlgX_C	2.994551924524755
PF03480	DctP	3.1312559206423316
PF03658	Ub-RnfH	8.48910384904951
PF14644	DUF4456	5.659402566033006
PF05546	She9_MDM33	1.1648506415082516
PF19087	DUF5776	3.994551924524755
PF13664	DUF4149	1.5864186644397695
PF07350	Gig2-like	7.98910384904951
PF02727	Cu_amine_oxidN2	2.5867627157481135
PF20187	DUF6550	1.9570349504014573
PF09181	ProRS-C_2	4.992735899366339
PF20876	VipE	8.98910384904951
PF18216	N_formyltrans_C	3.9140699008029145
PF04544	Herpes_UL20	3.2786490394755727
PF01537	Herpes_glycop_D	1.2414799639283325
PF09667	DUF2028	16.97820769809902
PF22329	Nro1_C	2.2366113718873795
PF07396	Porin_O_P	8.48910384904951
PF12390	Se-cys_synth_N	1.7805978248678986
PF18401	Thioredoxin_13	3.702070674164177
PF01834	XRCC1_N	7.696622598688932
PF13008	zf-Paramyx-P	3.4140699008029145
PF16028	SLC3A2_N	1.5634796780545
PF15784	GPS2_interact	0.9153520123103623
PF18080	Gal_mutarotas_3	8.196622598688931
PF10324	7TM_GPCR_Srw	2.2531293465769533
PF04541	Herpes_U34	16.97820769809902
PF22626	LysX_preATP_grasp	7.585426388020708
PF21731	TARSH_C	16.393245197377862
PF01418	HTH_6	2.0557252513873823
PF17672	FIMP	4.0983112993444655
PF05798	Phage_FRD3	17.97820769809902
PF02089	Palm_thioest	2.4197960132436203
PF17967	Pullulanase_N2	8.196622598688931
PF21676	Atg2_N	3.292713194010354
PF08226	DUF1720	1.2933813578740567
PF15242	FAM53	8.48910384904951
PF04421	Mss4	17.97820769809902
PF05407	Peptidase_C27	4.885426534403885
PF17736	Ig_C17orf99	2.878649039475573
PF11598	COMP	2.795641539619804
PF06172	Cupin_5	5.659402566033006
PF10704	DUF2508	2.565540866229644
PF04881	Adeno_GP19K	16.97820769809902
PF14332	DUF4388	2.4963679496831697
PF13128	DUF3954	16.393245197377862
PF02058	Guanylin	5.659402566033006
PF22040	U9-ORF	17.97820769809902
PF15601	Imm70	5.131081732459288
PF07351	DUF1480	5.659402566033006
PF19561	DUF6083	8.48910384904951
PF05135	Phage_connect_1	2.6093799338686097
PF17691	Croc_4	8.98910384904951
PF16958	PRP9_N	5.46441506579262
PF05127	Helicase_RecD	2.5171780550640523
PF10413	Rhodopsin_N	11.454645742042006
PF17201	Cache_3-Cache_2	5.659402566033006
PF18222	PilN_bio_d	8.98910384904951
PF18250	Tgi2PP	8.98910384904951
PF04118	Dopey_N	1.3323890548374235
PF16294	RSB_motif	8.196622598688931
PF01846	FF	1.013142521233955
PF17192	MukF_M	3.9038070524680393
PF00353	HemolysinCabind	0.6491763951749628
PF01644	Chitin_synth_1	2.1630346163498366
PF22542	Utp8_C	5.46441506579262
PF13120	DUF3974	17.97820769809902
PF18257	DsbG_N	4.244551924524755
PF02544	Steroid_dh	2.34521951708175
PF18833	TPR_22	5.46441506579262
PF04119	HSP9_HSP12	5.659402566033006
PF13335	Mg_chelatase_C	5.056950925347138
PF02747	PCNA_C	1.9397262825357324
PF07717	OB_NTP_bind	1.1236740711697875
PF03026	CM1	15.656279603211658
PF14677	FANCI_S3	1.924155649672233
PF22717	SNaCT10	5.218759867737219
PF12496	BNIP2	1.7260353370820884
PF11968	Bmt2	5.218759867737219
PF02982	Scytalone_dh	5.46441506579262
PF00092	VWA	0.19909326308296077
PF07076	DUF1344	1.6642452997887798
PF20961	phiKZ_gp29PR	17.97820769809902
PF11421	Synthase_beta	7.404141348328354
PF14731	Staphopain_pro	14.393245197377864
PF17034	zinc_ribbon_16	3.6296940198654304
PF05465	Halo_GVPC	3.9140699008029145
PF20407	DUF1583_N	17.97820769809902
PF17573	GA-like	1.896356597005177
PF07702	UTRA	4.23093515974559
PF05438	TRH	7.404141348328354
PF22519	TorS_sen_N	2.115468956665244
PF13429	TPR_15	5.46441506579262
PF15997	DUF4772	8.196622598688931
PF01029	NusB	0.7006264608326308
PF00314	Thaumatin	5.218759867737219
PF03533	SPO11_like	3.994551924524755
PF00731	AIRC	1.3223320195935553
PF14237	GYF_2	1.771356597005177
PF14792	DNA_pol_B_palm	2.242440957007001
PF03306	AAL_decarboxy	17.97820769809902
PF11892	PpnN_C	15.97820769809902
PF10618	Tail_tube	17.97820769809902
PF05564	Auxin_repressed	2.1672646822916306
PF20959	BibA_N	5.659402566033006
PF21774	NagJ_C	2.565540866229644
PF03260	Lipoprotein_11	17.97820769809902
PF20870	FAM186A-B_N	5.326069232699673
PF03763	Remorin_C	2.995641539619804
PF08521	2CSK_N	3.744551924524755
PF02636	Methyltransf_28	8.48910384904951
PF01768	Birna_VP4	7.03565855124525
PF14635	HHH_7	6.727322871021003
PF22247	Diox-like_N	2.398874199562977
PF05120	GvpG	0.8277245354406176
PF20476	DUF6718	8.98910384904951
PF00621	RhoGEF	0.19673105477902997
PF11501	bCoV_NSP1	13.656279603211658
PF02030	Lipoprotein_8	15.656279603211658
PF17829	GH115_C	5.659402566033006
PF08164	TRAUB	6.79294513766013
PF20689	bDLD1	7.48910384904951
PF04657	DMT_YdcZ	5.46441506579262
PF00332	Glyco_hydro_17	2.595641539619804
PF07869	DUF1656	4.0983112993444655
PF09750	DRY_EERY	7.696622598688932
PF04598	Gasdermin	4.576760061551811
PF13297	SDE2_2C	4.8395920264872405
PF05550	Peptidase_C53	15.656279603211658
PF21809	Glyco_hydro_84_hel	8.98910384904951
PF15963	Myb_DNA-bind_7	1.784720997494741
PF15803	zf-SCNM1	7.696622598688932
PF18407	GNAT_like	17.97820769809902
PF05678	VQ	3.994551924524755
PF06101	Vps62	17.97820769809902
PF20834	DUF6842	2.4680471161094513
PF06747	CHCH	0.8056715535530425
PF21253	Mann_GBD_bact	17.97820769809902
PF18886	DUF5649	5.131081732459288
PF06970	RepA_N	8.48910384904951
PF11887	Mce4_CUP1	0.8398687047034075
PF03471	CorC_HlyC	5.440087807569246
PF03727	Hexokinase_2	2.404802277542429
PF09066	B2-adapt-app_C	1.972611813808101
PF06420	Mgm101p	5.46441506579262
PF20483	Flavi_NS5_thumb	12.095564648737179
PF02205	WH2	0.2957760051859049
PF09651	Cas_APE2256	8.48910384904951
PF01335	DED	1.3170852776041417
PF09082	DUF1922	8.48910384904951
PF22780	HI0933_like_1st	3.1312559206423316
PF13151	DUF3990	8.98910384904951
PF02232	Alpha_TIF	5.218759867737219
PF22009	YLDV-IL18BP-like	17.97820769809902
PF18197	TTHB210-like	17.97820769809902
PF19070	DUF5766	4.797748399125954
PF10166	DUF2368	8.98910384904951
PF19132	DUF5815	8.98910384904951
PF03062	MBOAT	1.090065598157032
PF01976	DUF116	8.196622598688931
PF07789	DUF1627	17.97820769809902
PF14447	Prok-RING_4	1.4393245197377864
PF16450	Prot_ATP_ID_OB_C	0.2678673394251976
PF14856	Hce2	5.326069232699673
PF11547	E3_UbLigase_EDD	7.828139801605829
PF10023	Aminopep	17.97820769809902
PF20654	Sec3_C-term	2.961656539331342
PF02556	SecB	14.97820769809902
PF15019	C9orf72-like	5.46441506579262
PF00806	PUF	0.813123198971624
PF16807	DUF5072	17.97820769809902
PF17657	DNA_pol3_finger	0.9343425436325389
PF03169	OPT	5.326069232699673
PF21071	LARP1_HEAT	15.393245197377864
PF22782	Sde2_C	2.4680471161094513
PF10160	Tmemb_40	17.97820769809902
PF20208	ARPP-1	5.326069232699673
PF06114	Peptidase_M78	2.115468956665244
PF06795	Erythrovirus_X	17.97820769809902
PF14202	TnpW	3.078649039475573
PF02012	BNR	0.588737993046848
PF12970	DUF3858	17.97820769809902
PF04126	Cyclophil_like	8.48910384904951
PF02880	PGM_PMM_III	1.0475193997421774
PF12008	EcoR124_C	4.8395920264872405
PF16001	DUF4775	17.97820769809902
PF16395	DUF5004	8.48910384904951
PF16024	DUF4785_1st	8.98910384904951
PF04221	RelB	4.0983112993444655
PF03426	CBM_15	5.659402566033006
PF11557	Omp_AT	17.97820769809902
PF06467	zf-FCS	0.814000711732009
PF11669	WBP-1	2.115468956665244
PF02816	Alpha_kinase	1.2414799639283325
PF08325	WLM	17.97820769809902
PF07244	POTRA	0.8696755658559635
PF04997	RNA_pol_Rpb1_1	0.8148484963012961
PF00018	SH3_1	0.06749020294670832
PF02207	zf-UBR	0.9207674897749057
PF18140	PCC_BT	7.585426388020708
PF20990	DUF2207_C	0.2904011424898657
PF03811	Zn_Tnp_IS1	1.4949606380046672
PF01564	Spermine_synth	0.560864702707621
PF09775	Keratin_assoc	17.97820769809902
PF16168	AIDA	2.995641539619804
PF20746	EndoS_Ig-like	3.1312559206423316
PF12869	tRNA_anti-like	2.1990350281968376
PF18196	Cdh1_DBD_1	2.2826010997284314
PF03248	Rer1	3.702070674164177
PF20767	DUF6839	5.659402566033006
PF02318	FYVE_2	0.8565949787436035
PF00071	Ras	0.14060990279456204
PF16898	TOPRIM_C	1.4022950770534373
PF18084	ARTD15_N	2.056177885339695
PF16050	CDC73_N	7.696622598688932
PF12789	PTR	17.97820769809902
PF14316	DUF4381	0.6932027776863903
PF17767	NAPRTase_N	1.3264856854816505
PF08826	DMPK_coil	0.634969119444014
PF11118	DUF2627	1.599249466375318
PF18729	HEPN_STY4199	8.98910384904951
PF06803	DUF1232	4.9360942322189025
PF12352	V-SNARE_C	0.4007618982716575
PF04122	CW_binding_2	2.1990350281968376
PF14842	FliG_N	1.771356597005177
PF10517	DM13	3.1312559206423316
PF05204	Hom_end	4.244551924524755
PF05095	DUF687	17.97820769809902
PF17477	Rota_VP4_MID	2.3824237015282494
PF00064	Neur	5.46441506579262
PF18782	NAD2	2.7312559206423317
PF06388	DUF1075	17.97820769809902
PF02542	YgbB	2.8445737139779728
PF13328	HD_4	1.349479742659364
PF22806	M_C	16.97820769809902
PF15236	CCDC66	5.46441506579262
PF09546	Spore_III_AE	17.97820769809902
PF00144	Beta-lactamase	1.2808282696656708
PF13967	RSN1_TM	2.5616565393313415
PF08627	CRT-like	5.326069232699673
PF21429	Gp44_C	16.97820769809902
PF18740	EC042_2821	3.848311299344466
PF11516	DUF3220	17.97820769809902
PF07759	DUF1615	17.97820769809902
PF04684	BAF1_ABF1	2.1990350281968376
PF01787	Ilar_coat	17.97820769809902
PF20493	WD-like_fungi	8.48910384904951
PF17197	DUF5134	3.1312559206423316
PF03362	Herpes_UL47	16.97820769809902
PF15773	DAAP1	17.97820769809902
PF14561	TPR_20	1.6284755114679619
PF01769	MgtE	2.2883800307759055
PF21124	VinK_C	17.97820769809902
PF00253	Ribosomal_S14	0.2642673919531119
PF11068	YlqD	1.3730280184655435
PF06903	VirK	8.48910384904951
PF22292	DUF6965	3.078649039475573
PF03081	Exo70_C	1.1973502523674016
PF13332	Fil_haemagg_2	1.1506902247213922
PF00941	FAD_binding_5	3.017829275622625
PF22759	E217_GP41	5.326069232699673
PF14821	Thr_synth_N	2.666870301664859
PF02759	RUN	0.4681097221554391
PF17417	Glycoprot_B_PH2	1.5382227945159406
PF07910	Peptidase_C78	6.904141348328354
PF07921	Fibritin_C	2.565540866229644
PF13264	DUF4055	2.6093799338686097
PF16781	DUF5068	17.97820769809902
PF18694	TDP43_N	15.393245197377864
PF09565	RE_NgoFVII	17.97820769809902
PF14021	TNT	17.97820769809902
PF01869	BcrAD_BadFG	0.9566603712412759
PF18696	SMP_C2CD2L	7.98910384904951
PF21053	BFA1_C	8.98910384904951
PF01546	Peptidase_M20	0.34287740833886576
PF14438	SM-ATX	4.797748399125954
PF19998	fvmX1	17.97820769809902
PF05866	RusA	8.48910384904951
PF19294	DACZ_N	17.97820769809902
PF01304	Gas_vesicle_C	8.196622598688931
PF14056	DUF4250	2.2826010997284314
PF19925	DUF6388	17.97820769809902
PF00341	PDGF	1.086894535006415
PF01716	MSP	2.1990350281968376
PF20564	DUF6774	3.994551924524755
PF12413	DLL_N	6.79294513766013
PF11306	DUF3108	8.48910384904951
PF19326	AMP_deaminase	3.994551924524755
PF17409	MoaF_C	17.97820769809902
PF09324	Sec7-like_HDS	1.0054859309608077
PF18242	LupA	17.97820769809902
PF02468	PsbN	3.848311299344466
PF03098	An_peroxidase	0.8166858162357213
PF05914	RIB43A	16.393245197377862
PF06294	CH_2	2.931255920642332
PF18288	FAA_hydro_N_2	2.2366113718873795
PF01469	Pentapeptide_2	1.659720997494741
PF11435	She2p	17.97820769809902
PF00102	Y_phosphatase	0.23310297627809712
PF22517	Mcm-like_N	17.97820769809902
PF11546	CompInhib_SCIN	15.97820769809902
PF14837	INTS5_N	7.98910384904951
PF07417	Crl	17.97820769809902
PF07572	BCNT	3.9140699008029145
PF10273	WGG	5.326069232699673
PF01004	Flavi_M	3.9428201928647786
PF17214	KH_7	2.961656539331342
PF14205	Cys_rich_KTR	8.48910384904951
PF21800	KRR1-like_KH2	1.6818307177552507
PF15695	HERV-K_REC	2.4197960132436203
PF16769	MCM3AP_GANP	5.326069232699673
PF01701	PSI_PsaJ	17.97820769809902
PF07689	KaiB	2.222391918054049
PF10244	MRP-L51	17.97820769809902
PF19980	DUF6416	17.97820769809902
PF04754	Transposase_31	3.848311299344466
PF02815	MIR	1.197820769809902
PF08526	PAD_N	14.0713171024905
PF09548	Spore_III_AB	0.7085426388020708
PF14965	BRI3BP	1.6453647440729675
PF05602	CLPTM1	5.131081732459288
PF05815	AcMNPV_Orf101	17.97820769809902
PF20626	Sp38_C	2.4197960132436203
PF03609	EII-Sor	7.98910384904951
PF04446	Thg1	4.659402566033006
PF16756	PALB2_WD40	5.056950925347138
PF11765	Hyphal_reg_CWP	2.9037552158923443
PF12761	End3	1.0815173081749183
PF17483	TbpB_C	4.992735899366339
PF19131	DUF5814	5.659402566033006
PF15423	FLYWCH_N	16.97820769809902
PF11228	DUF3027	5.326069232699673
PF18494	Pullulanase_Ins	4.0983112993444655
PF13441	Gly-zipper_YMGG	1.414475576072826
PF05393	Hum_adeno_E3A	5.46441506579262
PF13101	DUF3945	5.46441506579262
PF21086	ACT_PSP_2	2.6630346163498366
PF18824	LPD11	8.48910384904951
PF01281	Ribosomal_L9_N	1.3837084441928784
PF19645	DUF6148	5.659402566033006
PF00115	COX1	1.1758012344309605
PF02829	3H	2.528475462673569
PF03071	GNT-I	15.656279603211658
PF11396	PepSY_like	2.2883800307759055
PF11912	CfaA_B_C	8.48910384904951
PF21001	YqiJ_N	4.0983112993444655
PF15192	TMEM213	4.0983112993444655
PF06459	RR_TM4-6	0.337369935664841
PF18037	Ubiquitin_5	16.97820769809902
PF01735	PLA2_B	1.6667939385405368
PF21826	DUF6887	4.0983112993444655
PF15368	BioT2	4.0983112993444655
PF21183	HAT1_C	1.5173644003568507
PF16662	FLYWCH_u	3.9140699008029145
PF02387	IncFII_repA	17.97820769809902
PF16570	GramPos_pilinD3	4.0983112993444655
PF08123	DOT1	2.1672646822916306
PF07007	LprI	7.98910384904951
PF00907	T-box	0.8111379811311887
PF20294	KMPT-N	8.48910384904951
PF05916	Sld5	1.3804020940468202
PF05223	MecA_N	8.196622598688931
PF16596	MFMR_assoc	3.598311299344466
PF10531	SLBB	0.9506960074806725
PF04729	ASF1_hist_chap	2.115468956665244
PF07078	FYTT	17.97820769809902
PF08704	GCD14	1.1111959590270244
PF05938	Self-incomp_S1	17.97820769809902
PF11386	VERL	17.97820769809902
PF15750	UBZ_FAAP20	2.995641539619804
PF12784	PDDEXK_2	17.97820769809902
PF13019	Sde2_N_Ubi_yeast	2.995641539619804
PF20606	DUF6799	3.994551924524755
PF13442	Cytochrome_CBB3	0.7129545119394969
PF05594	Fil_haemagg	2.4197960132436203
PF02060	ISK_Channel	5.326069232699673
PF18888	DUF5650	16.393245197377862
PF21254	AGA-YXIM_GBD	17.97820769809902
PF16045	LisH_2	4.0983112993444655
PF17032	zinc_ribbon_15	1.6856503084490462
PF22348	ColA_N	8.48910384904951
PF17101	Stealth_CR1	1.7931347061995602
PF21909	USP_UIM_N	2.8555535959915854
PF01579	DUF19	5.46441506579262
PF22353	PF1197-like_C	8.48910384904951
PF21836	DUF6895	17.97820769809902
PF22478	DUF6982	17.97820769809902
PF00682	HMGL-like	0.781122299768869
PF04101	Glyco_tran_28_C	0.445084592546068
PF10386	DUF2441	8.48910384904951
PF18826	bVLRF1	1.6284755114679619
PF05634	APO_RNA-bind	3.9140699008029145
PF14334	DUF4390	17.97820769809902
PF02390	Methyltransf_4	0.23767771863917905
PF08759	GT-D	8.48910384904951
PF17903	KH_8	2.461156471225505
PF17959	EF-hand_14	2.329701283016503
PF11542	Mdv1	5.46441506579262
PF08348	PAS_6	3.792713194010354
PF01312	Bac_export_2	5.326069232699673
PF12085	DUF3562	17.97820769809902
PF09489	CbtB	3.078649039475573
PF04906	Tweety	1.2882593432764924
PF06613	KorB_C	16.97820769809902
PF01532	Glyco_hydro_47	2.4680471161094513
PF01509	TruB_N	0.8981028217161399
PF03734	YkuD	1.9133207424825518
PF08161	RRP12_HEAT	1.3323890548374235
PF05576	Peptidase_S37	5.659402566033006
PF01821	ANATO	2.178552850415083
PF08663	HalX	1.0198405699969948
PF11012	DUF2850	8.98910384904951
PF14838	INTS5_C	3.0341705552082834
PF12928	tRNA_int_end_N2	3.195641539619804
PF15458	NTR2	8.98910384904951
PF09990	DUF2231	8.196622598688931
PF01000	RNA_pol_A_bac	0.8376436909691309
PF16379	DUF4989	17.97820769809902
PF05568	ASFV_J13L	1.3890744856848682
PF17741	DUF5578	8.196622598688931
PF00249	Myb_DNA-binding	0.06577091613698526
PF18438	Glyco_hydro_38	8.98910384904951
PF03652	RuvX	7.98910384904951
PF11144	DUF2920	17.97820769809902
PF04236	Transp_Tc5_C	16.393245197377862
PF03196	DUF261	8.48910384904951
PF08449	UAA	2.3796279966596545
PF01420	Methylase_S	3.348311299344466
PF04921	XAP5	2.1397439568712886
PF07176	DUF1400	3.994551924524755
PF03042	Birna_VP5	8.98910384904951
PF10148	SCHIP-1	3.9140699008029145
PF09461	PcF	7.696622598688932
PF02219	MTHFR	7.085426388020708
PF12836	HHH_3	0.4547321474058491
PF20607	DUF6800	3.994551924524755
PF10197	Cir_N	2.26431504588671
PF08125	Mannitol_dh_C	5.101710319248923
PF17310	DUF5357	7.696622598688932
PF02579	Nitro_FeMo-Co	2.3151241428081133
PF05306	DUF733	17.97820769809902
PF17988	VEGFR-2_TMD	4.6904390341635
PF03672	UPF0154	1.799155649672233
PF11393	T4BSS_DotI_IcmL	8.48910384904951
PF09682	Phage_holin_6_1	3.1312559206423316
PF22703	Cdc6_lid	1.0100188919142872
PF11407	RestrictionMunI	17.97820769809902
PF14380	WAK_assoc	2.024407539434488
PF03439	Spt5-NGN	3.212231170288513
PF17885	Smoa_sbd	16.97820769809902
PF03428	RP-C	8.48910384904951
PF00101	RuBisCO_small	1.2609834531132675
PF03321	GH3	3.2786490394755727
PF05139	Erythro_esteras	8.196622598688931
PF17751	SKICH	0.8275635910943042
PF16868	NMT1_3	17.97820769809902
PF18322	CLIP_1	15.97820769809902
PF07125	DUF1378	2.6630346163498366
PF18787	CRM1_repeat_3	3.702070674164177
PF22719	SNaCT12	17.97820769809902
PF13885	Keratin_B2_2	1.770463599625409
PF22900	UCH_UBL1	3.792713194010354
PF13250	DUF4041	2.528475462673569
PF09738	LRRFIP	1.6453647440729675
PF05697	Trigger_N	0.7763105314109782
PF10246	MRP-S35	17.97820769809902
PF21049	CFA69_ARM_rpt	5.46441506579262
PF20128	DUF6518	4.0983112993444655
PF07097	DUF1359	7.828139801605829
PF07661	MORN_2	5.326069232699673
PF19257	BURAN	3.744551924524755
PF19443	DAHL	7.828139801605829
PF20625	WW_USP8	5.46441506579262
PF04994	TfoX_C	7.828139801605829
PF01561	Hanta_Gc_N	4.484881914014002
PF08105	Antimicrobial10	2.565540866229644
PF16559	GIT_CC	0.7407973060180163
PF06151	Trehalose_recp	17.97820769809902
PF21720	MIOS_WD40	1.9508970861730939
PF05966	Chordopox_A33R	8.48910384904951
PF01432	Peptidase_M3	0.5846556180932346
PF07883	Cupin_2	0.42031265473107393
PF22712	SNaCT7	5.46441506579262
PF20431	E_motif	1.1170852776041416
PF18364	Molybdopterin_N	1.813257925605253
PF15922	YjeJ	8.48910384904951
PF17734	Spt46	8.48910384904951
PF12947	EGF_3	0.3238386145235513
PF22111	MtrC-MtrF_N	17.97820769809902
PF07560	DUF1539	2.2366113718873795
PF00501	AMP-binding	0.21319176428201977
PF18459	PCSK9_C1	6.98910384904951
PF07243	Phlebovirus_G1	7.48910384904951
PF00781	DAGK_cat	0.6091856399201554
PF10795	DUF2607	13.97820769809902
PF00607	Gag_p24	0.971235177200672
PF18635	EpCAM_N	14.656279603211658
PF08540	HMG_CoA_synt_C	4.311271192913521
PF05395	DARPP-32	2.6630346163498366
PF17159	MASE3	8.48910384904951
PF10685	KGG	7.48910384904951
PF14946	DUF4501	7.98910384904951
PF01372	Melittin	16.97820769809902
PF09047	MEF2_binding	8.196622598688931
PF18830	LPD16	17.97820769809902
PF09828	ChrB_C	17.97820769809902
PF03331	LpxC	3.078649039475573
PF06836	DUF1240	17.97820769809902
PF09587	PGA_cap	5.46441506579262
PF17222	Peptidase_C107	17.97820769809902
PF17572	DUF5478	8.98910384904951
PF17536	Mx_ML	17.97820769809902
PF19775	DUF6261	4.244551924524755
PF15157	IQCJ-SCHIP1	2.115468956665244
PF01379	Porphobil_deam	1.817892889840152
PF15668	DUF4663	4.0983112993444655
PF06719	AraC_N	3.994551924524755
PF01915	Glyco_hydro_3_C	2.7361961741403924
PF10203	Pet191_N	3.994551924524755
PF05482	Serendipity_A	8.98910384904951
PF05542	DUF760	4.0983112993444655
PF13063	DUF3925	3.1312559206423316
PF00915	Calici_coat	2.7616565393313417
PF03125	Sre	17.97820769809902
PF07157	DNA_circ_N	17.97820769809902
PF07957	DUF3294	17.97820769809902
PF00457	Glyco_hydro_11	1.5255866871839372
PF16222	DUF4881	17.97820769809902
PF08272	Topo_Zn_Ribbon	3.6640699008029145
PF17753	Ig_mannosidase	3.2800566757428617
PF02905	EBV-NA1	5.659402566033006
PF08274	YjdM_Zn_Ribbon	0.9610461244315718
PF22291	DUF6964	17.97820769809902
PF22723	NA-iREase2	3.1312559206423316
PF11717	Tudor-knot	2.121713364109239
PF09793	AD	3.542713194010354
PF15093	SPMIP4-like	5.659402566033006
PF17493	DUF5428	17.97820769809902
PF12978	DUF3862	17.97820769809902
PF07019	EMC6	5.659402566033006
PF10999	DUF2839	5.659402566033006
PF03424	CBM_17_28	8.196622598688931
PF12011	NPH-II	14.393245197377864
PF09160	FimH_man-bind	16.393245197377862
PF02061	Lambda_CIII	5.46441506579262
PF20220	ABC_toxin_N	17.97820769809902
PF18738	HEPN_DZIP3	5.659402566033006
PF07916	TraG_N	5.46441506579262
PF10116	Host_attach	17.97820769809902
PF09487	HrpB2	5.659402566033006
PF07187	DUF1405	5.659402566033006
PF19610	DUF6115	2.6630346163498366
PF22281	DUF6959	8.48910384904951
PF00004	AAA	0.030899448069380674
PF09260	A_amylase_dom_C	3.452070674164177
PF16649	IL23	7.828139801605829
PF02167	Cytochrom_C1	3.1312559206423316
PF19916	VMAP-M0	2.565540866229644
PF11259	DUF3060	16.97820769809902
PF17927	Ins134_P3_kin_N	13.277767979957927
PF02145	Rap_GAP	1.16079584840637
PF07319	DnaI_N	2.3796279966596545
PF11916	Vac14_Fig4_bd	2.4197960132436203
PF04512	Baculo_PEP_N	5.326069232699673
PF14979	TMEM52	2.6093799338686097
PF21707	ABC_AB	17.97820769809902
PF16071	DUF4812	17.97820769809902
PF13730	HTH_36	1.6131973421624135
PF21801	ASPP2-like_RA	5.056950925347138
PF21278	YlmH_1st	1.7103605774864292
PF16251	bCoV_NAB	2.0810591002948904
PF11646	DUF3258	17.97820769809902
PF03238	ESAG1	8.48910384904951
PF14005	YpjP	1.6856503084490462
PF05290	Baculo_IE-1	3.2786490394755727
PF03599	CdhD	3.4140699008029145
PF07727	RVT_2	12.305782356127525
PF19812	DUF6295	16.97820769809902
PF20054	Tc-38	8.98910384904951
PF00406	ADK	0.13883097244019035
PF21947	Toxin_cobra-type	7.328139801605829
PF16750	HK_sensor	8.48910384904951
PF14528	LAGLIDADG_3	0.44828367654989004
PF13282	DUF4070	16.97820769809902
PF14969	DUF4508	1.4393245197377864
PF20069	DUF6465	2.528475462673569
PF14198	TnpV	17.97820769809902
PF06437	ISN1	17.97820769809902
PF21068	ATPgraspMvdD	5.218759867737219
PF06738	ThrE	1.2289796435874292
PF02200	STE	3.994551924524755
PF05606	DUF777	8.98910384904951
PF22994	RSC4_Ig_like	4.0983112993444655
PF16824	CBM_26	5.131081732459288
PF02326	YMF19	4.9360942322189025
PF06427	UDP-g_GGTase	3.702070674164177
PF10808	DUF2542	3.195641539619804
PF21797	CycT2-like_C	2.7037552158923446
PF02335	Cytochrom_C552	3.994551924524755
PF11569	Homez	3.9140699008029145
PF22589	SPMIP1	2.931255920642332
PF18290	Nudix_hydro	14.656279603211658
PF10095	DUF2333	17.97820769809902
PF12499	DUF3707	16.393245197377862
PF12451	VPS11_C	2.931255920642332
PF19209	CoV_S1_C	2.466870301664859
PF16927	HisKA_7TM	17.97820769809902
PF11558	HET-s_218-289	8.196622598688931
PF02057	Glyco_hydro_59	3.6296940198654304
PF03425	CBM_11	4.0983112993444655
PF17476	Binary_toxB_3	4.244551924524755
PF16242	Pyrid_ox_like	8.98910384904951
PF08889	WbqC	17.97820769809902
PF14033	DUF4246	15.656279603211658
PF07530	PRE_C2HC	4.885426534403885
PF01765	RRF	0.1771849622402739
PF01989	AcnX_swivel_put	5.218759867737219
PF07813	LTXXQ	0.9177803343681465
PF07028	DUF1319	1.4518776079461722
PF21922	PBP_dimer_2	5.326069232699673
PF08559	Cut8	3.0341705552082834
PF07273	DUF1439	3.9140699008029145
PF00012	HSP70	0.19404166585649563
PF13663	DUF4148	1.4518776079461722
PF10881	DUF2726	17.97820769809902
PF22164	Dark_WHD	8.98910384904951
PF00333	Ribosomal_S5	1.0570759072969116
PF11175	DUF2961	17.97820769809902
PF09147	CarA_N	17.97820769809902
PF20688	GREB1_2nd	7.828139801605829
PF01566	Nramp	2.0937542290302367
PF01191	RNA_pol_Rpb5_C	1.4578029669968273
PF04604	L_biotic_typeA	2.995641539619804
PF15280	BORA_N	17.97820769809902
PF21649	APMV_polyA_pol_cat_2nd	17.97820769809902
PF15297	CKAP2_C	3.9140699008029145
PF06014	YqgQ-like	5.659402566033006
PF15663	zf-CCCH_3	2.931255920642332
PF05276	SH3BP5	1.172609758540875
PF05254	UPF0203	3.744551924524755
PF20099	DUF6489	8.98910384904951
PF21181	SsfX3_N	3.2786490394755727
PF20859	RHA1_ro05818_N	2.1990350281968376
PF01655	Ribosomal_L32e	2.565540866229644
PF11835	RRM_8	8.48910384904951
PF07379	DUF1494	8.48910384904951
PF13739	PdaC	3.792713194010354
PF05808	Podoplanin	1.2882593432764924
PF03165	MH1	1.4972759622623775
PF03344	Daxx	5.056950925347138
PF18186	SLATT_4	8.196622598688931
PF19722	SENP3_5_N	7.828139801605829
PF13502	AsmA_2	2.6630346163498366
PF04481	DUF561	8.196622598688931
PF08897	DUF1841	17.97820769809902
PF00696	AA_kinase	0.3553124270122585
PF17259	DUF5325	3.1312559206423316
PF16494	Na_Ca_ex_C	2.7781489713697365
PF11944	DUF3461	8.48910384904951
PF10090	HPTransfase	3.195641539619804
PF19554	DUF6077	3.1312559206423316
PF18329	SGBP_B_XBD	8.48910384904951
PF09829	DUF2057	4.0983112993444655
PF22567	UBA_9	1.8320349504014573
PF20901	Sf6_terminase	17.97820769809902
PF08235	LNS2	1.5434160952054088
PF15823	UPF0524	8.98910384904951
PF11616	EZH2_WD-Binding	7.196622598688932
PF02362	B3	0.2552576156049135
PF02977	CarbpepA_inh	5.46441506579262
PF03549	Tir_receptor_M	3.6296940198654304
PF06672	DUF1175	17.97820769809902
PF02229	PC4	2.995641539619804
PF10534	CRIC_ras_sig	1.2482072895141305
PF22905	Hydro_N_hd	1.5864186644397695
PF02099	Josephin	1.9843921224069543
PF08614	ATG16	0.08963837510014266
PF16282	SANT_DAMP1_like	0.7914497495318826
PF15278	Sec3_C_2	5.46441506579262
PF17450	Melibiase_2_C	15.170852776041416
PF13960	DUF4218	17.97820769809902
PF05320	Pox_RNA_Pol_19	17.97820769809902
PF20675	MPH2	8.48910384904951
PF07499	RuvA_C	0.447498645638559
PF15225	IL32	2.565540866229644
PF19249	DUF5897	17.97820769809902
PF01403	Sema	1.5667114918108236
PF19810	DUF6293_N	5.326069232699673
PF02291	TFIID-31kDa	5.46441506579262
PF06947	DUF1290	8.48910384904951
PF00552	IN_DBD_C	1.399605998071795
PF11868	DUF3388	4.0983112993444655
PF00151	Lipase	2.4909291484084015
PF00668	Condensation	0.49587558832057327
PF15718	MNR	8.196622598688931
PF07690	MFS_1	0.06698128524113575
PF21921	Ski7_2nd	8.98910384904951
PF12000	Glyco_trans_4_3	8.48910384904951
PF12066	SERRATE_Ars2_N	2.222391918054049
PF13496	DUF4120	16.97820769809902
PF03295	Pox_TAA1	17.97820769809902
PF13944	Calycin_like	17.97820769809902
PF14126	DUF4293	3.195641539619804
PF05517	p25-alpha	3.744551924524755
PF12639	Colicin-DNase	5.659402566033006
PF05667	CCDC22_CC	0.9610461244315718
PF05547	Peptidase_M6	5.326069232699673
PF04772	Flu_B_M2	8.48910384904951
PF17918	TetR_C_15	1.5634796780545
PF14765	PS-DH	0.31952967584400865
PF21974	SPN1_m3Gcap_bd	5.131081732459288
PF10369	ALS_ss_C	4.390284258680472
PF20481	DUF6721	1.465627960321166
PF08603	CAP_C	2.3151241428081133
PF15085	NPFF	17.97820769809902
PF01200	Ribosomal_S28e	5.659402566033006
PF00405	Transferrin	2.5385610958473546
PF02597	ThiS	1.574539197337935
PF00764	Arginosuc_synth	0.970294999093704
PF12936	Kri1_C	15.170852776041416
PF18828	LPD15	17.97820769809902
PF10293	DUF2405	5.326069232699673
PF10456	BAR_3_WASP_bdg	2.834170555208283
PF02782	FGGY_C	0.32981521825092397
PF08924	Rv2525c_GlyHyd-like	5.46441506579262
PF06506	PrpR_N	1.5634796780545
PF16989	T6SS_VasJ	17.97820769809902
PF04252	SFM1-like	17.97820769809902
PF12038	DUF3524	4.992735899366339
PF17750	Reo_sigmaC_M	5.659402566033006
PF11447	DUF3201	17.97820769809902
PF17104	DUF5102	2.565540866229644
PF17806	SO_alpha_A3	3.078649039475573
PF00562	RNA_pol_Rpb2_6	0.3371879718649843
PF11130	TraC_F_IV	8.48910384904951
PF22124	Glyco_hydro_95_cat	3.078649039475573
PF03980	Nnf1	3.2786490394755727
PF08007	JmjC_2	0.8262163464918576
PF04676	CwfJ_C_2	6.865140092327717
PF13858	DUF4199	2.6630346163498366
PF15465	DUF4634	8.98910384904951
PF03713	DUF305	17.97820769809902
PF06908	YpsA	3.195641539619804
PF21998	FERM_C1_MyoVII	2.3151241428081133
PF13495	Phage_int_SAM_4	2.6446640391871106
PF13574	Reprolysin_2	2.9037552158923443
PF10382	ZGRF1-like_N	2.4197960132436203
PF05639	Pup	8.48910384904951
PF12197	lci	17.97820769809902
PF21659	Flavi_E_stem	2.331255920642332
PF06448	DUF1081	1.896356597005177
PF12758	DUF3813	16.393245197377862
PF08606	Prp19	0.9754485430865469
PF13336	AcetylCoA_hyd_C	2.242440957007001
PF09629	YorP	5.326069232699673
PF22822	MrpR_N_CB	1.9570349504014573
PF05168	HEPN	8.196622598688931
PF15048	OSTbeta	5.46441506579262
PF08444	Gly_acyl_tr_C	3.494551924524755
PF16999	V-ATPase_G_2	1.1718858960771528
PF21528	CC2D1A-B_DM14	1.062175592050516
PF18789	DarA_C	8.98910384904951
PF15322	PMSI1	5.659402566033006
PF02934	GatB_N	1.0708370887608685
PF17949	PND	7.98910384904951
PF22654	DUF7008	17.97820769809902
PF22990	ABHD16_N	4.9360942322189025
PF17639	DUF5517	17.97820769809902
PF01434	Peptidase_M41	1.0216656465654539
PF19710	PIK3CG_ABD	16.393245197377862
PF02629	CoA_binding	0.8428351294537283
PF12633	Adenyl_cycl_N	14.277767979957927
PF03710	GlnE	1.081833636132063
PF16626	Papilin_u7	8.48910384904951
PF11577	NEMO	1.7260353370820884
PF17837	4PPT_N	6.384377166235035
PF05191	ADK_lid	0.37258475356439724
PF20782	TssR_VWA	17.97820769809902
PF21685	Fungal_virus_P2_N	17.97820769809902
PF17841	Bep_C_terminal	2.6093799338686097
PF04949	Transcrip_act	2.2366113718873795
PF07146	DUF1389	8.48910384904951
PF15493	YrpD	17.97820769809902
PF18215	Rtt106_N	2.010188157498643
PF12335	SBF2	2.0937542290302367
PF17936	Big_6	1.480828269665671
PF08012	DUF1702	5.46441506579262
PF15571	Imm44	17.97820769809902
PF14333	DUF4389	5.659402566033006
PF04846	Herpes_pp38	7.98910384904951
PF03279	Lip_A_acyltrans	17.97820769809902
PF01121	CoaE	0.3818859099727418
PF03452	Anp1	2.2531293465769533
PF19338	NTF3_N	1.3626740126310235
PF18098	RPN5_C	7.196622598688932
PF18424	a_DG1_N2	7.585426388020708
PF04388	Hamartin	0.7765670943388344
PF12436	USP7_ICP0_bdg	3.569441994989482
PF06983	3-dmu-9_3-mt	17.97820769809902
PF07265	TAP35_44	17.97820769809902
PF05122	SpdB	8.48910384904951
PF10511	Cementoin	7.828139801605829
PF08976	EF-hand_11	2.565540866229644
PF16383	DUF4992	5.659402566033006
PF20919	DHU1_N	3.994551924524755
PF18142	SLATT_fungal	17.97820769809902
PF12868	DUF3824	1.497820769809902
PF14942	Muted	1.480828269665671
PF06028	DUF915	3.792713194010354
PF03791	KNOX2	1.5866006849045964
PF00645	zf-PARP	2.3013804494427843
PF18134	AGS_C	7.98910384904951
PF02021	UPF0102	0.683654575340418
PF16555	GramPos_pilinD1	5.326069232699673
PF14110	DUF4282	3.994551924524755
PF11811	DUF3331	17.97820769809902
PF12465	Pr_beta_C	4.723617592013805
PF15436	PGBA_N	16.97820769809902
PF12323	HTH_OrfB_IS605	3.6640699008029145
PF13867	SAP30_Sin3_bdg	3.542713194010354
PF19065	DUF5761	4.0983112993444655
PF16973	FliN_N	16.393245197377862
PF14336	GLUCM-like_C	16.97820769809902
PF16749	Arteri_nsp7a	3.598311299344466
PF01584	CheW	3.4140699008029145
PF05373	Pro_3_hydrox_C	15.97820769809902
PF02001	DUF134	0.9238438270528975
PF18583	Arnt_C	5.659402566033006
PF18412	Wza_C	14.518776079461722
PF12395	DUF3658	8.48910384904951
PF07654	C1-set	0.24378571032694413
PF04060	FeS	0.6897308245474862
PF18650	IMPa_N_2	17.97820769809902
PF16838	Caud_tail_N	15.97820769809902
PF13901	RH_dom	2.2531293465769533
PF22650	At5g48480-like_C	5.659402566033006
PF21556	AceES-2	17.97820769809902
PF16207	RAWUL	3.042713194010354
PF13829	DUF4191	1.5020862310513023
PF18962	Por_Secre_tail	1.012203769717244
PF19551	DUF6074	0.657537271269367
PF14339	DUF4394	8.48910384904951
PF12768	Rax2	1.9570349504014573
PF17612	DUF5507	17.97820769809902
PF13303	PTS_EIIC_2	17.97820769809902
PF11313	DUF3116	5.659402566033006
PF02650	HTH_WhiA	0.7916697823781386
PF01997	Translin	8.48910384904951
PF18272	ssDNA_TraI_N	3.195641539619804
PF02810	SEC-C	0.7151335764097634
PF00704	Glyco_hydro_18	0.3572237314914849
PF20262	UNC80_C	15.97820769809902
PF02833	DHHA2	3.754654060144299
PF11875	DnaJ-like_C11_C	2.4680471161094513
PF05793	TFIIF_alpha	0.425625144415669
PF16754	Pesticin	2.4963679496831697
PF13669	Glyoxalase_4	2.26431504588671
PF05067	Mn_catalase	17.97820769809902
PF10186	ATG14	0.3919337448103202
PF22862	Hac8_like_N	5.659402566033006
PF21225	zf-C2H2_5	2.6630346163498366
PF07272	Orthoreo_P17	17.97820769809902
PF09784	L31	17.97820769809902
PF18779	LRR_RI_capping	7.585426388020708
PF06502	Equine_IAV_S2	5.659402566033006
PF09766	FmiP_Thoc5	2.961656539331342
PF18641	LidA_Long_CC	17.97820769809902
PF01092	Ribosomal_S6e	0.9484119985684233
PF17915	zf_Rg	1.8968239971368466
PF17341	DUF5371	8.98910384904951
PF05049	IIGP	3.792713194010354
PF14947	HTH_45	1.2098980066218101
PF00041	fn3	0.04712388758571945
PF01263	Aldose_epim	5.326069232699673
PF02668	TauD	1.646356597005177
PF20504	IntS14_C	4.992735899366339
PF19586	DUF6093	8.98910384904951
PF05337	CSF-1	8.48910384904951
PF10874	DUF2746	3.994551924524755
PF13375	RnfC_N	0.7556234338882863
PF08753	NikR_C	3.6373728358804156
PF03634	TCP	3.994551924524755
PF01921	tRNA-synt_1f	0.5819178847607198
PF18210	Knl1_RWD_C	1.8722759622623775
PF00971	EIAV_GP90	7.259388039730861
PF19042	CBP110	5.659402566033006
PF11818	DUF3340	7.98910384904951
PF03825	Nuc_H_symport	3.9140699008029145
PF18312	ScsC_N	1.6131973421624135
PF09737	Det1	17.97820769809902
PF18967	PycTM	1.1898139983298273
PF20184	DUF6547	2.6093799338686097
PF11881	SPAR_C	2.4427132672019427
PF02666	PS_Dcarbxylase	0.4358797900914841
PF00477	LEA_5	16.393245197377862
PF22002	MTLN	2.528475462673569
PF06842	DUF1242	8.196622598688931
PF07391	NPR	4.244551924524755
PF17280	DUF5345	2.1397439568712886
PF06129	Chordopox_G3	17.97820769809902
PF05362	Lon_C	0.7874415932075287
PF22618	RskA_N	2.834170555208283
PF01535	PPR	0.3046684064875981
PF08847	Crr6	17.97820769809902
PF12811	BaxI_1	17.97820769809902
PF20848	ExoU_mid_dom	5.46441506579262
PF19278	Hydant_A_C	2.7781489713697365
PF12850	Metallophos_2	8.48910384904951
PF06481	COX_ARM	3.598311299344466
PF07668	MpPF1	8.98910384904951
PF05701	WEMBL	2.3618087960069025
PF08566	Pam17	17.97820769809902
PF07202	Tcp10_C	1.5864186644397695
PF06146	PsiE	3.994551924524755
PF21365	Glyco_hydro_31_3rd	1.9853530846068745
PF07976	Phe_hydrox_dim	2.0937542290302367
PF22600	MTPAP-like_central	0.7745778248361165
PF10238	Eapp_C	3.1312559206423316
PF20824	Cmr2_hel_dom2	5.218759867737219
PF22534	RFC_C	7.259388039730861
PF22075	DUF6939	17.97820769809902
PF14735	HAUS4	5.218759867737219
PF00956	NAP	1.0213667676890714
PF08042	PqqA	17.97820769809902
PF08502	LeuA_dimer	3.0937467239549106
PF20857	Pgp3_helical	4.885426534403885
PF01940	DUF92	8.48910384904951
PF20111	DUF6501	15.97820769809902
PF22726	NCAB2	3.744551924524755
PF16542	PNKP_ligase	8.98910384904951
PF03909	BSD	0.9104186402141106
PF03648	Glyco_hydro_67N	2.746056036931087
PF01441	Lipoprotein_6	1.2792106456809547
PF10277	Frag1	1.896356597005177
PF09679	TraQ	8.98910384904951
PF16870	OxoGdeHyase_C	5.591895915874456
PF21550	MTIP_N	8.98910384904951
PF07875	Coat_F	8.48910384904951
PF21191	CvfB_1st	4.6904390341635
PF09247	TBP-binding	3.744551924524755
PF00141	peroxidase	0.7872355197985589
PF17679	Dip	17.97820769809902
PF11612	T2SSJ	14.808282696656708
PF01124	MAPEG	8.48910384904951
PF01630	Glyco_hydro_56	2.178552850415083
PF13028	DUF3889	4.0983112993444655
PF08912	Rho_Binding	2.4197960132436203
PF01436	NHL	0.34905382058974915
PF18794	HSM3_C	4.992735899366339
PF08232	Striatin	1.0504830464008967
PF14496	NEL	1.7260353370820884
PF19333	FAXC_N	15.97820769809902
PF21980	MksE	3.1312559206423316
PF05106	Phage_holin_3_1	3.994551924524755
PF13132	DUF3950	17.97820769809902
PF19330	DNER_C	2.6093799338686097
PF13374	TPR_10	0.452644397402695
PF08854	DUF1824	17.97820769809902
PF06560	GPI	16.97820769809902
PF08623	TIP120	1.736343107106085
PF21839	DUF6898	1.480828269665671
PF00430	ATP-synt_B	0.14045298618318308
PF07948	Nairovirus_GP38	3.994551924524755
PF03474	DMA	1.652915024491944
PF18553	PheRS_DBD3	1.0399058522662863
PF08032	SpoU_sub_bind	1.051710614723756
PF22419	HBoV_NS1-like_N	7.585426388020708
PF00821	PEPCK_GTP	3.7977483991259544
PF15636	Tox-GHH	2.3013804494427843
PF10986	DUF2796	17.97820769809902
PF10184	DUF2358	8.98910384904951
PF19564	DUF6086	5.326069232699673
PF07588	DUF1554	8.98910384904951
PF12583	TPPII_C	5.056950925347138
PF09136	Glucodextran_B	1.0280889426698474
PF01128	IspD	1.2261881325288644
PF00493	MCM	1.1000927774599103
PF01111	CKS	4.0983112993444655
PF14497	GST_C_3	0.6650460209486779
PF09138	Urm1	15.97820769809902
PF20027	DUF6435	4.6904390341635
PF14531	Kinase-like	0.7172692785091238
PF13190	PDGLE	1.5864186644397695
PF01878	EVE	17.97820769809902
PF02770	Acyl-CoA_dh_M	1.1183687068743398
PF10457	MENTAL	15.656279603211658
PF13994	PgaD	3.744551924524755
PF01534	Frizzled	1.98179080947478
PF06131	DUF963	3.195641539619804
PF04418	DUF543	17.97820769809902
PF11883	DUF3403	3.0625718108839552
PF20881	G1_gp67_C	8.48910384904951
PF02956	TT_ORF1	3.702070674164177
PF07956	DUF1690	5.46441506579262
PF07801	DUF1647	8.98910384904951
PF21109	Stonustoxin_helical	2.961656539331342
PF17564	DUF5470	3.994551924524755
PF03433	EspA	8.48910384904951
PF14536	DUF4441	3.994551924524755
PF13680	DUF4152	17.97820769809902
PF02370	M	2.4427132672019427
PF01278	Omptin	17.97820769809902
PF15881	DUF4734	17.97820769809902
PF10774	DUF4226	8.48910384904951
PF19073	DUF5769	4.0983112993444655
PF22334	TubZ_C_2	16.393245197377862
PF22621	CurL-like_PKS_C	1.2124576119601385
PF01097	Defensin_2	2.4963679496831697
PF05397	Med15_fungi	3.848311299344466
PF22320	Zona_CL1	17.97820769809902
PF22789	DUF4026_C	8.98910384904951
PF06528	Phage_P2_GpE	3.1312559206423316
PF00809	Pterin_bind	1.8415349795498115
PF04308	RNaseH_like	5.326069232699673
PF20428	Sey1_3HB	0.9571962168141119
PF02445	NadA	1.0349727493878467
PF10985	DUF2805	17.97820769809902
PF21312	ORC1_wHTH	3.792713194010354
PF07389	Pox_B6	17.97820769809902
PF05382	Amidase_5	17.97820769809902
PF04519	Bactofilin	0.8995778248361165
PF07792	Afi1	3.848311299344466
PF20823	Cmr2_Zn-bd	8.98910384904951
PF00257	Dehydrin	0.8298604987473704
PF06549	DUF1118	16.97820769809902
PF22594	GTP-eEF1A_C	3.2355815567315482
PF00688	TGFb_propeptide	1.5015145925737172
PF22336	RhiE-like_linker	1.784720997494741
PF20116	DUF6506	3.195641539619804
PF06601	Orthopox_F6	17.97820769809902
PF04478	Mid2	1.075246746007617
PF13510	Fer2_4	0.9698631412678662
PF09769	ApoO	0.6180098903856676
PF06130	PTAC	6.696622598688932
PF00051	Kringle	0.5743177300884672
PF06821	Ser_hydrolase	17.97820769809902
PF22325	CR4_N	16.393245197377862
PF13753	SWM_repeat	8.98910384904951
PF17484	TbpB_A	3.598311299344466
PF20879	SidM_N	16.97820769809902
PF09057	Smac_DIABLO	17.97820769809902
PF22879	AIPR_N	17.97820769809902
PF22202	C2c1_helical_1st	17.97820769809902
PF09966	DUF2200	17.97820769809902
PF21930	Gp138_C	5.326069232699673
PF19715	DUF6210	8.98910384904951
PF02358	Trehalose_PPase	1.2768754332470071
PF03363	Herpes_LP	5.218759867737219
PF04099	Sybindin	5.46441506579262
PF17383	kleA_kleC	8.48910384904951
PF01428	zf-AN1	0.6292547307931876
PF10292	7TM_GPCR_Srab	8.196622598688931
PF01640	Peptidase_C10	4.9360942322189025
PF02359	CDC48_N	2.4555535959915855
PF05691	Raffinose_syn	8.48910384904951
PF11223	DUF3020	8.48910384904951
PF21704	POLH-Rev1_HhH	3.848311299344466
PF07925	RdRP_5	8.98910384904951
PF10399	UCR_Fe-S_N	1.1973502523674016
PF04136	COG3_N	0.6560113351485723
PF07321	YscO	1.5170852776041417
PF16187	Peptidase_M16_M	13.454645742042006
PF13988	DUF4225	5.218759867737219
PF22724	NCAB1	17.97820769809902
PF14484	FISNA	7.585426388020708
PF08409	TMTC_DUF1736	2.010188157498643
PF04280	Tim44	1.0050940787493214
PF19317	Gag_p24_C	1.2627113439417526
PF14382	ECR1_N	2.8142634204981003
PF09009	Exotox-A_cataly	16.97820769809902
PF14024	DUF4240	8.48910384904951
PF14492	EFG_III	0.6603601982211724
PF08074	CHDCT2	0.6512005693856073
PF04327	Peptidase_Prp	17.97820769809902
PF17576	DUF5480	17.97820769809902
PF16682	MSL2-CXC	7.98910384904951
PF15678	SPICE	2.528475462673569
PF06292	MUN	2.6341705552082835
PF11258	DUF3048	17.97820769809902
PF15754	SPESP1	4.0983112993444655
PF01708	Gemini_mov	1.1064806649964938
PF03126	Plus-3	5.326069232699673
PF11265	Med25_VWA	3.702070674164177
PF14760	Rnk_N	1.0824090078838846
PF08987	DUF1892	17.97820769809902
PF08864	UPF0302	2.4909291484084015
PF22121	MtxA_C	17.97820769809902
PF03602	Cons_hypoth95	2.1672646822916306
PF15393	DUF4615	8.48910384904951
PF02613	Nitrate_red_del	2.115468956665244
PF21808	Dynamin-like_hel_bact	5.326069232699673
PF01052	FliMN_C	2.242440957007001
PF22769	DCD	3.9140699008029145
PF14684	Tricorn_C1	2.4197960132436203
PF02023	SCAN	1.3824180576030531
PF00921	Lipoprotein_2	8.196622598688931
PF19430	TBC1D23_C	7.585426388020708
PF00330	Aconitase	1.18912036586942
PF04278	Tic22	8.48910384904951
PF19269	Anticodon_2	0.687240722256163
PF14611	SLS	1.574539197337935
PF14223	Retrotran_gag_2	2.1990350281968376
PF00114	Pilin	2.497270920353869
PF09372	PRANC	1.135123145615395
PF20258	tRNA_Me_trans_C	1.0568307177552507
PF07262	CdiI	4.0983112993444655
PF20010	Collagen_trimer	5.131081732459288
PF07100	ASRT	8.98910384904951
PF21261	RRP40_N_mamm	7.98910384904951
PF12409	P5-ATPase	4.630248285616227
PF03666	NPR3	0.6988298936819961
PF17390	Bac_rhamnosid_C	7.696622598688932
PF05778	Apo-CIII	2.565540866229644
PF22394	AfAlkA-like_TBP-like	17.97820769809902
PF02626	CT_A_B	8.196622598688931
PF18408	zf_Hakai	2.931255920642332
PF13853	7tm_4	0.6026799811053171
PF20996	DUF5581_N	16.393245197377862
PF05177	RCSD	3.9140699008029145
PF15924	ALG11_N	2.7312559206423317
PF15649	Tox-REase-7	7.828139801605829
PF01481	Arteri_nucleo	5.659402566033006
PF06330	TRI5	17.97820769809902
PF05636	HIGH_NTase1	3.848311299344466
PF14973	TINF2_N	3.792713194010354
PF11745	DUF3304	17.97820769809902
PF08096	Bombolitin	5.131081732459288
PF06596	PsbX	3.994551924524755
PF20513	UBact	8.196622598688931
PF03361	Herpes_IE2_3	3.848311299344466
PF18314	FAS_I_H	2.7312559206423317
PF18555	MobL	8.98910384904951
PF00747	Viral_DNA_bp	17.97820769809902
PF08190	PIH1	2.1484574761414468
PF03350	UPF0114	2.6093799338686097
PF16624	zf-C2H2_assoc2	16.97820769809902
PF10431	ClpB_D2-small	0.2502915863753825
PF10541	KASH	2.024407539434488
PF08727	P3A	0.6776026658096866
PF13620	CarboxypepD_reg	0.3368109468348286
PF10265	Miga	5.46441506579262
PF08898	DUF1843	1.3730280184655435
PF15016	DUF4520	3.0341705552082834
PF16734	Pilin_GH	5.46441506579262
PF03324	Herpes_HEPA	2.565540866229644
PF03449	GreA_GreB_N	1.1898470099327152
PF07733	DNA_pol3_alpha	0.6856480493733129
PF05379	Peptidase_C23	2.565540866229644
PF08302	tRNA_lig_CPD	3.9140699008029145
PF22706	Tex_central_region	2.5867627157481135
PF20406	SAM_KSR1_N	7.98910384904951
PF16124	RecQ_Zn_bind	2.5385610958473546
PF02033	RBFA	1.172609758540875
PF04064	DUF384	2.8142634204981003
PF22257	GPR128_N	8.48910384904951
PF08404	Baculo_p74_N	7.98910384904951
PF14604	SH3_9	0.12399647193874459
PF15694	Med26_M	5.131081732459288
PF01767	Birna_VP3	14.0713171024905
PF04170	NlpE	17.97820769809902
PF19786	DUF6270	17.97820769809902
PF13598	DUF4139	17.97820769809902
PF13925	Katanin_con80	2.8555535959915854
PF21813	DUF6882	17.97820769809902
PF12531	DUF3731	17.97820769809902
PF01388	ARID	0.3146273653965938
PF04565	RNA_pol_Rpb2_3	0.7355442802391486
PF02381	MraZ	1.311043971168388
PF20774	InhA-like_VEG	3.994551924524755
PF04144	SCAMP	1.736343107106085
PF13325	MCRS_N	5.46441506579262
PF19361	DUF5937	8.98910384904951
PF09928	DUF2160	17.97820769809902
PF21383	DPAGT1_ins	3.792713194010354
PF20635	SMN_YG-box	1.3393245197377865
PF21431	Col-Pyo_DNase	5.131081732459288
PF11224	DUF3023	16.97820769809902
PF15443	DUF4630	8.48910384904951
PF13366	PDDEXK_3	17.97820769809902
PF04447	dATP-dGTP_PPHyd	8.196622598688931
PF14071	YlbD_coat	1.8722759622623775
PF07584	BatA	2.2322075328963105
PF13844	Glyco_transf_41	3.494551924524755
PF13778	DUF4174	3.542713194010354
PF02913	FAD-oxidase_C	4.1729253598205736
PF05804	KAP	4.244551924524755
PF03821	Mtp	4.52863009177342
PF17725	YBD	4.797748399125954
PF17497	DUF5432	5.46441506579262
PF10758	DUF2586	17.97820769809902
PF21072	EFR3	1.784720997494741
PF00213	OSCP	0.3425994653371977
PF16223	DUF4882	8.98910384904951
PF00019	TGF_beta	0.8661037664481552
PF09295	ChAPs	5.326069232699673
PF22522	DUF6998	17.97820769809902
PF01861	BpsA_C	5.46441506579262
PF22671	Gp18_domIII_N	3.6296940198654304
PF01329	Pterin_4a	14.170852776041416
PF21682	AF_2299-like_N	17.97820769809902
PF10829	DUF2554	17.97820769809902
PF12732	YtxH	0.5720859216054663
PF12674	Zn_ribbon_2	15.97820769809902
PF21856	EspB_PPE	2.115468956665244
PF11109	RFamide_26RFa	4.0983112993444655
PF01517	HDV_ag	5.659402566033006
PF04428	Choline_kin_N	3.792713194010354
PF00587	tRNA-synt_2b	0.06838267018578151
PF01521	Fe-S_biosyn	2.1120710366426243
PF19732	SpoIIE_N	3.9140699008029145
PF13186	SPASM	2.9470957848047505
PF09119	SicP-binding	7.98910384904951
PF10831	DUF2556	8.48910384904951
PF07624	PSD2	3.2786490394755727
PF15715	PAF	17.97820769809902
PF05321	HHA	17.97820769809902
PF22708	S1CSD-TOTE-1	8.48910384904951
PF03561	Allantoicase	12.620655693480936
PF21062	Reovirus_L2_4th	7.696622598688932
PF15479	DUF4639	17.97820769809902
PF06778	Chlor_dismutase	3.0341705552082834
PF01595	CNNM	1.3641964422175474
PF09401	CoV_NSP10	3.0118675901340333
PF10440	WIYLD	5.46441506579262
PF18851	baeRF_family8	17.97820769809902
PF14048	MBD_C	3.569441994989482
PF05378	Hydant_A_N	2.7781489713697365
PF10366	Vps39_1	1.397820769809902
PF17977	zf-RING_13	8.98910384904951
PF08403	AA_permease_N	4.6904390341635
PF03261	CDK5_activator	15.170852776041416
PF21010	HA2_C	1.8412450600893555
PF11812	DUF3333	4.0983112993444655
PF17909	Htr2	8.48910384904951
PF14127	DUF4294	8.98910384904951
PF08570	DUF1761	4.0983112993444655
PF09712	PHA_synth_III_E	3.994551924524755
PF04525	LOR	17.97820769809902
PF18846	baeRF_family5	3.078649039475573
PF05957	DUF883	0.8928830131585243
PF03823	Neurokinin_B	8.48910384904951
PF04912	Dynamitin	2.565540866229644
PF06796	NapE	3.994551924524755
PF16081	Phage_holin_7_1	5.131081732459288
PF00042	Globin	0.44901642115084295
PF13893	RRM_5	2.178552850415083
PF06605	Prophage_tail	17.97820769809902
PF05651	Diacid_rec	3.9140699008029145
PF09403	FadA	5.659402566033006
PF21448	DNMK	3.078649039475573
PF08388	GIIM	3.078649039475573
PF05556	Calsarcin	7.48910384904951
PF00947	Pico_P2A	1.7792351060060008
PF21727	DUF6863	17.97820769809902
PF06461	CHDII_SANT-like	2.878649039475573
PF18699	MRPL52	2.1990350281968376
PF05831	GAGE	15.97820769809902
PF09318	Glyco_trans_A_1	17.97820769809902
PF00839	Cys_rich_FGFR	5.131081732459288
PF20172	DUF6538	5.46441506579262
PF02954	HTH_8	0.4265308629874114
PF11155	DUF2935	1.6898470099327152
PF02526	GBP_repeat	5.326069232699673
PF11218	DUF3011	17.97820769809902
PF21127	ATG1-like_MIT2	4.195296758440087
PF08530	PepX_C	3.985279961690188
PF18430	DBD_HTH	3.994551924524755
PF13073	DUF3937	8.48910384904951
PF13371	TPR_9	1.3120226702971447
PF18842	LPD26	5.326069232699673
PF22339	YgxA-like_sub_bind	5.659402566033006
PF00657	Lipase_GDSL	0.7376537766643293
PF11673	DUF3269	17.97820769809902
PF02625	XdhC_CoxI	7.98910384904951
PF04137	ERO1	5.46441506579262
PF08901	DUF1847	7.085426388020708
PF18150	DUF5600	1.9312537256373887
PF11423	Repressor_Mnt	3.1312559206423316
PF17678	Glyco_hydro_92N	8.196622598688931
PF17655	IRK_C	3.96358161894956
PF15828	RDD1	2.6093799338686097
PF05515	Viral_NABP	5.659402566033006
PF01182	Glucosamine_iso	1.209556464873718
PF22182	DUF6945	3.994551924524755
PF17369	DUF5391	8.48910384904951
PF04893	Yip1	1.2021200178123228
PF18704	Chromo_2	2.4427132672019427
PF09029	Preseq_ALAS	3.3335878770810736
PF07308	DUF1456	2.4427132672019427
PF12654	DUF3786	17.97820769809902
PF06691	DUF1189	3.994551924524755
PF07943	PBP5_C	14.518776079461722
PF04871	Uso1_p115_C	0.7717080476027044
PF00766	ETF_alpha	11.828460578594337
PF09113	N-glycanase_C	8.48910384904951
PF17677	Glyco_hydro38C2	13.0713171024905
PF07704	PSK_trans_fac	8.98910384904951
PF08289	Flu_M1_C	1.3708725553344707
PF21044	CIP2A_N	5.46441506579262
PF05887	Trypan_PARP	0.09685650173948292
PF00707	IF3_C	1.615467579872795
PF00593	TonB_dep_Rec_b-barrel	1.109556464873718
PF17180	zf-3CxxC_2	16.393245197377862
PF13584	BatD	1.9570349504014573
PF14601	TFX_C	4.9360942322189025
PF06616	BsuBI_PstI_RE	16.393245197377862
PF05344	DUF746	16.97820769809902
PF11975	Glyco_hydro_4C	2.6240453405942894
PF05680	ATP-synt_E	2.528475462673569
PF19322	RKP_N	8.48910384904951
PF21997	DUF6928	8.98910384904951
PF14775	NYD-SP28_assoc	0.5202647750737226
PF16519	TRPM_tetra	1.5864186644397695
PF18079	AglB_L1	8.48910384904951
PF19246	DUF5894	4.0983112993444655
PF03108	DBD_Tnp_Mut	5.659402566033006
PF06994	Involucrin2	3.744551924524755
PF04328	Sel_put	8.48910384904951
PF13076	Fur_reg_FbpA	17.97820769809902
PF22474	Ago_Mid	17.97820769809902
PF00748	Calpain_inhib	4.885426534403885
PF18199	Dynein_C	2.461156471225505
PF12894	ANAPC4_WD40	0.11866558674826364
PF17742	Fndc10	17.97820769809902
PF09551	Spore_II_R	3.994551924524755
PF07519	Tannase	17.97820769809902
PF21096	RecA_C	0.9571192270101075
PF14383	VARLMGL	8.48910384904951
PF21180	TOP6A-Spo11_Toprim	3.1921885831175176
PF00368	HMG-CoA_red	0.9629827753432094
PF16198	TruB_C_2	0.5611379811311887
PF18855	baeRF_family11	4.0983112993444655
PF20386	DUF6681	17.97820769809902
PF21500	HolB_lid	2.931255920642332
PF12477	TraW_N	2.528475462673569
PF14820	SPRR2	3.0341705552082834
PF07975	C1_4	2.7616565393313417
PF20192	DUF6555	17.97820769809902
PF20813	FhbB	4.0983112993444655
PF11922	DUF3440	8.98910384904951
PF22590	Cas3-like_C_2	1.1506902247213922
PF06518	DUF1104	3.994551924524755
PF15190	TMEM251	5.326069232699673
PF21451	NCAP_ISAV_N	8.48910384904951
PF20710	DUF6824	17.97820769809902
PF01578	Cytochrom_C_asm	0.8682674258474763
PF00494	SQS_PSY	1.674155649672233
PF20707	bDLD2	8.48910384904951
PF21403	OTU1_UBXL	3.4325700461638586
PF14831	DUF4484	5.218759867737219
PF20344	DUF6639	7.828139801605829
PF03962	Mnd1	1.2882593432764924
PF04967	HTH_10	3.078649039475573
PF05340	DUF740	16.97820769809902
PF01394	Clathrin_propel	4.6904390341635
PF21289	EDC4_C	2.995641539619804
PF22424	HK620_9_C	5.659402566033006
PF05709	Sipho_tail	5.659402566033006
PF12751	Vac7	3.2786490394755727
PF12389	Peptidase_M73	17.97820769809902
PF17729	DUF5569	8.48910384904951
PF02425	GBP_PSP	3.1312559206423316
PF03974	Ecotin	17.97820769809902
PF14498	Glyco_hyd_65N_2	7.828139801605829
PF20981	AAR2_1st	2.9037552158923443
PF17640	UL17	17.97820769809902
PF07194	P2	2.961656539331342
PF16013	DUF4781	4.0983112993444655
PF03302	VSP	1.1575620714040566
PF17953	Csm4_C	7.585426388020708
PF00719	Pyrophosphatase	7.98910384904951
PF19240	DUF5890	3.702070674164177
PF21165	FGFR3_TM	5.131081732459288
PF08579	RPM2	3.195641539619804
PF04821	TIMELESS	0.8298604987473704
PF14607	GxDLY	17.97820769809902
PF20583	DUF6786	16.97820769809902
PF22398	DUF6978	8.196622598688931
PF14642	FAM47	7.696622598688932
PF07172	GRP	0.36540055430651125
PF09375	Peptidase_M75	1.904907358332042
PF11284	DUF3085	5.659402566033006
PF22227	DNA_pol3_gamma_R_C	5.659402566033006
PF15671	PRR18	4.0983112993444655
PF21764	Invasin_D4	5.131081732459288
PF04977	DivIC	0.13712828666025859
PF21566	NagA_C	4.244551924524755
PF00452	Bcl-2	1.1718858960771528
PF01006	HCV_NS4a	2.5697849362308105
PF12828	PXB	8.196622598688931
PF19256	LAIKA	3.0341705552082834
PF21527	Stv	17.97820769809902
PF00146	NADHdh	0.952453679166021
PF00049	Insulin	1.7048305112486521
PF19193	Tectonin	1.599249466375318
PF04548	AIG1	0.5821946680298503
PF18714	PI-TkoII_IV	3.078649039475573
PF20791	Acyl-ACP_TE_C	4.6904390341635
PF02792	Mago_nashi	17.97820769809902
PF00342	PGI	0.3809472538115908
PF09439	SRPRB	1.599249466375318
PF06102	RRP36	1.1898139983298273
PF21539	Med15_C	2.398874199562977
PF00713	Hirudin	17.97820769809902
PF07016	CRAM_rpt	8.48910384904951
PF22069	Androglobin_IV	2.565540866229644
PF18765	Polbeta	3.702070674164177
PF16730	DnaGprimase_HBD	3.848311299344466
PF00423	HN	5.326069232699673
PF15268	Dapper	5.218759867737219
PF19431	MEKK4_N	3.792713194010354
PF04710	Pellino_FHA	7.585426388020708
PF15283	DUF4595	5.46441506579262
PF14825	CFAP77	8.48910384904951
PF07960	CBP4	5.659402566033006
PF07368	DUF1487	4.9360942322189025
PF06485	Tab2-like_N	16.393245197377862
PF16825	DUF5075	8.98910384904951
PF06602	Myotub-related	0.46157414517688855
PF01490	Aa_trans	2.7037552158923446
PF14090	HTH_39	16.97820769809902
PF15291	Dermcidin	4.244551924524755
PF05437	AzlD	3.195641539619804
PF13206	VSG_B	5.056950925347138
PF10367	Vps39_2	1.4815946120360326
PF16865	GST_C_5	17.97820769809902
PF21198	ASH2L-like_WH	1.599249466375318
PF17227	DUF5302	3.994551924524755
PF11350	DUF3152	16.393245197377862
PF20715	DUF6827	2.565540866229644
PF15411	PH_10	8.48910384904951
PF20225	DUF6584	3.195641539619804
PF19187	HTH_PafC	3.9140699008029145
PF03992	ABM	1.3393245197377865
PF14629	ORC4_C	3.598311299344466
PF04053	Coatomer_WDAD	0.6138883989978964
PF13479	AAA_24	3.1312559206423316
PF14968	CCDC84	3.848311299344466
PF20709	DUF6823	2.6093799338686097
PF16698	ADAM17_MPD	3.792713194010354
PF20612	SHOCT_2	3.0341705552082834
PF13223	DUF4031	8.98910384904951
PF21336	ANM3_zf-C2H2	5.326069232699673
PF19303	Anticodon_3	0.767501947776841
PF12255	TcdB_toxin_midC	17.97820769809902
PF07972	Flavodoxin_NdrI	17.97820769809902
PF04644	Motilin_ghrelin	6.865140092327717
PF00465	Fe-ADH	0.7501767333666157
PF08203	RNA_polI_A14	5.659402566033006
PF10995	CBP_BcsE	5.992735899366339
PF05703	Auxin_canalis	8.48910384904951
PF21896	Talin_IBS2B	1.0685188351422064
PF07062	Clc-like	16.97820769809902
PF07411	DUF1508	6.79294513766013
PF20730	YetF_N	15.393245197377864
PF08762	CRPV_capsid	3.994551924524755
PF13654	AAA_32	16.97820769809902
PF00553	CBM_2	0.9238438270528975
PF04624	Dec-1	2.565540866229644
PF17404	Nrap_D3	7.03565855124525
PF04510	DUF577	3.994551924524755
PF01616	Orbi_NS3	17.97820769809902
PF07117	DUF1373	17.97820769809902
PF00836	Stathmin	2.2826010997284314
PF20434	BD-FAE	0.846187031949118
PF18403	Thioredoxin_15	8.48910384904951
PF09528	Ehrlichia_rpt	17.97820769809902
PF03824	NicO	17.97820769809902
PF13567	DUF4131	0.31296940198654305
PF02927	CelD_N	2.056177885339695
PF05971	Methyltransf_10	2.528475462673569
PF08427	ARMH3_C	2.1990350281968376
PF02921	UCR_TM	1.835560668736293
PF08633	Rox3	3.195641539619804
PF00831	Ribosomal_L29	0.8581425115409647
PF11300	DUF3102	17.97820769809902
PF22936	Pol_BBD	1.534720997494741
PF07722	Peptidase_C26	1.3259792865267295
PF03972	MmgE_PrpD_N	4.218759867737219
PF18414	zf_C2H2_10	1.4815946120360326
PF07242	DUF1430	17.97820769809902
PF12934	FTO_CTD	2.931255920642332
PF18402	Thioredoxin_14	2.4680471161094513
PF02867	Ribonuc_red_lgC	0.9319826526457426
PF02392	Ycf4	17.97820769809902
PF02389	Cornifin	1.0982898446121483
PF02649	GCHY-1	2.995641539619804
PF02371	Transposase_20	2.3796279966596545
PF12144	Med12-PQL	5.056950925347138
PF10371	EKR	3.6296940198654304
PF21861	RepB_C	1.6131973421624135
PF07283	TrbH	8.196622598688931
PF05491	RuvB_C	0.7729522061029656
PF03891	DUF333	5.326069232699673
PF08807	DUF1798	8.196622598688931
PF02656	DUF202	0.5859896360060726
PF06696	Strep_SA_rep	1.784720997494741
PF18263	MCM6_C	3.3796940198654304
PF11273	DUF3073	2.4963679496831697
PF01284	MARVEL	1.16079584840637
PF00111	Fer2	0.6187515340859836
PF03070	TENA_THI-4	1.972611813808101
PF02940	mRNA_triPase	3.994551924524755
PF14134	DUF4301	8.48910384904951
PF07571	TAF6_C	2.34521951708175
PF01762	Galactosyl_T	1.8029508133544194
PF03313	SDH_alpha	1.7837649431099063
PF11917	DUF3435	16.393245197377862
PF05687	BES1_N	1.8722759622623775
PF05288	Pox_A3L	3.994551924524755
PF22089	DIP2116-like_N	17.97820769809902
PF22465	Spike_JR2	8.98910384904951
PF00842	Ala_racemase_C	3.1424869709052587
PF21886	BRF2-like_C_cyclin_rpt	3.6640699008029145
PF18700	Castor1_N	15.656279603211658
PF08537	NBP1	8.98910384904951
PF11527	ARL2_Bind_BART	2.0396811399939896
PF22379	MCM10_OB	2.995641539619804
PF04719	TAFII28	5.326069232699673
PF18880	UDI	17.97820769809902
PF04937	DUF659	8.48910384904951
PF00155	Aminotran_1_2	0.22434904859312646
PF17699	DUF5545	17.97820769809902
PF20759	DUF6835	8.98910384904951
PF21290	BIRC2-3-like_UBA	1.9408414679028942
PF19300	BPD_transp_1_N	1.9853530846068745
PF07915	PRKCSH	1.736343107106085
PF14306	PUA_2	5.494761505663427
PF20014	GAP1-M	8.196622598688931
PF10684	BDM	8.98910384904951
PF11566	PI31_Prot_N	2.8555535959915854
PF10892	DUF2688	5.46441506579262
PF15719	DUF4674	5.46441506579262
PF12254	DNA_pol_alpha_N	2.8555535959915854
PF14840	DNA_pol3_delt_C	15.656279603211658
PF05443	ROS_MUCR	1.8320349504014573
PF16060	DUF4802	17.97820769809902
PF02250	Orthopox_35kD	17.97820769809902
PF12126	PML_CC	3.792713194010354
PF15363	BTBD8_C	3.078649039475573
PF11777	DUF3316	17.97820769809902
PF01380	SIS	0.3952070246055397
PF00143	Interferon	8.48910384904951
PF18360	hnRNP_Q_AcD	3.848311299344466
PF02498	Bro-N	1.1898139983298273
PF14359	DUF4406	17.97820769809902
PF04358	DsrC	3.078649039475573
PF10205	KLRAQ	3.9140699008029145
PF22116	DUF6944	8.98910384904951
PF01831	Peptidase_C16	2.6909291484084013
PF18114	Suv3_N	4.885426534403885
PF09388	SpoOE-like	3.195641539619804
PF17913	FHA_2	1.9614685978079192
PF09307	MHC2-interact	7.98910384904951
PF09658	Cas_Csx9	17.97820769809902
PF02721	DUF223	17.97820769809902
PF09849	DUF2076	1.1575620714040566
PF06259	Abhydrolase_8	5.46441506579262
PF02622	DUF179	8.48910384904951
PF11015	DUF2853	17.97820769809902
PF21744	BAHCC1-like_Tudor	3.078649039475573
PF14504	CAP_assoc_N	8.98910384904951
PF21446	Gp34_trimer	1.3616552452817292
PF05841	Apc15p	16.97820769809902
PF08300	HCV_NS5a_1a	6.466906789370283
PF00963	Cohesin	2.1397439568712886
PF11414	Suppressor_APC	2.056177885339695
PF07058	MAP70	17.97820769809902
PF04530	Viral_Beta_CD	5.659402566033006
PF12140	SLED	2.3796279966596545
PF20303	YLATT	3.1312559206423316
PF06832	BiPBP_C	1.4393245197377864
PF02434	Fringe	2.1397439568712886
PF05180	zf-DNL	2.1672646822916306
PF17161	DUF5123	5.659402566033006
PF20685	GCP5-Mod21_C	3.2786490394755727
PF12773	DZR	0.28426326037059424
PF16134	THOC2_N	2.9037552158923443
PF21217	PaaA2	8.98910384904951
PF02022	Integrase_Zn	1.8661413307623933
PF23020	PEX14-like_2nd	0.905726018354684
PF19327	Ap4A_phos_N	16.393245197377862
PF02873	MurB_C	3.0349211951945474
PF01948	PyrI	3.5117547340834303
PF21137	ANM3_C2H2_Zf	1.8320349504014573
PF04552	Sigma54_DBD	3.256002846928036
PF02236	Viral_DNA_bi	3.569441994989482
PF06160	EzrA	0.42058096498532277
PF21309	C5_CUB	3.9140699008029145
PF06761	IcmF-related	8.98910384904951
PF04713	Pox_I5	16.97820769809902
PF07961	MBA1	16.97820769809902
PF19616	DUF6121	17.97820769809902
PF11230	YjjI-like	17.97820769809902
PF22133	Toxin_BN_H	3.744551924524755
PF14360	PAP2_C	0.7810451752916427
PF01456	Mucin	0.21005500334538751
PF13268	DUF4059	17.97820769809902
PF02797	Chal_sti_synt_C	2.0555535959915856
PF18367	Rv2175c_C	3.994551924524755
PF01890	CbiG_C	8.196622598688931
PF04833	COBRA	2.995641539619804
PF02480	Herpes_gE	2.8142634204981003
PF08867	FRG	17.97820769809902
PF05800	GvpO	8.48910384904951
PF07542	ATP12	5.46441506579262
PF06084	Cytomega_TRL10	17.97820769809902
PF01339	CheB_methylest	0.56120504175189
PF12837	Fer4_6	0.8928830131585243
PF22566	UBA_8	0.8128505019917429
PF16995	tRNA-synt_2_TM	13.223320195935552
PF13999	MarB	5.131081732459288
PF17087	HHV-5_US34A	8.98910384904951
PF08345	YscJ_FliF_C	2.834170555208283
PF10578	SVS_QK	5.46441506579262
PF02634	FdhD-NarQ	17.97820769809902
PF00577	Usher	4.218759867737219
PF18907	DUF5662	8.98910384904951
PF09262	PEX-1N	4.9360942322189025
PF13742	tRNA_anti_2	1.8507387689958141
PF22826	PL28	5.46441506579262
PF06662	C5-epim_C	3.792713194010354
PF21376	TOR1A_C	2.2322075328963105
PF04448	DUF551	17.97820769809902
PF18385	Tiam_CC_Ex	5.056950925347138
PF01899	MNHE	17.97820769809902
PF19307	SrpI-like	17.97820769809902
PF15088	NADH_dh_m_C1	17.97820769809902
PF01547	SBP_bac_1	1.2552984269687917
PF10036	RLL	17.97820769809902
PF15742	DUF4686	17.97820769809902
PF10608	MAGUK_N_PEST	3.452070674164177
PF22129	CjCas9_WED-like	2.2366113718873795
PF20388	DUF6683	8.48910384904951
PF07768	PVL_ORF50	7.98910384904951
PF15839	TEX29	17.97820769809902
PF15222	KAR	8.98910384904951
PF17229	SMG1_N	5.326069232699673
PF02276	CytoC_RC	8.98910384904951
PF10397	ADSL_C	2.065540866229644
PF02155	GCR	6.94537242842434
PF07498	Rho_N	0.7159325162377304
PF08153	NGP1NT	6.94537242842434
PF05292	MCD	15.97820769809902
PF01786	AOX	3.994551924524755
PF08250	Sperm_act_pep	8.98910384904951
PF06235	NAD4L	15.97820769809902
PF12757	Eisosome1	8.48910384904951
PF08485	Polysacc_syn_2C	3.569441994989482
PF10020	DUF2262	5.131081732459288
PF06271	RDD	2.961656539331342
PF11637	UvsW-1	3.0341705552082834
PF04155	Ground-like	8.48910384904951
PF04696	Pinin_SDK_memA	2.4680471161094513
PF02251	PA28_N	1.4949606380046672
PF20024	DUF6432	4.0983112993444655
PF12484	PPE-SVP	4.206885231160312
PF23018	Cypovirus_WIV_4	5.218759867737219
PF07139	SPATS2-like	1.1994370997814885
PF14919	MTBP_mid	3.9140699008029145
PF08144	CPL	2.1397439568712886
PF11188	DUF2975	2.4963679496831697
PF05833	NFACT_N	2.2038866993225916
PF10419	TFIIIC_sub6	8.48910384904951
PF05872	HerA_C	4.992735899366339
PF10573	UPF0561	1.8722759622623775
PF01008	IF-2B	0.7627933435919686
PF18391	CHIP_TPR_N	3.9140699008029145
PF08278	DnaG_DnaB_bind	6.759388039730861
PF18214	STATa_Ig	3.9140699008029145
PF14119	DUF4288	17.97820769809902
PF10715	REGB_T4	8.98910384904951
PF09844	DUF2071	17.97820769809902
PF02839	CBM_5_12	0.7914497495318826
PF20946	Ctf4_C	2.4963679496831697
PF11715	Nup160	1.6667939385405368
PF06600	DUF1140	3.994551924524755
PF10296	MMM1	0.6292945137660131
PF08126	Propeptide_C25	4.9360942322189025
PF16100	RMI2	8.98910384904951
PF02949	7tm_6	5.46441506579262
PF06184	Potex_coat	17.97820769809902
PF20866	MdcG_N	3.4140699008029145
PF14912	THEG	5.131081732459288
PF17533	DUF5452	8.48910384904951
PF07159	CYRIA-B_Rac1-bd	14.393245197377864
PF13603	tRNA-synt_1_2	0.3149064543382452
PF04621	ETS_PEA3_N	14.97820769809902
PF08249	Mastoparan	14.808282696656708
PF12142	PPO1_DWL	2.717178055064052
PF03475	YiiM_3-alpha	2.34521951708175
PF01431	Peptidase_M13	12.551942943396922
PF11732	Thoc2	4.885426534403885
PF00060	Lig_chan	1.0043154873214666
PF06597	Clostridium_P47	16.393245197377862
PF21633	MOV-10_Ig-like	7.696622598688932
PF18601	EZH2_N	8.48910384904951
PF10508	Proteasom_PSMB	3.195641539619804
PF12886	TORC_C	7.259388039730861
PF20420	DUF6702	16.97820769809902
PF02813	Retro_M	4.797748399125954
PF02947	Flt3_lig	17.97820769809902
PF07334	IFP_35_N	1.465627960321166
PF22378	Tas3-like_N	5.659402566033006
PF09479	Flg_new	2.4963679496831697
PF21674	CCDC22_N	6.94537242842434
PF08923	MAPKK1_Int	5.659402566033006
PF01030	Recep_L_domain	1.534720997494741
PF06610	AlaE	17.97820769809902
PF19693	PSMdelta	5.46441506579262
PF20594	DUF6794	8.48910384904951
PF19513	DUF6047	8.48910384904951
PF19541	DUF6065	17.97820769809902
PF15595	Imm51	8.98910384904951
PF14964	INTS15	17.97820769809902
PF10484	MRP-S23	5.326069232699673
PF21214	SelB_WH_2nd_bact	4.0983112993444655
PF10503	Esterase_PHB	2.0741108684945315
PF07092	TMEM106	7.085426388020708
PF06707	DUF1194	4.506258693153907
PF00230	MIP	1.3890744856848682
PF12805	FUSC-like	3.0341705552082834
PF19223	Chropara_Vmeth	8.98910384904951
PF07967	zf-C3HC	7.585426388020708
PF07893	DUF1668	7.828139801605829
PF13683	rve_3	0.7586822001784254
PF04709	AMH_N	5.131081732459288
PF12651	RHH_3	1.6284755114679619
PF01650	Peptidase_C13	13.518776079461722
PF22324	HTH_91	17.97820769809902
PF15078	DUF4545	17.97820769809902
PF04075	F420H2_quin_red	8.98910384904951
PF05638	T6SS_HCP	8.48910384904951
PF17516	ProQ_C	2.867603264475081
PF15025	DUF4524_N	5.992735899366339
PF02772	S-AdoMet_synt_M	1.4107466836910971
PF13578	Methyltransf_24	4.723617592013805
PF00885	DMRL_synthase	3.6640699008029145
PF00191	Annexin	1.6191930726177564
PF10087	DUF2325	5.659402566033006
PF03767	Acid_phosphat_B	2.0937542290302367
PF11351	GTA_holin_3TM	2.6555535959915857
PF10694	DUF2500	3.9140699008029145
PF16809	NleF_casp_inhib	3.994551924524755
PF11217	DUF3013	8.196622598688931
PF16527	CpxA_peri	2.995641539619804
PF01113	DapB_N	0.6229157039575978
PF08688	ASD1	2.878649039475573
PF21238	Pus10_C	2.222391918054049
PF02324	Glyco_hydro_70	3.744551924524755
PF21821	Dit_like	16.97820769809902
PF01425	Amidase	0.49818582968168024
PF22591	eIF3a_PCI_TPR-like	6.085426388020708
PF11960	DUF3474	2.5037552158923444
PF17960	TIG_plexin	3.348311299344466
PF09698	GSu_C4xC__C2xCH	17.97820769809902
PF05069	Phage_tail_S	5.659402566033006
PF12170	DNA_pol3_tau_5	5.46441506579262
PF18492	ORF_2_N	17.97820769809902
PF18173	bacHORMA_2	17.97820769809902
PF09310	PD-C2-AF1	3.078649039475573
PF12491	ApoB100_C	2.565540866229644
PF00798	Arena_glycoprot	7.696622598688932
PF07744	SPOC	1.6982362844150325
PF00573	Ribosomal_L4	1.2848924681154053
PF03573	OprD	8.98910384904951
PF04277	OAD_gamma	0.7440691776321035
PF05716	AKAP_110	2.931255920642332
PF21211	FkbH_N	5.659402566033006
PF22203	Sca2	8.196622598688931
PF16183	Kinesin_assoc	1.0608566820546195
PF15851	DUF4723	17.97820769809902
PF06122	TraH	2.995641539619804
PF17846	XRN_M	1.0577337899363974
PF10187	FAM192A_Fyv6_N	5.659402566033006
PF17812	RET_CLD3	3.1312559206423316
PF18889	Beta_helix_3	8.196622598688931
PF00121	TIM	3.994551924524755
PF08908	MesX	17.97820769809902
PF21349	RUBY_RBDX	0.5771536525224499
PF15314	PRAP	8.98910384904951
PF03395	Pox_P4A	17.97820769809902
PF09263	PEX-2N	15.656279603211658
PF01978	TrmB	0.5048262277392375
PF11757	RSS_P20	8.48910384904951
PF05416	Peptidase_C37	1.3084768361252603
PF15888	FOG_N	17.97820769809902
PF19745	FUT8_N_cat	1.3730280184655435
PF15279	SOBP	2.0396811399939896
PF17398	NolB	4.0983112993444655
PF16554	OAM_dimer	3.994551924524755
PF11854	MtrB_PioB	17.97820769809902
PF06090	Ins_P5_2-kin	3.792713194010354
PF14029	DUF4244	17.97820769809902
PF13350	Y_phosphatase3	8.98910384904951
PF00038	Filament	0.09297950642268858
PF14791	DNA_pol_B_thumb	1.847687654105795
PF02074	Peptidase_M32	8.48910384904951
PF01163	RIO1	1.1019433496612958
PF01117	Aerolysin	4.723617592013805
PF07867	DUF1654	5.218759867737219
PF07004	SHIPPO-rpt	6.466906789370283
PF00171	Aldedh	0.24889774735440337
PF00061	Lipocalin	1.3277767979957928
PF15401	TAA-Trp-ring	3.195641539619804
PF17321	Vac17	5.659402566033006
PF07894	FAM83	2.4680471161094513
PF18766	SWI2_SNF2	1.3890744856848682
PF05706	CDKN3	16.97820769809902
PF03847	TFIID_20kDa	3.994551924524755
PF06333	Med13_C	1.097571064670118
PF15996	PNISR	1.2213566336009714
PF19044	P-loop_TraG	2.34521951708175
PF12048	DUF3530	17.97820769809902
PF19180	DUF5862	17.97820769809902
PF10617	DUF2474	5.659402566033006
PF21854	Treslin_N	3.792713194010354
PF03610	EIIA-man	2.834170555208283
PF04494	TFIID_NTD2	2.9037552158923443
PF02953	zf-Tim10_DDP	1.8148470099327152
PF03780	Asp23	16.97820769809902
PF03833	PolC_DP2	0.9177803343681465
PF20223	DUF6582	16.393245197377862
PF08200	Phage_1_1	17.97820769809902
PF13946	DUF4214	2.3796279966596545
PF04407	DUF531	8.98910384904951
PF10437	Lip_prot_lig_C	1.2951421781346286
PF08216	CTNNBL	1.3323890548374235
PF01179	Cu_amine_oxid	3.1921885831175176
PF07755	DUF1611	1.813257925605253
PF09142	TruB_C	2.346056036931087
PF01269	Fibrillarin	4.992735899366339
PF15366	DUF4597	8.98910384904951
PF13656	RNA_pol_L_2	3.744551924524755
PF07270	DUF1438	17.97820769809902
PF16016	VASt	0.7991700161953094
PF02411	MerT	8.48910384904951
PF10407	Cytokin_check_N	3.994551924524755
PF18417	LodA_C	8.98910384904951
PF02892	zf-BED	0.44828367654989004
PF01784	DUF34_NIF3	17.97820769809902
PF04250	DUF429	5.131081732459288
PF01277	Oleosin	1.3198887344965202
PF20153	DUF6535	1.4518776079461722
PF18514	MDY2_C	7.98910384904951
PF19349	DUF5927	8.98910384904951
PF11708	Slu7	1.4815946120360326
PF08501	Shikimate_dh_N	0.5855633895784514
PF05383	La	1.611343107106085
PF09430	EMC7_beta-sandw	3.6296940198654304
PF06428	Sec2p	1.1809043980034513
PF00034	Cytochrom_C	0.7956425115409647
PF07546	EMI	1.2231496129129096
PF10027	DUF2269	17.97820769809902
PF04516	CP2	3.542713194010354
PF03566	Peptidase_A21	17.97820769809902
PF19029	DUF883_C	2.7781489713697365
PF08469	NPHI_C	3.47268621421217
PF06445	GyrI-like	3.6640699008029145
PF07330	DUF1467	3.848311299344466
PF03288	Pox_D5	1.397820769809902
PF05233	PHB_acc	5.46441506579262
PF05322	NinE	17.97820769809902
PF00580	UvrD-helicase	0.3304354218668768
PF01590	GAF	0.3762232865068086
PF19121	DUF5805	1.0742287380707234
PF00421	PSII	4.357105700830166
PF09005	DUF1897	1.6898470099327152
PF03869	Arc	1.924155649672233
PF15913	Furin-like_2	1.4692577995483946
PF09173	eIF2_C	12.454645742042006
PF14717	DUF4465	17.97820769809902
PF22997	DUF7031	7.404141348328354
PF18515	Rh5	5.659402566033006
PF17386	LBP_C	5.131081732459288
PF11312	Methyltransf_34	17.97820769809902
PF01946	Thi4	1.0577337899363974
PF21046	Rad26-like_C	5.659402566033006
PF12343	DeaD_C	15.656279603211658
PF16000	CARMIL_C	2.961656539331342
PF13133	DUF3949	8.48910384904951
PF01815	Rop	8.48910384904951
PF20211	DUF6571	17.97820769809902
PF19063	DUF5759	17.97820769809902
PF07940	Hepar_II_III	1.8510353370820884
PF08722	Tn7_TnsA-like_N	4.0983112993444655
PF01987	AIM24	3.994551924524755
PF11898	DUF3418	8.196622598688931
PF00056	Ldh_1_N	0.5844405778049463
PF04607	RelA_SpoT	0.8080151135314297
PF08221	HTH_9	1.9133207424825518
PF11337	DUF3139	1.8722759622623775
PF15144	DUF4576	5.46441506579262
PF12129	PHTF1-2_N	8.98910384904951
PF22487	CRASP-2	8.196622598688931
PF09720	Unstab_antitox	17.97820769809902
PF04403	PqiA	3.702070674164177
PF16485	PLN_propep	1.1994370997814885
PF18506	RelB-like	3.994551924524755
PF21746	DUF6869	5.326069232699673
PF04408	HA2_N	1.2328405165263532
PF17726	DpnI_C	5.326069232699673
PF09746	Membralin	3.195641539619804
PF03025	Papilloma_E5	17.97820769809902
PF07725	LRR_3	1.6222759622623775
PF07680	DoxA	17.97820769809902
PF05735	TSP_C	13.518776079461722
PF16436	DUF5033	8.48910384904951
PF07196	Flagellin_IN	0.6012005693856073
PF11600	CAF-1_p150	2.056177885339695
PF08055	Trp_leader1	17.97820769809902
PF13420	Acetyltransf_4	17.97820769809902
PF04766	Baculo_p26	8.48910384904951
PF00044	Gp_dh_N	0.8559968430798133
PF17042	NBD_C	2.746056036931087
PF18218	Spa1_C	5.46441506579262
PF11798	IMS_HHH	1.2328405165263532
PF11045	YbjM	17.97820769809902
PF12009	Telomerase_RBD	1.9843921224069543
PF18894	PhageMetallopep	2.6630346163498366
PF06512	Na_trans_assoc	1.1187074869206841
PF22429	BAB2_0307-like_N	3.9140699008029145
PF19854	DUF6329	5.46441506579262
PF01287	eIF-5a	3.7193429118946106
PF03756	AfsA	15.97820769809902
PF04553	Tis11B_N	7.404141348328354
PF07795	DUF1635	2.995641539619804
PF04206	MtrE	8.48910384904951
PF14961	BROMI	17.97820769809902
PF13499	EF-hand_7	0.0725329453142679
PF01167	Tub	0.9681454057938662
PF07853	DUF1648	8.48910384904951
PF12327	FtsZ_C	1.424155649672233
PF08099	Toxin_27	17.97820769809902
PF21820	DUF6886	8.98910384904951
PF00235	Profilin	5.46441506579262
PF01809	YidD	5.46441506579262
PF06664	WLS-like_TM	1.904907358332042
PF18516	RuvC_1	8.196622598688931
PF21841	DUF6900	7.696622598688932
PF17652	Glyco_hydro81C	3.6296940198654304
PF11578	DUF3237	17.97820769809902
PF22811	NrdR-like_N	0.4015249752394153
PF10430	Ig_Tie2_1	7.98910384904951
PF05811	DUF842	2.4963679496831697
PF00576	Transthyretin	3.1312559206423316
PF19652	DUF6155	5.326069232699673
PF13631	Cytochrom_B_N_2	2.0937542290302367
PF06435	DUF1079	5.46441506579262
PF18282	RAP80_UIM	2.0937542290302367
PF09330	Lact-deh-memb	3.994551924524755
PF05219	DREV	8.98910384904951
PF13600	DUF4140	0.596968703680671
PF21979	Hfq_1	17.97820769809902
PF19146	DUF5828	5.326069232699673
PF19027	DUF5752	3.994551924524755
PF08494	DEAD_assoc	5.326069232699673
PF04239	DUF421	2.931255920642332
PF12287	Caprin-1_C	2.961656539331342
PF07678	TED_complement	0.7190188350550324
PF20412	RALGAPB_N	2.024407539434488
PF15463	ECM11	3.994551924524755
PF03591	AzlC	17.97820769809902
PF09171	AGOG	8.48910384904951
PF22472	Ago_N_2	17.97820769809902
PF09992	NAGPA	5.326069232699673
PF00227	Proteasome	0.4931502799353639
PF12700	HlyD_2	8.48910384904951
PF00482	T2SSF	0.8111379811311887
PF13541	ChlI	1.7979843250457512
PF21279	YhfX-like_C	17.97820769809902
PF22103	ElaD_SseL-like_N	4.797748399125954
PF00096	zf-C2H2	0.040356585512452504
PF06482	Endostatin	15.97820769809902
PF02527	GidB	1.1551942943396922
PF00910	RNA_helicase	0.18872887074930922
PF08045	CDC14	17.97820769809902
PF14764	SPG48	5.659402566033006
PF03134	TB2_DP1_HVA22	1.4071317102490501
PF10515	APP_amyloid	2.7312559206423317
PF17800	NPL	0.985252515127439
PF11660	DUF3262	4.0983112993444655
PF19864	Radical_SAM_N2	5.659402566033006
PF15127	SmAKAP	5.659402566033006
PF01146	Caveolin	17.97820769809902
PF17791	MG3	3.155163923370234
PF13890	Rab3-GTPase_cat	2.4680471161094513
PF15509	DUF4650	3.994551924524755
PF13189	Cytidylate_kin2	0.7102186158739882
PF11215	DUF3010	4.244551924524755
PF08163	DNAPKcs_CC3	7.696622598688932
PF04286	DUF445	0.5509716748306479
PF13253	DUF4044	3.9140699008029145
PF00181	Ribosomal_L2	1.133206862388048
PF07044	DUF1329	8.98910384904951
PF20381	DUF6676	4.121165951327937
PF10287	YJL171C_Tos1_C	7.696622598688932
PF13225	D27-like_C	8.48910384904951
PF21248	SoFic-like_C	16.97820769809902
PF00058	Ldl_recept_b	0.6571366988107964
PF03733	YccF	5.326069232699673
PF04079	SMC_ScpB	1.2098980066218101
PF01805	Surp	1.3120226702971447
PF21029	RMC1_N	1.771356597005177
PF18148	RGS_DHEX	3.517829275622625
PF21525	Nlp36	5.46441506579262
PF14997	CECR6_TMEM121	16.97820769809902
PF16378	DUF4988	1.739586622579073
PF08691	Nse5	17.97820769809902
PF08477	Roc	0.7634239822411188
PF20804	MAML2_TAD	8.48910384904951
PF14550	Peptidase_S78_2	8.48910384904951
PF13729	TraF_2	3.2786490394755727
PF12139	APS-reductase_C	5.326069232699673
PF01732	Mycop_pep_DUF31	3.9140699008029145
PF14722	KRAP_IP3R_bind	3.9140699008029145
PF02852	Pyr_redox_dim	1.0948984873633147
PF14570	zf-RING_4	1.3393245197377865
PF01743	PolyA_pol	0.9543579470462294
PF18957	RibLong	3.195641539619804
PF11582	DUF3240	8.48910384904951
PF02150	RNA_POL_M_15KD	1.0930919443374678
PF10581	Synapsin_N	2.8555535959915854
PF01666	DX	3.848311299344466
PF02185	HR1	0.3644604526246855
PF17009	DUF5090	17.97820769809902
PF19807	DUF6290	5.326069232699673
PF06281	VP1_VP3	17.97820769809902
PF15112	DUF4559	17.97820769809902
PF16209	PhoLip_ATPase_N	2.994551924524755
PF18413	Neuraminidase	8.98910384904951
PF16572	HlyD_D4	5.218759867737219
PF11567	PfUIS3	17.97820769809902
PF00383	dCMP_cyt_deam_1	0.9196410993966483
PF20725	DUF6832	3.078649039475573
PF02784	Orn_Arg_deC_N	1.0098039071377831
PF14434	Imm6	5.46441506579262
PF00930	DPPIV_N	0.8633323227642733
PF06553	BNIP3	17.97820769809902
PF15264	TSSC4	17.97820769809902
PF08863	YolD	2.1672646822916306
PF13367	PrsW-protease	8.48910384904951
PF11462	DUF3203	8.48910384904951
PF00129	MHC_I	1.901392014961345
PF07675	Cleaved_Adhesin	2.995641539619804
PF07406	NICE-3	2.4963679496831697
PF00447	HSF_DNA-bind	0.23656921157188673
PF09518	RE_HindIII	17.97820769809902
PF00182	Glyco_hydro_19	6.0601133514857235
PF00088	Trefoil	1.2890744856848682
PF12026	CAS_C	7.259388039730861
PF05294	Toxin_5	17.97820769809902
PF18873	Sgo0707_N1	17.97820769809902
PF02309	AUX_IAA	0.7623029990358975
PF00619	CARD	0.32028638209491694
PF10176	DUF2370	3.494551924524755
PF20672	Gag_FV_central	3.792713194010354
PF01139	RtcB	3.792713194010354
PF07574	SMC_Nse1	3.598311299344466
PF08336	P4Ha_N	2.795641539619804
PF11939	NiFe-hyd_HybE	17.97820769809902
PF05732	RepL	4.244551924524755
PF05271	Tobravirus_2B	8.48910384904951
PF12157	DUF3591	1.799155649672233
PF14652	DUF4457	15.97820769809902
PF03925	SeqA	12.933813578740565
PF08592	Anthrone_oxy	1.465627960321166
PF13491	FtsK_4TM	0.6825393098089467
PF06470	SMC_hinge	0.2809885875905412
PF11520	Cren7	8.48910384904951
PF10096	DUF2334	16.97820769809902
PF15834	THEG4	3.2786490394755727
PF15204	KKLCAg1	8.48910384904951
PF18303	Saf_2TM	3.994551924524755
PF03023	MurJ	3.994551924524755
PF05361	PP1_inhibitor	7.98910384904951
PF01003	Flavi_capsid	5.934841620660425
PF20050	DUF6452	17.97820769809902
PF18452	Ig_6	4.797748399125954
PF21450	RIF2_lid	3.9140699008029145
PF01452	Rota_NSP4	17.97820769809902
PF03929	PepSY_TM	1.056175398819649
PF14269	Arylsulfotran_2	17.97820769809902
PF20601	DUF6797	8.98910384904951
PF20257	SAM_HAT_C	4.723617592013805
PF19416	Astro_VPg	1.7260353370820884
PF12363	Phage_TAC_12	17.97820769809902
PF17944	Arg_decarbox_C	0.7833557459054118
PF08745	PIN_5	17.97820769809902
PF01544	CorA	0.8681715535530425
PF10645	Carb_bind	2.6630346163498366
PF20526	DUF6741	16.393245197377862
PF17766	fn3_6	6.0237351802680665
PF11878	DOCK_C-D_N	4.759255993319309
PF14875	PIP49_N	7.328139801605829
PF17008	DUF5088	16.97820769809902
PF04233	Phage_Mu_F	2.565540866229644
PF12770	CHAT	4.0983112993444655
PF13134	DUF3948	2.6630346163498366
PF17717	DUF5562	17.97820769809902
PF19682	DUF6184	5.659402566033006
PF03976	PPK2	5.326069232699673
PF05004	IFRD	1.7472759622623775
PF08646	Rep_fac-A_C	1.904907358332042
PF10050	DUF2284	17.97820769809902
PF03505	Clenterotox	5.659402566033006
PF18509	MCR	2.931255920642332
PF06452	CBM9_1	3.792713194010354
PF18698	HisK_sensor	3.6296940198654304
PF02861	Clp_N	0.8599996846122686
PF10643	Cytochrome-c551	3.0341705552082834
PF00998	RdRP_3	1.3611430270595355
PF21144	Aquarius_N_3rd	3.195641539619804
PF15836	SSTK-IP	7.98910384904951
PF17804	TSP_NTD	7.98910384904951
PF07000	DUF1308	3.702070674164177
PF21715	CggR_N	3.994551924524755
PF10817	DUF2563	16.97820769809902
PF16674	UCH_N	4.797748399125954
PF07448	Spp-24	3.1312559206423316
PF12421	DUF3672	17.97820769809902
PF04556	DpnII	17.97820769809902
PF18682	PilA4	8.48910384904951
PF22598	CdsD_PD2	5.056950925347138
PF07831	PYNP_C	0.8024087106316449
PF00755	Carn_acyltransf	4.659402566033006
PF19926	DUF6389	17.97820769809902
PF15951	MITF_TFEB_C_3_N	4.8395920264872405
PF07827	KNTase_C	5.46441506579262
PF03102	NeuB	4.8395920264872405
PF01085	HH_signal	3.1059047116053455
PF01657	Stress-antifung	0.5107609414408124
PF02090	SPAM	2.6093799338686097
PF03857	Colicin_im	8.48910384904951
PF14572	Pribosyl_synth	1.180072854831215
PF14160	FAM110_C	4.659402566033006
PF17761	DUF1016_N	17.97820769809902
PF18466	GluRS_N	3.195641539619804
PF09073	BUD22	0.28211725431319173
PF22463	Ctf19_RWD1	17.97820769809902
PF03206	NifW	17.97820769809902
PF04875	DUF645	17.97820769809902
PF14560	Ubiquitin_2	1.1064806649964938
PF16273	NuDC	2.0937542290302367
PF05363	Herpes_US12	17.97820769809902
PF07558	Shugoshin_N	0.620191018462483
PF10066	DUF2304	0.8335795750612598
PF20393	Pro_CA_2	15.97820769809902
PF00739	X	17.97820769809902
PF03190	Thioredox_DsbH	2.6093799338686097
PF18993	Rv0078B	2.6630346163498366
PF17286	PRMT5_C	7.03565855124525
PF18156	pPIWI_RE_Y	17.97820769809902
PF12560	RAG1_imp_bd	4.9360942322189025
PF12130	bMERB_dom	2.2038866993225916
PF17057	B3R	4.602760898885569
PF05266	DUF724	0.6087838726080848
PF10334	ArAE_2	8.196622598688931
PF02919	Topoisom_I_N	3.3636614355105015
PF02560	Cyanate_lyase	1.5748587696731635
PF08799	PRP4	4.576760061551811
PF22861	GEO12453p1-like	3.848311299344466
PF21018	BipA_C	6.98910384904951
PF15114	UPF0640	17.97820769809902
PF21928	XLF_CC	0.7510431155256512
PF22077	C2c1_Nuc-II	8.48910384904951
PF01343	Peptidase_S49	1.3518776079461723
PF07545	Vg_Tdu	3.792713194010354
PF19724	DUF6217	8.98910384904951
PF06458	MucBP	1.8510353370820884
PF15233	SYCE1	1.3323890548374235
PF04586	Peptidase_S78	5.46441506579262
PF15797	DUF4706	17.97820769809902
PF06557	DUF1122	8.98910384904951
PF01810	LysE	5.326069232699673
PF13653	GDPD_2	0.8998582173403404
PF11518	DUF3221	8.48910384904951
PF17790	MG1	3.256002846928036
PF21541	CATSPERB_1st	16.97820769809902
PF12527	DUF3727	17.97820769809902
PF14437	MafB19-deam	8.196622598688931
PF06268	Fascin	7.03565855124525
PF17357	FIT1_2	5.46441506579262
PF08211	dCMP_cyt_deam_2	3.678564397586593
PF20391	DUF6686	17.97820769809902
PF19548	CHRDL_1_2_C	2.995641539619804
PF11236	DUF3037	2.6093799338686097
PF16218	Peptidase_C101	17.97820769809902
PF13694	Hph	17.97820769809902
PF00484	Pro_CA	1.599249466375318
PF11438	N36	4.0983112993444655
PF03564	DUF1759	1.4022950770534373
PF20815	GIY_YIG_2	17.97820769809902
PF03720	UDPG_MGDP_dh_C	1.2931508550238215
PF07814	WAPL	3.994551924524755
PF17283	Zn_ribbon_SprT	0.9631366732386335
PF20469	OLD-like_TOPRIM	1.9133207424825518
PF05531	NPV_P10	0.24128985012014753
PF10938	YfdX	2.1397439568712886
PF12340	DUF3638	8.48910384904951
PF16033	DUF4789	17.97820769809902
PF10177	DUF2371	1.5434160952054088
PF22139	XPD_arch	17.97820769809902
PF17987	PMT2_N	17.97820769809902
PF07377	DUF1493	17.97820769809902
PF02746	MR_MLE_N	1.4662803114904137
PF18072	FGAR-AT_linker	3.183980981132307
PF10660	MitoNEET_N	2.103442615580156
PF01812	5-FTHF_cyc-lig	5.056950925347138
PF01556	DnaJ_C	0.23388297180084316
PF15506	OCC1	4.244551924524755
PF19635	DUF6138	17.97820769809902
PF22335	Cas10-Cmr2_palm2	1.8722759622623775
PF12408	DUF3666	8.48910384904951
PF16891	STPPase_N	1.5543108021626417
PF08384	NPP	4.506258693153907
PF22453	TubZ-like_C	5.659402566033006
PF07359	LEAP-2	8.48910384904951
PF03587	EMG1	17.97820769809902
PF10890	Cyt_b-c1_8	15.656279603211658
PF17833	UPF0113_N	3.4325700461638586
PF02652	Lactate_perm	17.97820769809902
PF08145	BOP1NT	1.3188536934800943
PF00086	Thyroglobulin_1	0.8365300826717227
PF00791	ZU5	0.6954875599700956
PF14357	DUF4404	1.497820769809902
PF15960	DUF4763	1.799155649672233
PF04257	Exonuc_V_gamma	4.9360942322189025
PF10395	Utp8_b_propeller	16.97820769809902
PF00899	ThiF	0.2127671539042879
PF00625	Guanylate_kin	0.12851296650913005
PF17667	Pkinase_fungal	1.3334351508324296
PF02793	HRM	0.7899531757731731
PF09957	VapB_antitoxin	3.9140699008029145
PF08576	DUF1764	4.0983112993444655
PF07217	Het-C	7.48910384904951
PF09042	Titin_Z	8.48910384904951
PF09642	YonK	8.48910384904951
PF09232	Caenor_Her-1	8.98910384904951
PF21955	CarG-like	5.46441506579262
PF21476	PF0610-like_N	5.659402566033006
PF08741	YwhD	17.97820769809902
PF22437	DBF4_BRCT	3.848311299344466
PF19408	PKD_6	4.244551924524755
PF13993	YccJ	17.97820769809902
PF21940	Pfc11_Rna14-15-ID	5.659402566033006
PF19215	CoV_NSP15_C	1.7792351060060008
PF00924	MS_channel_2nd	0.894198291390123
PF00472	RF-1	0.09333593911461434
PF07489	Tir_receptor_C	2.3796279966596545
PF06031	SERTA	3.994551924524755
PF12952	DUF3841	3.2786490394755727
PF00479	G6PD_N	3.922918110823357
PF19076	CshA_repeat	8.48910384904951
PF02272	DHHA1	0.22941512804485734
PF21907	CEP-1_C	1.6284755114679619
PF18275	His_Me_b4a2	5.46441506579262
PF05941	Chordopox_A20R	8.98910384904951
PF01799	Fer2_2	2.4001855549198208
PF02603	Hpr_kinase_N	3.412246903899291
PF18400	Thioredoxin_12	4.9360942322189025
PF16780	AIMP2_LysRS_bd	3.744551924524755
PF20998	Nol11_C	15.170852776041416
PF01611	Filo_glycop	4.659402566033006
PF22381	Staph_reg_Sar_Rot	2.5241311386961875
PF02559	CarD_TRCF_RID	2.5616565393313415
PF12959	DUF3848	5.46441506579262
PF04832	SOUL	8.48910384904951
PF14682	SPOB_ab	3.9140699008029145
PF19971	TCAD2	17.97820769809902
PF21855	Treslin_STD	3.0908744634959526
PF17637	DUF5516	8.98910384904951
PF17660	BTRD1	5.326069232699673
PF09779	Ima1_N	3.744551924524755
PF09168	PepX_N	12.170852776041416
PF07736	CM_1	17.97820769809902
PF15717	PCM1_C	3.994551924524755
PF05044	HPD	1.480828269665671
PF04504	GeBP-like_DBD	1.030249630567528
PF20794	bPH_7	17.97820769809902
PF21275	Thi_PPkinase_C	17.97820769809902
PF05996	Fe_bilin_red	17.97820769809902
PF15083	Colipase-like	8.48910384904951
PF01530	zf-C2HC	0.9704207339514471
PF20543	CowN	5.46441506579262
PF17045	CEP63	1.2882593432764924
PF08059	SEP	1.4634280862268239
PF12706	Lactamase_B_2	0.25682362884142224
PF00046	Homeodomain	0.05085448819954172
PF20783	DUF5575_N	8.196622598688931
PF09552	RE_BstXI	5.659402566033006
PF21882	Gp53-like_C	8.48910384904951
PF11870	LutB_C	1.5866006849045964
PF21755	DacZ_P	17.97820769809902
PF06454	THH1_TOM1-3_dom	17.97820769809902
PF17958	EF-hand_13	2.3618087960069025
PF05822	UMPH-1	2.115468956665244
PF19628	DUF6132	7.828139801605829
PF12636	DUF3781	4.0983112993444655
PF00614	PLDc	1.2024011387712146
PF18495	VbhA	5.46441506579262
PF21121	Nup49_C	1.2340235580547256
PF09650	PHA_gran_rgn	5.46441506579262
PF03519	Invas_SpaK	16.97820769809902
PF21389	CASTOR1_ACT-like	7.259388039730861
PF20300	prok_STING	7.404141348328354
PF08397	IMD	1.2021200178123228
PF05391	Lsm_interact	2.3618087960069025
PF01793	Glyco_transf_15	2.931255920642332
PF21490	PB2_cap-binding	8.98910384904951
PF13435	Cytochrome_C554	8.48910384904951
PF16288	DUF4934	8.98910384904951
PF08112	ATP-synt_E_2	2.1672646822916306
PF03968	LptD_N	1.5833414192558677
PF06957	COPI_C	4.797748399125954
PF22256	BDI_1685-like_C	17.97820769809902
PF05462	Dicty_CAR	3.1312559206423316
PF05267	DUF725	16.97820769809902
PF13824	zf-Mss51	5.326069232699673
PF20659	MS_C	2.8091851779244683
PF11526	Pfc11_Clp1_ID	5.326069232699673
PF13945	NST1	1.488138355264207
PF18262	PhetRS_B1	2.867603264475081
PF16509	KORA	5.218759867737219
PF06407	BDV_P40	17.97820769809902
PF03175	DNA_pol_B_2	1.1212204785035005
PF22573	SPMIP5	16.393245197377862
PF20019	VMAP-M20	17.97820769809902
PF18086	PPIP5K2_N	2.7781489713697365
PF14031	D-ser_dehydrat	14.808282696656708
PF06737	Transglycosylas	5.056950925347138
PF04650	YSIRK_signal	0.32104555774621113
PF00183	HSP90	0.18719644391680829
PF02188	GoLoco	1.6898470099327152
PF18665	TetR_C_37	4.797748399125954
PF00541	Adeno_knob	4.506258693153907
PF17080	SepA	17.97820769809902
PF06807	Clp1	1.7210671943623046
PF07969	Amidohydro_3	0.28658914925129425
PF17138	DUF5111	5.46441506579262
PF21931	ABM-like	17.97820769809902
PF10655	DUF2482	17.97820769809902
PF16224	DUF4883	4.244551924524755
PF16858	CNDH2_C	2.9037552158923443
PF01753	zf-MYND	0.3062725709266946
PF19321	KCTD18_C	16.97820769809902
PF02724	CDC45	0.10113819687590582
PF03752	ALF	5.218759867737219
PF22685	Gal80p_C-like	8.196622598688931
PF03952	Enolase_N	1.6281159529855231
PF17659	DUF5521	17.97820769809902
PF14480	DNA_pol3_a_NI	4.008003795904048
PF04806	EspF	3.848311299344466
PF01936	NYN	5.056950925347138
PF11381	DUF3185	17.97820769809902
PF11838	ERAP1_C	1.068126273418467
PF10254	Pacs-1	8.48910384904951
PF18453	C4bp_oligo	4.885426534403885
PF11785	Aft1_OSA	8.196622598688931
PF19126	DUF5810	4.0983112993444655
PF04771	CAV_VP3	8.196622598688931
PF07947	YhhN	3.744551924524755
PF09409	PUB	1.138023300267638
PF15535	Ntox37	8.48910384904951
PF16641	CLIP1_ZNF	1.6453647440729675
PF01498	HTH_Tnp_Tc3_2	5.326069232699673
PF07440	Caerin_1	5.326069232699673
PF22267	MlrA_C	5.218759867737219
PF19943	DUF6405	5.326069232699673
PF13258	DUF4049	8.48910384904951
PF12095	CRR7	3.848311299344466
PF14666	RICTOR_M	1.6131973421624135
PF13947	GUB_WAK_bind	1.265627960321166
PF18394	TBK1_CCD1	5.131081732459288
PF11043	Anti-RecBCD_p2	17.97820769809902
PF12781	AAA_9	1.1136624766850747
PF12510	Smoothelin	1.896356597005177
PF18545	HalOD1	1.8320349504014573
PF09107	SelB-wing_3	5.326069232699673
PF01081	Aldolase	5.659402566033006
PF14542	Acetyltransf_CG	5.326069232699673
PF11954	DUF3471	16.393245197377862
PF05766	NinG	5.46441506579262
PF05103	DivIVA	0.7317140431134119
PF01696	Adeno_E1B_55K	7.585426388020708
PF06189	5-nucleotidase	8.48910384904951
PF03416	Peptidase_C54	2.6909291484084013
PF17843	MycE_N	15.656279603211658
PF10169	LLPH	2.4680471161094513
PF19057	PH_19	1.5173644003568507
PF07420	DUF1509	2.6630346163498366
PF08104	Antimicrobial_9	17.97820769809902
PF03381	CDC50	5.46441506579262
PF16812	AdHead_fibreRBD	8.48910384904951
PF14089	KbaA	17.97820769809902
PF10466	Inhibitor_I34	5.659402566033006
PF02557	VanY	17.97820769809902
PF13636	Methyltranf_PUA	5.7676321011251455
PF13864	Enkurin	2.115468956665244
PF10598	RRM_4	7.48910384904951
PF01706	FliG_C	1.7070349504014573
PF05567	T4P_PilY1	8.48910384904951
PF00123	Hormone_2	1.7579689080182177
PF14398	ATPgrasp_YheCD	3.6296940198654304
PF11214	Med2	1.7103605774864292
PF05536	Neurochondrin	17.97820769809902
PF10017	Methyltransf_33	5.46441506579262
PF05413	Peptidase_C34	8.48910384904951
PF16211	Histone_H2A_C	1.2754275798122308
PF15510	CENP-W	7.828139801605829
PF00978	RdRP_2	0.8498054123489334
PF01223	Endonuclease_NS	2.2322075328963105
PF03531	SSrecog	4.311271192913521
PF04168	Alpha-E	5.326069232699673
PF16353	LacZ_4	5.98910384904951
PF16331	TolA_bind_tri	0.42829748937180173
PF10989	DUF2808	5.46441506579262
PF19199	Phage_coatGP8	8.48910384904951
PF12873	DUF3825	8.98910384904951
PF04579	Keratin_matx	5.46441506579262
PF02538	Hydantoinase_B	14.656279603211658
PF13934	ELYS	3.848311299344466
PF15042	LELP1	1.7103605774864292
PF13346	ABC2_membrane_5	4.0983112993444655
PF09902	DUF2129	8.98910384904951
PF21492	bL31_N	3.1312559206423316
PF21506	Knl-2-like_dom	8.48910384904951
PF21270	SOGP_4th	5.659402566033006
PF02529	PetG	1.6453647440729675
PF14743	DNA_ligase_OB_2	7.98910384904951
PF13155	Toprim_2	0.7927163237899121
PF09365	DUF2461	5.659402566033006
PF04200	Lipoprotein_17	3.994551924524755
PF18715	Phage_spike	3.1312559206423316
PF18422	TNFR_16_TM	2.0741108684945315
PF18342	LytB_SH3	8.48910384904951
PF02129	Peptidase_S15	1.9647305232031669
PF04344	CheZ	1.6453647440729675
PF20993	CENPH	1.6642452997887798
PF02204	VPS9	0.5846556180932346
PF11491	DUF3213	5.659402566033006
PF21092	SSRP1_C	2.961656539331342
PF20417	Gemin6_C	16.393245197377862
PF16856	CDC4_D	3.1312559206423316
PF04502	Saf4_Yju2	0.8630176685410442
PF06367	Drf_FH3	0.7488400108620844
PF02979	NHase_alpha	8.48910384904951
PF04563	RNA_pol_Rpb2_1	1.851421701878367
PF01927	Mut7-C	2.961656539331342
PF13667	ThiC-associated	3.25625144415669
PF04235	DUF418	5.326069232699673
PF11929	DUF3447	8.196622598688931
PF21362	Sina_RING	1.367309150680836
PF11388	DotA	5.46441506579262
PF21288	C6_KAZAL	5.218759867737219
PF18649	EcpB_C	13.656279603211658
PF17421	DUF5409	8.98910384904951
PF09861	Lar_N	16.97820769809902
PF00589	Phage_integrase	0.2881245151053842
PF08616	SPA	1.5864186644397695
PF16808	PKcGMP_CC	0.3121588650442336
PF20555	DUF6767	5.218759867737219
PF20711	DUF6825	8.98910384904951
PF18659	CelTOS	2.1672646822916306
PF15513	DUF4651	16.393245197377862
PF10782	zf-C2HCIx2C	8.48910384904951
PF12459	DUF3687	3.848311299344466
PF03998	Utp11	17.97820769809902
PF00654	Voltage_CLC	0.7102186158739882
PF00488	MutS_V	0.1000058801982893
PF10441	Urb2	2.6093799338686097
PF14774	FAM177	2.4963679496831697
PF13758	Prefoldin_3	8.48910384904951
PF02965	Met_synt_B12	2.242440957007001
PF04311	DUF459	5.659402566033006
PF02819	Toxin_9	17.97820769809902
PF13623	SurA_N_2	1.2808282696656708
PF10496	Syntaxin-18_N	1.465627960321166
PF07919	Gryzun	8.48910384904951
PF06886	TPX2	1.8148470099327152
PF18968	DUF5707	5.131081732459288
PF04100	Vps53_N	2.4197960132436203
PF11699	CENP-C_C	5.218759867737219
PF06228	ChuX_HutX	17.97820769809902
PF00919	UPF0004	0.7946161971168211
PF11427	HTH_Tnp_Tc3_1	2.1990350281968376
PF04437	RINT1_TIP1	1.896356597005177
PF07267	Nucleo_P87	1.2213566336009714
PF02443	Circo_capsid	5.46441506579262
PF06275	DUF1031	17.97820769809902
PF09452	Mvb12	8.98910384904951
PF21345	PcRGLX_2nd	8.98910384904951
PF09317	ACDH_C	15.656279603211658
PF16499	Melibiase_2	4.07444006531185
PF00431	CUB	0.28706531967567483
PF01051	Rep3_N	4.552093201070552
PF10190	Tmemb_170	3.078649039475573
PF08213	COX24_C	5.218759867737219
PF03747	ADP_ribosyl_GH	5.46441506579262
PF01227	GTP_cyclohydroI	1.2890744856848682
PF18821	LPD7	3.195641539619804
PF11208	DUF2992	4.0983112993444655
PF20735	Lambda_ea8_5	17.97820769809902
PF11977	RNase_Zc3h12a	1.3393245197377865
PF01071	GARS_A	2.770847483697769
PF13472	Lipase_GDSL_2	0.8169573189056563
PF16866	PHD_4	1.799155649672233
PF09911	DUF2140	8.48910384904951
PF08931	Caudo_bapla_RBP	16.97820769809902
PF19481	DUF6017	8.48910384904951
PF15068	FAM101	7.98910384904951
PF22148	Fervidolysin_NPro-like	5.056950925347138
PF00139	Lectin_legB	0.594537242842434
PF17079	SOTI	17.97820769809902
PF02334	RTP	8.48910384904951
PF10042	DUF2278	5.326069232699673
PF15847	Loricrin	17.97820769809902
PF20667	Sec10_N	0.4403018735334507
PF06701	MIB_HERC2	1.1441900153879527
PF09976	TPR_21	0.7634239822411188
PF14459	Prok-E2_C	17.97820769809902
PF13144	ChapFlgA	5.218759867737219
PF02015	Glyco_hydro_45	8.48910384904951
PF15077	MAJIN	3.195641539619804
PF20653	COG6_C	2.5781489713697363
PF19880	DUF6353	4.244551924524755
PF01930	Cas_Cas4	2.0741108684945315
PF06078	DUF937	4.0983112993444655
PF00534	Glycos_transf_1	0.19020410886093778
PF05474	Semenogelin	3.994551924524755
PF07918	CAP160	8.196622598688931
PF13476	AAA_23	0.19495719096834951
PF00079	Serpin	1.5434160952054088
PF02788	RuBisCO_large_N	8.508565880859503
PF10809	DUF2732	5.659402566033006
PF01508	Paramecium_SA	8.48910384904951
PF19264	DUF5907	7.98910384904951
PF09139	Tam41_Mmp37	8.48910384904951
PF18102	DTC	2.3796279966596545
PF09049	SNN_transmemb	7.828139801605829
PF00857	Isochorismatase	2.3796279966596545
PF06017	Myosin_TH1	1.2951421781346286
PF17593	DUF5490	8.98910384904951
PF08329	ChitinaseA_N	15.97820769809902
PF01983	CofC	3.1312559206423316
PF14885	GHL15	5.659402566033006
PF22228	CofB_beta-rpt	17.97820769809902
PF21959	DUF6923	7.328139801605829
PF16302	DUF4944	17.97820769809902
PF13388	DUF4106	1.465627960321166
PF11786	Aft1_HRA	3.0341705552082834
PF07991	IlvN	0.5769351434320186
PF21201	Tertiapin	17.97820769809902
PF11398	DUF2813	5.326069232699673
PF21150	YebU_pre-PUA_dom	2.3103885886793845
PF09925	DUF2157	2.565540866229644
PF04435	SPK	5.46441506579262
PF07989	Cnn_1N	0.4376829475598886
PF12297	EVC2_like	3.9140699008029145
PF19399	DUF5974	17.97820769809902
PF08629	PDE8	3.1312559206423316
PF06739	SBBP	4.0983112993444655
PF07140	IFNGR1_D2	2.995641539619804
PF05466	BASP1	8.98910384904951
PF13566	DUF4130	8.48910384904951
PF04936	DUF658	8.98910384904951
PF18327	PRODH	3.0341705552082834
PF08994	T4_Gp59_C	17.97820769809902
PF09628	YvfG	17.97820769809902
PF08687	ASD2	3.569441994989482
PF00843	Arena_nucleocap	6.667175754162147
PF03611	EIIC-GAT	8.48910384904951
PF11793	FANCL_C	5.056950925347138
PF20324	DUF6619	17.97820769809902
PF13131	DUF3951	3.994551924524755
PF21802	Cas3-like_C	16.97820769809902
PF14649	Spatacsin_C	5.46441506579262
PF19768	DUF6255	17.97820769809902
PF12861	zf-ANAPC11	2.73220753289631
PF15606	Ntox34	17.97820769809902
PF07766	LETM1_RBD	1.599249466375318
PF07711	RabGGT_insert	7.696622598688932
PF00556	LHC	8.196622598688931
PF00542	Ribosomal_L12	0.49284087387717007
PF07009	NusG_II	8.98910384904951
PF16070	TMEM132	2.795641539619804
PF18774	APOBEC4_like	8.98910384904951
PF06965	Na_H_antiport_1	1.5020862310513023
PF07735	FBA_2	2.4963679496831697
PF03167	UDG	0.952453679166021
PF22319	DUF6972	17.97820769809902
PF14563	DUF4444	7.98910384904951
PF04961	FTCD_C	1.799155649672233
PF14412	AHH	17.97820769809902
PF05287	PMG	2.3618087960069025
PF01005	Flavi_NS2A	4.015823453512044
PF16703	DUF5064	4.244551924524755
PF03226	Yippee-Mis18	0.9238438270528975
PF22893	ULD_2	2.931255920642332
PF18619	GAIN_A	7.585426388020708
PF09052	SipA	7.828139801605829
PF10606	GluR_Homer-bdg	7.585426388020708
PF09605	Trep_Strep	8.48910384904951
PF01746	tRNA_m1G_MT	0.5593537434603421
PF01367	5_3_exonuc	0.6724399486023036
PF16531	SAS-6_N	4.992735899366339
PF20880	G1_gp67_N	17.97820769809902
PF21688	FAD-depend_C	17.97820769809902
PF13572	DUF4134	17.97820769809902
PF09611	Cas_Csy1	5.659402566033006
PF16348	CoV_NSP4_C	4.023772367496833
PF02337	Gag_p10	1.835560668736293
PF11716	MDMPI_N	2.565540866229644
PF14667	Polysacc_synt_C	1.7070349504014573
PF16076	Acyltransf_C	2.1414874468590086
PF01467	CTP_transf_like	0.20922445649504548
PF15311	HYLS1_C	2.2366113718873795
PF07626	PSD3	17.97820769809902
PF12295	Symplekin_C	3.9140699008029145
PF06800	Sugar_transport	2.6048022775424293
PF18136	DNApol_Exo	2.4427132672019427
PF17258	DUF5324	8.48910384904951
PF22480	DUF6984	8.98910384904951
PF14200	RicinB_lectin_2	0.6879640580258157
PF07142	DUF1388	1.8510353370820884
PF20849	TelK_muzzle	2.528475462673569
PF03217	SlpA	3.078649039475573
PF04254	DUF432	17.97820769809902
PF05631	MFS_5	16.97820769809902
PF21927	McpB_HAMP_2	8.98910384904951
PF18984	DUF5717_N	17.97820769809902
PF12935	Sec16_N	4.885426534403885
PF22174	NMB1110-like_C	4.373408900990482
PF05518	Totivirus_coat	1.2098980066218101
PF22280	VtrC	17.97820769809902
PF21828	DUF6888	17.97820769809902
PF17874	TPR_MalT	0.90528879480539
PF13040	Fur_reg_FbpB	2.4197960132436203
PF00265	TK	2.565540866229644
PF08961	NRBF2	2.878649039475573
PF19145	DUF5827	15.656279603211658
PF07580	Peptidase_M26_C	5.056950925347138
PF06256	Nucleo_LEF-12	17.97820769809902
PF20927	Htt_C-HEAT	2.995641539619804
PF11149	DUF2924	4.0983112993444655
PF22752	DUF488-N3i	8.98910384904951
PF01170	UPF0020	0.5135424283009068
PF21280	Helicase_dom4_arc	1.4276582979060057
PF20154	LNT_N	3.850647647798974
PF22620	OYE-like_second_a-b	5.326069232699673
PF01979	Amidohydro_1	0.12549779238459807
PF06341	DUF1056	8.48910384904951
PF18566	Ldi	8.48910384904951
PF03776	MinE	1.5529523558026728
PF08288	PIGA	4.9360942322189025
PF06135	IreB	3.195641539619804
PF20618	GPD_NAD_C_bact	2.767829275622625
PF02698	DUF218	8.196622598688931
PF22928	INTS1_R4	0.9984434070070728
PF10262	Rdx	3.195641539619804
PF23011	PHD-1st_NSD	1.030249630567528
PF09676	TraV	5.326069232699673
PF15864	PglL_A	16.97820769809902
PF19963	VMAP-M1	4.0983112993444655
PF12482	DUF3701	4.759255993319309
PF01273	LBP_BPI_CETP	1.3909751199401912
PF01694	Rhomboid	0.4463211494273533
PF00024	PAN_1	0.722221645879878
PF13608	Potyvirid-P3	1.7350453834191826
PF03567	Sulfotransfer_2	1.6453647440729675
PF21683	GpP-like_1st	8.48910384904951
PF08965	DUF1870	5.46441506579262
PF06569	DUF1128	1.0280889426698474
PF04050	Upf2	5.131081732459288
PF03942	DTW	17.97820769809902
PF06086	Pox_A30L_A26L	3.6640699008029145
PF02704	GASA	5.326069232699673
PF21791	MDHAR3-like_C	4.576760061551811
PF04679	DNA_ligase_A_C	0.755523447272631
PF15589	Imm21	17.97820769809902
PF12487	DUF3703	8.98910384904951
PF07687	M20_dimer	0.49926032511240687
PF03575	Peptidase_S51	5.218759867737219
PF07676	PD40	0.34024987808095325
PF16917	BPL_LplA_LipB_2	17.97820769809902
PF10856	DUF2678	7.98910384904951
PF13949	ALIX_LYPXL_bnd	0.9014754066772097
PF17295	DUF5348	5.46441506579262
PF15612	WHIM1	1.4634280862268239
PF00243	NGF	3.6409750875326097
PF14394	DUF4423	5.46441506579262
PF05562	WCOR413	17.97820769809902
PF19014	DUF5743	17.97820769809902
PF14745	WASH-4_N	15.97820769809902
PF12361	DBP	3.994551924524755
PF03910	Adeno_PV	2.528475462673569
PF20615	DUF6802	8.98910384904951
PF12519	MDM10	3.494551924524755
PF00683	TB	3.452070674164177
PF07055	Eno-Rase_FAD_bd	1.3900283378714309
PF12376	DUF3654	3.4325700461638586
PF03043	Herpes_UL87	7.585426388020708
PF06985	HET	4.244551924524755
PF16215	DUF4876	17.97820769809902
PF02654	CobS	3.994551924524755
PF03008	DUF234	8.48910384904951
PF02349	MSG	17.97820769809902
PF00988	CPSase_sm_chain	10.236740711697873
PF00585	Thr_dehydrat_C	3.202070674164177
PF00959	Phage_lysozyme	1.4277767979957927
PF00277	SAA	5.46441506579262
PF16558	AZUL	5.46441506579262
PF20087	DUF6479	0.5320314305195862
PF01288	HPPK	4.6904390341635
PF16919	PknG_rubred	7.696622598688932
PF10690	Myticin-prepro	3.994551924524755
PF01252	Peptidase_A8	0.8714211401660333
PF20489	Birna_RdRp_C	14.97820769809902
PF12152	eIF_4G1	5.326069232699673
PF10736	DUF2527	8.98910384904951
PF16981	Chi-conotoxin	2.6093799338686097
PF06373	CART	3.078649039475573
PF03405	FA_desaturase_2	2.2322075328963105
PF18876	AFF4_CHD	0.8928830131585243
PF00292	PAX	2.5171780550640523
PF10886	DUF2685	5.659402566033006
PF04087	DUF389	16.97820769809902
PF13588	HSDR_N_2	4.8395920264872405
PF03778	DUF321	17.97820769809902
PF08352	oligo_HPY	1.3794616490949725
PF09659	Cas_Csm6_HEPN	7.98910384904951
PF02764	Diphtheria_T	5.326069232699673
PF20244	DUF6599	17.97820769809902
PF10422	LRS4	2.2366113718873795
PF18125	RlmM_FDX	5.28017759160656
PF05873	Mt_ATP-synt_D	1.4170852776041416
PF12329	TMF_DNA_bd	0.3701732433917723
PF04950	RIBIOP_C	2.834170555208283
PF20295	MC8	16.393245197377862
PF09413	DUF2007	5.131081732459288
PF19837	DUF6316	3.452070674164177
PF16802	DUF5070	17.97820769809902
PF08632	Zds_C	3.994551924524755
PF21724	DUF6861	3.1312559206423316
PF21883	WLS_GOLD	6.79294513766013
PF08451	A_deaminase_N	3.542713194010354
PF16048	Antimicrobial23	16.393245197377862
PF22056	ORF239-like	17.97820769809902
PF16204	BDHCT_assoc	1.8722759622623775
PF08174	Anillin	2.010188157498643
PF21327	GspA_C39-like	5.659402566033006
PF12826	HHH_2	0.33821336633765103
PF11113	Phage_head_chap	17.97820769809902
PF16538	FlgT_C	8.98910384904951
PF10155	CNOT11	4.244551924524755
PF09687	PRESAN	5.326069232699673
PF04285	DUF444	6.667175754162147
PF07317	PilZN	13.277767979957927
PF08275	DNAG_N	1.707977126438652
PF03943	TAP_C	7.138883989978964
PF02558	ApbA	1.2454645742042008
PF11448	DUF3005	5.659402566033006
PF15397	DUF4618	2.1990350281968376
PF00745	GlutR_dimer	0.5287954712545209
PF08151	FerI	14.170852776041416
PF00396	Granulin	7.196622598688932
PF09607	BrkDBD	5.46441506579262
PF10915	DUF2709	5.659402566033006
PF20229	ChrB_N	17.97820769809902
PF22995	C2CH-3rd_BIRD-IDD	1.7662139791405442
PF11346	DUF3149	0.814000711732009
PF03637	Mob1_phocein	17.97820769809902
PF01414	DSL	1.5255866871839372
PF03382	DUF285	5.46441506579262
PF00176	SNF2-rel_dom	0.1018395743340623
PF06769	YoeB_toxin	8.48910384904951
PF16419	CNOT1_HEAT_N	17.97820769809902
PF19990	DUF6426	8.48910384904951
PF10408	Ufd2P_core	2.056177885339695
PF20578	aBig_2	8.98910384904951
PF15017	WRNPLPNID	1.1265646732884766
PF05965	FYRC	1.659720997494741
PF11503	YNR034W-A-like	5.659402566033006
PF03723	Hemocyanin_C	3.017829275622625
PF11240	DUF3042	2.1672646822916306
PF08124	Lyase_8_N	2.878649039475573
PF04224	DUF417	5.659402566033006
PF05144	Phage_CRI	15.393245197377864
PF15532	Ntox30	8.98910384904951
PF18783	IPU_b_solenoid	5.326069232699673
PF10192	GPR180-TMEM145_TM	2.995641539619804
PF11781	zf-RRN7	1.0018470298240112
PF01397	Terpene_synth	0.4563229328341481
PF06684	AA_synth	17.97820769809902
PF01466	Skp1	1.2120226702971448
PF06541	ABC_trans_CmpB	4.0983112993444655
PF22963	NUP210_Ig3	5.131081732459288
PF10065	DUF2303	5.46441506579262
PF12709	Fungal_TACC	0.6904141348328354
PF03195	LOB	5.46441506579262
PF09770	PAT1	1.3454645742042006
PF09759	Atx10homo_assoc	0.9153520123103623
PF07709	SRR	5.131081732459288
PF17024	DMAP1_like	5.326069232699673
PF17127	DUF5106	8.98910384904951
PF08669	GCV_T_C	2.372591916068992
PF07878	RHH_5	3.078649039475573
PF08658	Rad54_N	6.98910384904951
PF06290	PsiB	16.97820769809902
PF03121	Herpes_UL52	1.9408414679028942
PF10601	zf-LITAF-like	1.1809043980034513
PF02932	Neur_chan_memb	0.9989523011326855
PF11848	DUF3368	3.994551924524755
PF10813	Herpesvir_UL11	17.97820769809902
PF00672	HAMP	0.1537123522178145
PF22785	Tc-R-P	1.6818307177552507
PF02563	Poly_export	2.7312559206423317
PF01197	Ribosomal_L31	17.97820769809902
PF20314	DUF6610	5.659402566033006
PF12862	ANAPC5	1.465627960321166
PF06978	POP1_N	3.744551924524755
PF18576	HTH_52	5.659402566033006
PF22737	NNH6	5.659402566033006
PF05859	Mis12	0.5772942599981707
PF02780	Transketolase_C	1.241499331221367
PF21239	RLMM_N	5.284408380980659
PF02416	TatA_B_E	0.16791473497814657
PF09313	DUF1971	7.98910384904951
PF06312	Neurexophilin	3.9140699008029145
PF22421	SYY_C-terminal	1.5474534567666156
PF15576	DUF4661	5.46441506579262
PF09020	YopE_N	5.218759867737219
PF14566	PTPlike_phytase	2.961656539331342
PF08983	V1R_C	3.598311299344466
PF05197	TRIC	5.326069232699673
PF07322	Seadorna_Vp10	17.97820769809902
PF19712	AGK_C	7.828139801605829
PF20778	SLS1_C	16.97820769809902
PF20701	HetE-N	7.404141348328354
PF09368	Sas10	7.585426388020708
PF14216	DUF4326	7.98910384904951
PF00103	Hormone_1	1.896356597005177
PF14619	SnAC	2.8142634204981003
PF17083	Swm2	3.195641539619804
PF01147	Crust_neurohorm	7.404141348328354
PF04046	PSP	4.8395920264872405
PF20000	fvmX2	16.393245197377862
PF18057	DUF5594	17.97820769809902
PF04371	PAD_porph	17.97820769809902
PF14221	DUF4330	8.98910384904951
PF03732	Retrotrans_gag	0.8277245354406176
PF03801	Ndc80_HEC	1.3223320195935553
PF13103	TonB_2	8.48910384904951
PF04686	SsgA	15.97820769809902
PF10290	YJL171C_Tos1_N	5.056950925347138
PF01818	Translat_reg	8.98910384904951
PF03590	AsnA	5.605011686661046
PF11522	Pik1	3.1312559206423316
PF20282	CTD6	5.326069232699673
PF09924	LPG_synthase_C	1.3984322528133621
PF00598	Flu_M1	2.2001855549198206
PF12080	GldM_4th	8.98910384904951
PF21025	Fapy_DNA_glyco_C	17.97820769809902
PF14066	DUF4256	17.97820769809902
PF05360	YiaAB	2.528475462673569
PF09014	Sushi_2	14.97820769809902
PF01083	Cutinase	2.1672646822916306
PF16771	RTT107_BRCT_6	8.48910384904951
PF07978	NIPSNAP	4.759255993319309
PF18959	DUF5701	17.97820769809902
PF10500	SR-25	0.07952447465083327
PF00271	Helicase_C	0.025743783068747677
PF11202	StiP	17.97820769809902
PF21794	RAD51D_N	7.696622598688932
PF17078	SHE3	1.172609758540875
PF20693	YobI-ATPase	5.46441506579262
PF08671	SinI	3.0341705552082834
PF03872	RseA_N	4.759255993319309
PF22977	WHD	17.97820769809902
PF20636	SMN_G2-BD	7.196622598688932
PF20617	DUF6803	16.97820769809902
PF12253	CAF1A	2.0741108684945315
PF21893	DUF6918	5.131081732459288
PF13638	PIN_4	1.7162850230819293
PF01103	Omp85	2.848311299344466
PF22901	dsrm_Ferlin	6.98910384904951
PF22664	TRI-like_N	7.98910384904951
PF14477	Mso1_C	5.326069232699673
PF01099	Uteroglobin	1.6642452997887798
PF04942	CC	3.1312559206423316
PF22015	OSBS_N	17.97820769809902
PF08943	CsiD	17.97820769809902
PF12763	EF-hand_4	0.28299990538368064
PF04147	Nop14	0.2299199977898186
PF13831	PHD_2	1.037887145170167
PF17110	TFB6	3.9140699008029145
PF06295	ZapG-like	0.657537271269367
PF03934	T2SSK	1.4277767979957927
PF12626	PolyA_pol_arg_C	15.393245197377864
PF16200	Band_7_C	7.196622598688932
PF15879	MWFE	8.196622598688931
PF12102	MrcB_N	8.48910384904951
PF07788	PDDEXK_10	17.97820769809902
PF16202	BLM_N	5.218759867737219
PF20609	pAdhesive_17	5.659402566033006
PF19655	DUF6158	2.1672646822916306
PF04404	ERF	8.48910384904951
PF08168	NOL11_N	15.170852776041416
PF19697	Atg11_middle	1.2340235580547256
PF11963	B-CoV_A_NSP1	3.3636614355105015
PF22261	GPR128_GAIN_subdom_B	8.48910384904951
PF22795	DUF4796_N	1.5170852776041417
PF01592	NifU_N	4.885426534403885
PF13283	NfrA_C	8.196622598688931
PF18362	THB	7.03565855124525
PF03413	PepSY	1.0432313399551434
PF03726	PNPase	0.6985014951628841
PF17060	MPS2	1.736343107106085
PF22831	CATSPERB_Ig-like	8.48910384904951
PF07559	FlgE_D2	1.972611813808101
PF21187	CYAA_C	15.97820769809902
PF09699	Paired_CXXCH_1	2.961656539331342
PF20241	DUF6598	17.97820769809902
PF03498	CDtoxinA	5.46441506579262
PF15984	Collagen_mid	7.98910384904951
PF08207	EFP_N	1.6569441481199387
PF07188	KSHV_K8	17.97820769809902
PF03569	Peptidase_C8	6.904141348328354
PF03859	CG-1	4.797748399125954
PF17492	D_CNTX	16.97820769809902
PF15949	DUF4757	2.2366113718873795
PF04619	Adhesin_Dr	15.97820769809902
PF00312	Ribosomal_S15	0.38345609320591195
PF10355	Ytp1	16.97820769809902
PF03626	COX4_pro	17.97820769809902
PF00634	BRCA2	1.7589146378113125
PF22969	NUP210_Ig2	3.0341705552082834
PF20671	COG3_C	4.992735899366339
PF14547	Hydrophob_seed	8.196622598688931
PF17636	UL21a	5.46441506579262
PF02660	G3P_acyltransf	1.397820769809902
PF18859	acVLRF1	5.46441506579262
PF00196	GerE	0.3575865504798904
PF20141	Island	2.995641539619804
PF09869	DUF2096	3.078649039475573
PF08971	GlgS	8.48910384904951
PF12110	Nup96	3.6640699008029145
PF07591	PT-HINT	4.244551924524755
PF09178	MGTA_C	8.196622598688931
PF06422	PDR_CDR	1.0580325177467633
PF06416	T3SS_NleG	7.48910384904951
PF15639	Tox-MPTase3	8.48910384904951
PF01040	UbiA	0.2263999243069445
PF18116	SNX17_FERM_C	14.0713171024905
PF18930	DUF5679	2.995641539619804
PF10014	2OG-Fe_Oxy_2	5.46441506579262
PF09718	Tape_meas_lam_C	3.1312559206423316
PF12615	TraD_N	16.97820769809902
PF18162	Arc_C	5.218759867737219
PF13058	DUF3920	7.98910384904951
PF00194	Carb_anhydrase	2.666870301664859
PF20047	DUF6449	3.195641539619804
PF01982	CTP-dep_RFKase	1.0853342823093453
PF19700	DUF6198	8.48910384904951
PF08171	Mad3_BUB1_II	2.1397439568712886
PF19818	DUF6301	8.98910384904951
PF02151	UVR	0.2590271118230433
PF21064	Reovirus_L2_N	15.393245197377864
PF21346	PcRGLX_3rd	17.97820769809902
PF01721	Bacteriocin_II	3.2786490394755727
PF08484	Methyltransf_14	1.6284755114679619
PF08716	CoV_NSP7	6.0477823243685895
PF18249	Ca_bind_SSO6904	8.48910384904951
PF07701	HNOBA	1.645539439923103
PF04954	SIP	2.329701283016503
PF22330	Rib_mS39_PPR	3.569441994989482
PF02430	AMA-1	17.97820769809902
PF13928	Flocculin_t3	1.5173644003568507
PF12187	VirArc_Nuclease	17.97820769809902
PF09411	PagL	17.97820769809902
PF03155	Alg6_Alg8	3.9140699008029145
PF07048	DUF1331	5.218759867737219
PF12223	DUF3602	5.46441506579262
PF11856	DUF3376	8.98910384904951
PF04941	LEF-8	17.97820769809902
PF01344	Kelch_1	0.19993632162072472
PF07237	DUF1428	17.97820769809902
PF22079	HopBA1	17.97820769809902
PF03142	Chitin_synth_2	0.6761584875578565
PF16512	RhoGAP-FF1	3.744551924524755
PF03488	Ins_beta	3.792713194010354
PF02478	Pneumo_phosprot	16.97820769809902
PF22966	INTS7_C_plants	8.48910384904951
PF05637	Glyco_transf_34	5.131081732459288
PF02961	BAF	17.97820769809902
PF14627	DUF4453	17.97820769809902
PF15143	DUF4575	17.97820769809902
PF16709	SCAB-Ig	2.6630346163498366
PF17986	EKAL	16.97820769809902
PF20134	DUF6524	5.46441506579262
PF14466	PLCC	17.97820769809902
PF15656	Tox-HDC	17.97820769809902
PF07474	G2F	3.6640699008029145
PF07553	Lipoprotein_Ltp	5.659402566033006
PF02748	PyrI_C	1.5015145925737172
PF02245	Pur_DNA_glyco	8.48910384904951
PF06787	HcgF	8.48910384904951
PF01396	zf-C4_Topoisom	0.5290162588733817
PF09058	L27_1	1.799155649672233
PF05053	Menin	0.4805230622157859
PF19555	DUF6078	17.97820769809902
PF17740	DUF5577	3.848311299344466
PF11368	DUF3169	1.8148470099327152
PF02463	SMC_N	0.09046492394007762
PF08638	Med14	1.736343107106085
PF21835	YIEGIA_cap	5.659402566033006
PF03308	MeaB	0.3544057924123423
PF05715	zf-piccolo	3.744551924524755
PF20575	HTH_63	17.97820769809902
PF14527	LAGLIDADG_WhiA	0.6025587104631283
PF16616	PHC2_SAM_assoc	1.799155649672233
PF20985	Legum_prodom	4.484881914014002
PF07603	DUF1566	5.326069232699673
PF01702	TGT	1.8673310146414999
PF02249	MCR_alpha	14.277767979957927
PF03721	UDPG_MGDP_dh_N	0.9807295277058392
PF10615	DUF2470	3.9140699008029145
PF11890	DUF3410	3.56736109760826
PF02665	Nitrate_red_gam	2.056177885339695
PF13841	Defensin_beta_2	5.326069232699673
PF00823	PPE	1.150247426713262
PF09547	SpoIVA_ATPase	7.98910384904951
PF08450	SGL	0.5039818603640491
PF03568	Peptidase_C50	2.4963679496831697
PF02774	Semialdhyde_dhC	1.7350453834191826
PF21968	TcdA1_RBD_3	17.97820769809902
PF03232	COQ7	2.4963679496831697
PF18198	AAA_lid_11	3.055830048983888
PF19062	DUF5758	5.659402566033006
PF21523	ParM_N	0.6865140092327717
PF14706	Tnp_DNA_bind	2.2366113718873795
PF15768	CC190	17.97820769809902
PF17590	DUF5488	8.98910384904951
PF13733	Glyco_transf_7N	4.341337129237381
PF01058	Oxidored_q6	0.6012005693856073
PF22916	UTP25_NTPase-like	0.5632600275521112
PF03903	Phage_T4_gp36	8.48910384904951
PF22383	AVR-Pik_HID	7.98910384904951
PF03106	WRKY	0.28950446930050855
PF12941	HCV_NS5a_C	3.212231170288513
PF04550	Phage_holin_3_2	8.48910384904951
PF01637	ATPase_2	0.425322465804286
PF16912	Glu_dehyd_C	4.341337129237381
PF06311	NumbF	3.702070674164177
PF01395	PBP_GOBP	1.0933522252476204
PF01896	DNA_primase_S	0.8682674258474763
PF18882	DUF5647	3.848311299344466
PF20629	GD_AH_C	15.393245197377864
PF01026	TatD_DNase	3.9140699008029145
PF14650	FAM75	1.9508970861730939
PF01251	Ribosomal_S7e	8.196622598688931
PF13447	Multi-haem_cyto	3.195641539619804
PF19991	HMA_2	2.024407539434488
PF20577	Phage_ORF5	17.97820769809902
PF09274	ParG	8.98910384904951
PF06267	DUF1028	17.97820769809902
PF21422	NP_C_Orthomyx	17.97820769809902
PF07790	Pilin_N	1.6856503084490462
PF18355	DUF5607	17.97820769809902
PF04888	SseC	1.2482072895141305
PF05011	DBR1	4.6904390341635
PF15452	NYAP_C	4.992735899366339
PF04297	UPF0122	3.1312559206423316
PF18944	DUF5691	17.97820769809902
PF18387	zf_C2H2_ZHX	1.0257193467941765
PF20304	Sp-CxC	17.97820769809902
PF22286	RHG20_PH	5.131081732459288
PF04596	Pox_F15	17.97820769809902
PF15751	FANCA_interact	7.828139801605829
PF21933	MCM5_C	1.9614685978079192
PF03759	PRONE	8.98910384904951
PF08552	Kei1	8.48910384904951
PF04811	Sec23_trunk	3.7977483991259544
PF12317	IFT46_B_C	2.565540866229644
PF21866	DUF6915	5.659402566033006
PF00177	Ribosomal_S7	1.599249466375318
PF05714	PFam54_60	2.4963679496831697
PF04836	IFRD_C	3.744551924524755
PF18011	Catalase_C	4.576760061551811
PF14625	Lustrin_cystein	2.6093799338686097
PF20370	DUF6665	8.48910384904951
PF02226	Pico_P1A	12.486354601769344
PF00070	Pyr_redox	0.2254511726310532
PF11893	DUF3413	2.995641539619804
PF14835	zf-RING_6	8.196622598688931
PF10173	Mit_KHE1	2.1990350281968376
PF17674	HHH_9	2.128125722078345
PF15158	TMEM249	8.48910384904951
PF00050	Kazal_1	0.6973301635220511
PF13427	AadA_C	3.569441994989482
PF22673	MCP-like_PDC_1	2.0741108684945315
PF14911	MMS22L_C	3.6640699008029145
PF04140	ICMT	17.97820769809902
PF08503	DapH_N	5.500463887299551
PF17651	Raco_middle	5.326069232699673
PF08351	TmcA_N	6.585426388020708
PF16089	DUF4818	2.9037552158923443
PF03298	Stanniocalcin	8.48910384904951
PF06592	DUF1138	17.97820769809902
PF14681	UPRTase	1.4972759622623775
PF06144	DNA_pol3_delta	3.702070674164177
PF03305	Lipoprotein_X	2.398874199562977
PF21679	VPS13_C	4.630248285616227
PF09818	ABC_ATPase	1.2710054318878876
PF03185	CaKB	7.98910384904951
PF21615	CBM-like_2	8.98910384904951
PF12804	NTP_transf_3	0.1868120925557451
PF14075	UBN_AB	3.702070674164177
PF10711	DUF2513	17.97820769809902
PF02767	DNA_pol3_beta_2	4.576760061551811
PF12349	Sterol-sensing	0.7708969692702684
PF21368	AI2M-like_HNH	4.992735899366339
PF01309	EAV_GS	17.97820769809902
PF16847	AvrPtoB_bdg	5.056950925347138
PF02729	OTCace_N	1.1176270841495592
PF08423	Rad51	0.8095965363088782
PF10396	TrmE_N	4.379519588818429
PF22367	FlgE_2nd	8.98910384904951
PF11084	DUF2621	17.97820769809902
PF07305	DUF1454	17.97820769809902
PF12464	Mac	2.242440957007001
PF10480	ICAP-1_inte_bdg	17.97820769809902
PF13677	MotB_plug	2.34521951708175
PF15519	RBM39linker	7.48910384904951
PF20896	ToMV_Hel_N	4.162118200589781
PF01186	Lysyl_oxidase	6.904141348328354
PF00527	E7	4.244551924524755
PF11293	DUF3094	3.078649039475573
PF06992	Phage_lambda_P	17.97820769809902
PF22236	TEBP_OB2-like	5.056950925347138
PF20018	VMAP-M14	8.48910384904951
PF04366	Ysc84	3.598311299344466
PF12542	CWC25	6.94537242842434
PF22173	APH-like_N	17.97820769809902
PF03922	OmpW	17.97820769809902
PF12248	Methyltransf_FA	2.6093799338686097
PF18775	APOBEC4	5.659402566033006
PF19442	CRIM1_C	5.131081732459288
PF07964	Red1	8.48910384904951
PF17850	CysA_C_terminal	2.121713364109239
PF22865	MgtS-like	17.97820769809902
PF04506	Rft-1	17.97820769809902
PF12705	PDDEXK_1	0.20858046841698594
PF02876	Stap_Strp_tox_C	2.0706031410702304
PF20755	DUF6834_C	17.97820769809902
PF03249	TSA	3.1312559206423316
PF12312	NeA_P2	1.6453647440729675
PF08021	FAD_binding_9	4.576760061551811
PF14843	GF_recep_IV	0.9983236690845401
PF00221	Lyase_aromatic	1.017178476610427
PF14288	FKS1_dom1	1.017178476610427
PF09806	CDK2AP	3.195641539619804
PF12469	Cmr2_N	8.48910384904951
PF18175	HU-CCDC81_bac_2	2.1397439568712886
PF01740	STAS	0.5996444840725191
PF04010	DUF357	2.565540866229644
PF16111	DUF4829	5.46441506579262
PF22003	MrkDrd	17.97820769809902
PF01001	HCV_NS4b	6.466906789370283
PF10544	T5orf172	1.4170852776041416
PF08290	Hep_core_N	6.424462340577026
PF20166	ATG4_LIR	6.904141348328354
PF13181	TPR_8	0.26450812943669083
PF14246	TetR_C_7	8.196622598688931
PF13628	DUF4142	5.659402566033006
PF13862	BCCIP	8.48910384904951
PF08037	Attractin	17.97820769809902
PF16653	Sacchrp_dh_C	3.517829275622625
PF02383	Syja_N	1.1973502523674016
PF07380	Pneumo_M2	5.659402566033006
PF05999	Herpes_U5	5.326069232699673
PF11347	CRR42-like	5.46441506579262
PF20853	WKTW_rpt	17.97820769809902
PF06535	RGM_N	14.656279603211658
PF13449	Phytase-like	8.48910384904951
PF19969	VMAP-M8	8.48910384904951
PF00797	Acetyltransf_2	17.97820769809902
PF10678	DUF2492	17.97820769809902
PF03544	TonB_C	3.542713194010354
PF22484	DUF6986	16.393245197377862
PF16364	Antigen_C	2.2366113718873795
PF06699	PIG-F	4.0983112993444655
PF12840	HTH_20	1.172609758540875
PF11232	Med25	3.494551924524755
PF20780	TssR_M	17.97820769809902
PF01788	PsbJ	17.97820769809902
PF06460	CoV_Methyltr_2	12.933813578740565
PF08703	PLC-beta_C	3.517829275622625
PF13897	GOLD_2	1.9968868140141456
PF03389	MobA_MobL	5.218759867737219
PF15994	DUF4770	8.48910384904951
PF02114	Phosducin	2.4680471161094513
PF00784	MyTH4	0.9238438270528975
PF03623	Focal_AT	1.574539197337935
PF13249	SQHop_cyclase_N	3.396472568830065
PF02928	zf-C5HC2	2.5781489713697363
PF04691	ApoC-I	1.2627949869862438
PF07147	PDCD9	15.656279603211658
PF22135	Cwp8_D3	5.659402566033006
PF15175	SPATA24	5.326069232699673
PF08527	PAD_M	7.03565855124525
PF13937	DUF4212	17.97820769809902
PF09308	LuxQ-periplasm	3.1312559206423316
PF05265	DUF723	17.97820769809902
PF18246	OST_IS	8.48910384904951
PF05105	Phage_holin_4_1	3.078649039475573
PF10462	Peptidase_M66	1.0933522252476204
PF22144	Fungal_virus_P2_C	4.0983112993444655
PF10130	PIN_2	3.702070674164177
PF15194	TMEM191C	2.6093799338686097
PF09591	DUF2463	2.528475462673569
PF19421	Fry_C	5.218759867737219
PF12308	Noelin-1	1.132157522943355
PF08508	DUF1746	17.97820769809902
PF06030	WxLIP_PGBD	8.196622598688931
PF23005	DUF7032	1.9570349504014573
PF03034	PSS	2.9037552158923443
PF09191	CD4-extracel	7.03565855124525
PF15337	Vasculin	3.848311299344466
PF01232	Mannitol_dh	5.09842399228718
PF20398	DUF6691	17.97820769809902
PF10351	FMP27-BLTP2_C	0.46743169235114573
PF22666	Glyco_hydro_2_N2	2.5697849362308105
PF14849	YidC_periplas	0.48015841333760473
PF00289	Biotin_carb_N	2.346056036931087
PF03123	CAT_RBD	3.2800566757428617
PF16752	TBCC_N	1.5634796780545
PF13547	GTA_TIM	8.48910384904951
PF15198	Dexa_ind	17.97820769809902
PF12136	RNA_pol_Rpo13	4.0983112993444655
PF06195	DUF996	5.46441506579262
PF08399	VWA_N	3.494551924524755
PF21259	Rgg_C	17.97820769809902
PF20987	I-TevI_DNA-bd	3.994551924524755
PF17901	EF-hand_12	1.6642452997887798
PF02428	Prot_inhib_II	13.97820769809902
PF22560	GMT-wHTH	2.1672646822916306
PF03036	Perilipin	1.480828269665671
PF21122	KA1_BRSK	15.170852776041416
PF17119	MMU163	3.078649039475573
PF21991	capSnatchArena	14.808282696656708
PF07215	DUF1419	17.97820769809902
PF08440	Poty_PP	1.8297546709509582
PF00800	PDT	1.7539668542797038
PF10828	DUF2570	2.565540866229644
PF04962	KduI	8.48910384904951
PF00464	SHMT	0.8282412564280921
PF15534	Ntox35	16.97820769809902
PF07258	COMM_domain	1.813257925605253
PF11489	Aim21	8.196622598688931
PF02162	XYPPX	5.056950925347138
PF05718	Pox_int_trans	17.97820769809902
PF15581	Imm58	8.48910384904951
PF07901	DUF1672	17.97820769809902
PF13229	Beta_helix	0.3616307145072899
PF12847	Methyltransf_18	7.98910384904951
PF14203	TTRAP	2.1397439568712886
PF00436	SSB	1.6818307177552507
PF05117	DUF695	5.659402566033006
PF10513	EPL1	0.5375433849558179
PF08374	Protocadherin	1.1648506415082516
PF16900	REPA_OB_2	1.652915024491944
PF01435	Peptidase_M48	0.13408296235141562
PF15229	POM121	2.4963679496831697
PF14917	CCDC74_C	5.326069232699673
PF15592	Imm41	17.97820769809902
PF12933	FTO_NTD	7.585426388020708
PF07073	ROF	8.196622598688931
PF07541	EIF_2_alpha	1.7620502154748992
PF21662	WipA_N	1.9508970861730939
PF12857	TOBE_3	2.103442615580156
PF11500	Cut12	2.9037552158923443
PF15546	DUF4653	17.97820769809902
PF12953	DUF3842	17.97820769809902
PF05187	ETF_QO	2.2883800307759055
PF02504	FA_synthesis	3.078649039475573
PF00649	Copper-fist	8.48910384904951
PF00384	Molybdopterin	0.5474492436816574
PF12893	Lumazine_bd_2	8.48910384904951
PF07067	DUF1340	5.46441506579262
PF06313	ACP53EA	16.97820769809902
PF21343	ACAD9-ACADV_C	4.992735899366339
PF17461	DUF5423	3.1312559206423316
PF22214	Mec-4_10_cyt	3.848311299344466
PF05821	NDUF_B8	17.97820769809902
PF03469	XH	1.6284755114679619
PF10035	DUF2179	1.8988741995629772
PF08630	Dfp1_Him1_M	8.196622598688931
PF04884	UVB_sens_prot	8.48910384904951
PF15220	HILPDA	8.98910384904951
PF10533	Plant_zn_clust	4.8395920264872405
PF20682	Hanta_Gc_C	13.454645742042006
PF19030	TSP1_ADAMTS	1.1088043622340327
PF10057	MpsC	17.97820769809902
PF10379	nec1	8.98910384904951
PF17563	Cu	15.97820769809902
PF15637	Tox-HNH-HHH	7.828139801605829
PF22993	EPH_SAM	5.46441506579262
PF03707	MHYT	1.465627960321166
PF09918	DUF2148	17.97820769809902
PF08356	EF_assoc_2	1.4103117199151967
PF19689	DUF6190	3.994551924524755
PF22552	TY-Chap3	16.97820769809902
PF02097	Filo_VP35	17.97820769809902
PF20521	DUF6736	17.97820769809902
PF14303	NAM-associated	1.3323890548374235
PF00097	zf-C3HC4	0.12540183240684424
PF06464	DMAP_binding	1.3656279603211658
PF21360	PylC-like_N	2.115468956665244
PF07647	SAM_2	0.2102656457450109
PF09289	FOLN	2.5781489713697363
PF03459	TOBE	0.6400103303022643
PF13904	CCDC34	8.48910384904951
PF20503	DUF6730	3.848311299344466
PF18865	AbiJ_NTD5	3.1312559206423316
PF07970	COPIIcoated_ERV	3.348311299344466
PF14501	HATPase_c_5	3.319441994989482
PF18461	Atypical_Card	16.97820769809902
PF09074	Mer2	8.48910384904951
PF02109	DAD	8.196622598688931
PF08590	DUF1771	1.6284755114679619
PF10507	TMEM65	5.46441506579262
PF22559	GNAT-phage-like	17.97820769809902
PF13672	PP2C_2	4.723617592013805
PF07039	SGF29_Tudor	3.848311299344466
PF06280	fn3_5	4.797748399125954
PF03631	Virul_fac_BrkB	0.9302865276937246
PF03837	RecT	17.97820769809902
PF14952	zf-tcix	3.195641539619804
PF14226	DIOX_N	1.0095564648737179
PF19098	DUF5785	8.98910384904951
PF10958	DUF2759	8.48910384904951
PF09740	DUF2043	2.931255920642332
PF01199	Ribosomal_L34e	17.97820769809902
PF21335	ATPD_C_metazoa	2.931255920642332
PF11314	DUF3117	8.98910384904951
PF05162	Ribosomal_L41	17.97820769809902
PF09964	DUF2198	8.98910384904951
PF19835	SegE_GIY-YIG	2.528475462673569
PF13116	DUF3971	8.196622598688931
PF02950	Conotoxin	0.9083294382043622
PF14028	Lant_dehydr_C	5.326069232699673
PF01904	DUF72	4.0983112993444655
PF09149	DUF1935	8.98910384904951
PF18520	Spc110_C	1.2707461543726382
PF16712	SCAB_CC	2.6093799338686097
PF07387	Seadorna_VP7	8.98910384904951
PF00226	DnaJ	0.08000257732200933
PF00632	HECT	0.3385106901830732
PF02068	Metallothio_PEC	8.48910384904951
PF06386	GvpL_GvpF	7.98910384904951
PF09670	Cas_Cas02710	8.48910384904951
PF21088	MS_channel_1st	1.6339146378113125
PF16945	Phage_r1t_holin	16.97820769809902
PF08797	HIRAN	2.242440957007001
PF21453	NCAP_ISAV_hel	8.98910384904951
PF15982	TMEM135_C_rich	15.656279603211658
PF02915	Rubrerythrin	0.7844964339623076
PF02136	NTF2	2.8142634204981003
PF14999	Shadoo	1.8722759622623775
PF13312	DUF4081	8.98910384904951
PF21766	Dit_C	5.46441506579262
PF14213	DUF4325	4.0983112993444655
PF06133	Com_YlbF	0.6784602556236148
PF03941	INCENP_ARK-bind	3.744551924524755
PF22270	MlrA_helical	2.2883800307759055
PF06889	DUF1266	5.326069232699673
PF15023	DUF4523	17.97820769809902
PF13363	BetaGal_dom3	6.404141348328354
PF13995	YebF	17.97820769809902
PF15753	BLOC1S3	8.48910384904951
PF11758	Bacteriocin_IIi	8.48910384904951
PF15273	NHS	2.961656539331342
PF08183	SpoV	16.97820769809902
PF07749	ERp29	2.2883800307759055
PF22020	RlmL_1st	2.6296940198654304
PF08150	FerB	4.6904390341635
PF14413	Thg1C	6.98910384904951
PF09174	Maf1	2.1672646822916306
PF21438	Sap1_N	17.97820769809902
PF17001	T3SS_basalb_I	17.97820769809902
PF17793	AHD	3.994551924524755
PF11763	DIPSY	8.48910384904951
PF11744	ALMT	0.9205521797771138
PF22331	Sas-6-like_oligomerization	8.48910384904951
PF22718	SNaCT13	8.98910384904951
PF01663	Phosphodiest	0.8063709765824786
PF08179	SspP	16.97820769809902
PF00685	Sulfotransfer_1	1.0546899669343048
PF05273	Pox_RNA_Pol_22	17.97820769809902
PF21399	TERT_C	14.808282696656708
PF04027	DUF371	17.97820769809902
PF09206	ArabFuran-catal	14.277767979957927
PF05579	Peptidase_S32	2.056177885339695
PF06309	Torsin	1.1680840619230957
PF02973	Sialidase	5.218759867737219
PF06056	Terminase_5	8.196622598688931
PF16630	APC_u5	5.218759867737219
PF12703	ptaRNA1_toxin	17.97820769809902
PF04161	Arv1	8.98910384904951
PF19309	Frem_N	15.170852776041416
PF17228	SGP	3.6296940198654304
PF07233	DUF1425	16.97820769809902
PF04505	CD225	3.994551924524755
PF03870	RNA_pol_Rpb8	17.97820769809902
PF07593	UnbV_ASPIC	8.196622598688931
PF08344	TRP_2	4.425922659985975
PF09462	Mus7	4.244551924524755
PF14817	HAUS5	8.98910384904951
PF22923	KIF2A-like_1st	2.276046600535276
PF03006	HlyIII	2.1672646822916306
PF16757	Fucosidase_C	14.170852776041416
PF01024	Colicin	1.480828269665671
PF16612	RGS12_usC	16.393245197377862
PF09192	Act-Frag_cataly	3.994551924524755
PF06163	DUF977	8.98910384904951
PF17989	ALP_N	8.196622598688931
PF03040	CemA	0.9104186402141106
PF18753	Nmad2	16.97820769809902
PF18568	COS	1.7260353370820884
PF02046	COX6A	7.696622598688932
PF16918	PknG_TPR	5.131081732459288
PF03406	Phage_fiber_2	1.6453647440729675
PF09788	Tmemb_55A	3.0341705552082834
PF01966	HD	0.10675304523860124
PF22211	Tsi3	8.98910384904951
PF00775	Dioxygenase_C	6.727322871021003
PF16975	UPAR_LY6_2	17.97820769809902
PF06227	Poxv_Bcl-2-like	17.97820769809902
PF07261	DnaB_2	1.3462075178778825
PF09210	BE_C	1.8148470099327152
PF11967	RecO_N	4.51784659637989
PF03739	LptF_LptG	3.9140699008029145
PF01519	DUF16	0.35691457447650143
PF06021	Gly_acyl_tr_N	14.170852776041416
PF11395	bCoV_NS7B	8.98910384904951
PF07041	DUF1327	17.97820769809902
PF20426	NBCH_WD40	3.1825700461638586
PF21252	Glyco_hydro_109_C	6.3464027396183855
PF01336	tRNA_anti-codon	0.10556053985991212
PF14063	DUF4254	3.9140699008029145
PF03162	Y_phosphatase2	8.48910384904951
PF19263	DUF5906	1.574539197337935
PF16099	RMI1_C	3.702070674164177
PF16548	FlgT_N	17.97820769809902
PF22172	C2c1_helical	4.0983112993444655
PF20720	nSTAND3	1.1898139983298273
PF07287	AtuA	17.97820769809902
PF00245	Alk_phosphatase	3.078649039475573
PF00069	Pkinase	0.013789088649978238
PF00834	Ribul_P_3_epim	5.131081732459288
PF11809	DUF3330	8.48910384904951
PF12568	PanZ	3.994551924524755
PF10306	FLILHELTA	17.97820769809902
PF06381	Abc1-like	17.97820769809902
PF01816	LRV	4.244551924524755
PF09235	SAM_Ste50p	5.659402566033006
PF08524	rRNA_processing	5.46441506579262
PF20020	DUF6431	17.97820769809902
PF19435	IntS14_b-barrel	2.995641539619804
PF16363	GDP_Man_Dehyd	0.7558190988914149
PF13880	Acetyltransf_13	4.6904390341635
PF15310	VAD1-2	17.97820769809902
PF12338	RbcS	3.834158089044207
PF13527	Acetyltransf_9	2.3013804494427843
PF06834	TraU	17.97820769809902
PF15474	MU117	17.97820769809902
PF15696	RAD51_interact	17.97820769809902
PF02037	SAP	0.2148240918469503
PF09150	Carot_N	16.97820769809902
PF12159	DUF3593	5.46441506579262
PF10075	CSN8_PSD8_EIF3K	1.8510353370820884
PF03905	Corona_NS4	17.97820769809902
PF20040	DUF6442	8.48910384904951
PF08460	SH3_5	3.744551924524755
PF21199	LAMININ_IV_B	7.404141348328354
PF20297	MSSS	0.23887531128006975
PF03212	Pertactin	2.26431504588671
PF12643	MazG-like	5.46441506579262
PF17346	DUF5376	5.659402566033006
PF06990	Gal-3-0_sulfotr	8.196622598688931
PF08506	Cse1	1.0349727493878467
PF02455	Hex_IIIa	16.97820769809902
PF09156	Anthrax-tox_M	17.97820769809902
PF05048	NosD	1.2552984269687917
PF13511	DUF4124	17.97820769809902
PF12105	SpoU_methylas_C	15.393245197377864
PF15376	DUF4603	17.97820769809902
PF13698	DUF4156	14.393245197377864
PF04299	FMN_bind_2	8.48910384904951
PF02882	THF_DHG_CYH_C	0.8265680697659197
PF04055	Radical_SAM	0.039699769123841634
PF11122	Spore-coat_CotD	5.659402566033006
PF18050	Cyclophil_like2	8.48910384904951
PF07011	Elf4	5.659402566033006
PF05215	Spiralin	3.994551924524755
PF05620	TMEM208_SND2	5.326069232699673
PF01429	MBD	0.46245757784330904
PF04078	Rcd1	8.48910384904951
PF18725	HEPN_SAV2148	5.659402566033006
PF07809	RTP801_C	17.97820769809902
PF06076	Orthopox_F14	5.46441506579262
PF06355	Aegerolysin	8.98910384904951
PF00045	Hemopexin	0.9386635150360747
PF02837	Glyco_hydro_2_N	5.759388039730861
PF05642	Sporozoite_P67	0.5128596733970883
PF04451	Capsid_NCLDV	1.8890457422765072
PF08593	MUG2_C	1.465627960321166
PF10474	Syndetin_C	3.792713194010354
PF01504	PIP5K	0.814000711732009
PF07892	DUF1667	17.97820769809902
PF09217	EcoRII-N	17.97820769809902
PF02879	PGM_PMM_II	1.0477522427443262
PF02439	Adeno_E3_CR2	0.3237353431918654
PF15420	Abhydrolase_9_N	3.792713194010354
PF21130	YgfZ_barrel	3.8677227555840314
PF22888	FIMAH	3.6296940198654304
PF15007	CEP44	5.131081732459288
PF00772	DnaB	2.0200377838285744
PF09008	Head_binding	5.326069232699673
PF21395	Arc_capsid_dom	3.078649039475573
PF08504	RunxI	2.961656539331342
PF07873	YabP	5.659402566033006
PF15554	FSIP1	5.659402566033006
PF08827	DUF1805	17.97820769809902
PF09613	HrpB1_HrpK	8.98910384904951
PF09246	PHAT	3.494551924524755
PF11415	Toxin_37	17.97820769809902
PF14680	FANCI_HD2	8.196622598688931
PF21276	ZNF512_C2HC	1.8320349504014573
PF04738	Lant_dehydr_N	4.9360942322189025
PF13563	2_5_RNA_ligase2	2.26431504588671
PF16184	Cadherin_3	1.5864186644397695
PF12629	Pox_polyA_pol_C	4.390284258680472
PF20006	fvmYukDl_N	5.218759867737219
PF02464	CinA	1.4214716716470193
PF12021	DUF3509	15.656279603211658
PF15050	SCIMP	1.3084768361252603
PF11243	DUF3045	8.48910384904951
PF14781	BBS2_N	3.792713194010354
PF11920	DUF3438	17.97820769809902
PF20331	DUF6626	17.97820769809902
PF15731	MqsA_antitoxin	8.98910384904951
PF07731	Cu-oxidase_2	1.1696662873629655
PF05110	AF-4	0.6296819140921691
PF16586	DUF5060	8.196622598688931
PF19203	DUF5875	17.97820769809902
PF05653	Mg_trans_NIPA	8.196622598688931
PF02484	Rhabdo_NV	14.518776079461722
PF13978	DUF4223	5.326069232699673
PF07412	Geminin	3.994551924524755
PF17391	Urocanase_N	3.5229389206537722
PF19975	DO-GTPase1	8.98910384904951
PF21660	MCP_C	8.48910384904951
PF10156	Med17	1.8148470099327152
PF06888	Put_Phosphatase	16.393245197377862
PF20305	pYEATS	17.97820769809902
PF19508	DUF6042	17.97820769809902
PF16727	REV1_C	2.4427132672019427
PF08256	Antimicrobial20	4.992735899366339
PF17872	AAA_lid_10	2.3796279966596545
PF09732	CactinC_cactus	7.48910384904951
PF12336	SOXp	3.1640699008029145
PF17188	MucB_RseB_C	15.393245197377864
PF22562	UBA_7	0.26897597944092144
PF00021	UPAR_LY6	1.1380705526783383
PF21571	ArgZ-like_C_1st	1.9843921224069543
PF13821	DUF4187	1.6131973421624135
PF03332	PMM	3.4140699008029145
PF04068	RLI	6.424462340577026
PF01849	NAC	0.9445292923603579
PF20741	GKRP-like_C	0.8570600617166411
PF00550	PP-binding	0.13099512807427446
PF01959	DHQS	17.97820769809902
PF17440	Thiol_cytolys_C	13.454645742042006
PF18067	Lipase_C	17.97820769809902
PF08949	PRD1_P5_C	17.97820769809902
PF01684	ET	8.48910384904951
PF09626	DHC	8.48910384904951
PF11349	DUF3151	17.97820769809902
PF22354	Eas	17.97820769809902
PF15099	PIRT	3.9140699008029145
PF07742	BTG	5.056950925347138
PF17242	DUF5315	8.48910384904951
PF12283	Protein_K	17.97820769809902
PF05119	Terminase_4	3.078649039475573
PF15690	NRIP1_repr_4	8.196622598688931
PF13475	DUF4116	1.465627960321166
PF15677	CEND1	2.1990350281968376
PF20131	MC3	4.0983112993444655
PF07538	ChW	5.326069232699673
PF12357	PLD_C	3.3796940198654304
PF07923	N1221	4.797748399125954
PF15292	Treslin_M	3.9140699008029145
PF00048	IL8	2.4963679496831697
PF15860	DUF4728	7.828139801605829
PF03414	Glyco_transf_6	8.48910384904951
PF20547	DUF6761	2.6093799338686097
PF20522	DUF6737	5.659402566033006
PF09903	DUF2130	2.565540866229644
PF10012	DUF2255	17.97820769809902
PF18995	PRT6_C	0.9863059069040505
PF05217	SAXO1-2	17.97820769809902
PF17680	FlgO	8.98910384904951
PF11774	Lsr2	8.48910384904951
PF05597	Phasin	0.8923604987473704
PF07331	TctB	1.1019433496612958
PF21505	RPN2_N	3.494551924524755
PF08913	VBS	17.97820769809902
PF16439	DUF5036	17.97820769809902
PF02769	AIRS_C	0.618469105529214
PF09269	DUF1967	0.44933866168996217
PF03143	GTP_EFTU_D3	8.258818877156937
PF10562	CaM_bdg_C0	6.904141348328354
PF10661	EssA	3.078649039475573
PF01506	HCV_NS5a	6.466906789370283
PF12589	WBS_methylT	7.585426388020708
PF14613	DUF4449	8.48910384904951
PF15755	DUF4689	8.48910384904951
PF10509	GalKase_gal_bdg	2.1070528404500584
PF06859	Bin3	5.131081732459288
PF02517	Rce1-like	1.0399058522662863
PF07093	SGT1	5.131081732459288
PF06938	DUF1285_N	4.0983112993444655
PF01764	Lipase_3	0.4376829475598886
PF00485	PRK	0.29691813963891167
PF12976	DUF3860	8.48910384904951
PF16254	DUF4910	17.97820769809902
PF14617	CMS1	2.056177885339695
PF13550	Phage-tail_3	8.48910384904951
PF17845	FbpC_C_terminal	5.218759867737219
PF06808	DctM	7.828139801605829
PF03846	SulA	4.797748399125954
PF21593	DUF6853	2.73220753289631
PF02265	S1-P1_nuclease	8.48910384904951
PF09022	Staphostatin_A	5.659402566033006
PF20130	DUF6520	3.792713194010354
PF14867	Lantibiotic_a	7.585426388020708
PF19711	DUF6207	8.196622598688931
PF03827	Orexin_rec2	7.328139801605829
PF14884	EFF-AFF	17.97820769809902
PF06847	Arc_PepC_II	2.0937542290302367
PF06519	TolA	17.97820769809902
PF16716	BST2	1.4231425218507452
PF00862	Sucrose_synth	1.7314609575673494
PF02431	Chalcone	5.326069232699673
PF03530	SK_channel	7.03565855124525
PF06305	LapA_dom	0.26668728387998003
PF03233	Cauli_AT	4.0983112993444655
PF19869	DUF6342	16.97820769809902
PF20817	XopL_C	17.97820769809902
PF07639	YTV	17.97820769809902
PF15730	DUF4680	17.97820769809902
PF09598	Stm1_N	1.0824090078838846
PF22384	PBP2_Ca3427_like	7.696622598688932
PF17414	MatP_C	2.353750866494014
PF08573	SAE2	3.744551924524755
PF18875	AF4_int	3.598311299344466
PF18801	RapH_N	2.010188157498643
PF08082	PRO8NT	14.97820769809902
PF15687	NRIP1_repr_1	8.196622598688931
PF00454	PI3_PI4_kinase	0.3254485745083013
PF18596	Sld7_C	6.865140092327717
PF02799	NMT_C	6.44537242842434
PF19949	DUF6411	8.48910384904951
PF01842	ACT	0.3081271917224813
PF04043	PMEI	1.2024011387712146
PF12298	Bot1p	8.48910384904951
PF03153	TFIIA	0.05841897254820315
PF08545	ACP_syn_III	0.4596786426270749
PF05151	PsbM	16.97820769809902
PF01996	F420_ligase	7.03565855124525
PF19731	DUF6222	17.97820769809902
PF19787	DUF6271	8.48910384904951
PF18306	LDcluster4	2.6630346163498366
PF10390	ELL	4.759255993319309
PF14901	Jiv90	3.792713194010354
PF17075	RRT14	8.48910384904951
PF07889	DUF1664	0.09058069367767374
PF20196	DUF6559	17.97820769809902
PF21596	Bd2520-like_N	8.48910384904951
PF08149	BING4CT	2.1706685646186905
PF17778	BLACT_WH	2.5867627157481135
PF04793	Herpes_BBRF1	8.48910384904951
PF04814	HNF-1_N	1.4949606380046672
PF13985	YbgS	3.994551924524755
PF19733	DUF6223	5.46441506579262
PF04222	DUF416	2.2366113718873795
PF06872	EspG	8.48910384904951
PF21782	PKMT_2nd	16.97820769809902
PF01618	MotA_ExbB	1.4692577995483946
PF14040	DNase_NucA_NucB	8.48910384904951
PF19795	DUF6279	5.659402566033006
PF06959	RecQ5	3.195641539619804
PF13714	PEP_mutase	2.878649039475573
PF02787	CPSase_L_D3	0.49614626312989146
PF17381	Svs_4_5_6	5.659402566033006
PF10557	Cullin_Nedd8	1.1161607254507206
PF18454	Mtd_N	3.1312559206423316
PF00107	ADH_zinc_N	0.20019885928019215
PF13025	DUF3886	1.497820769809902
PF02771	Acyl-CoA_dh_N	1.4753080009885844
PF05958	tRNA_U5-meth_tr	0.3065088342705221
PF08792	A2L_zn_ribbon	1.2175677452161695
PF20308	TPR-S	3.0341705552082834
PF00624	Flocculin	5.218759867737219
PF14545	DBB	7.828139801605829
PF07504	FTP	1.4204372317479763
PF08367	M16C_assoc	0.9949087368261974
PF11617	Cu-binding_MopE	5.326069232699673
PF22734	NNH2	7.696622598688932
PF10525	Engrail_1_C_sig	3.267829275622625
PF14686	fn3_3	2.1484574761414468
PF20530	DUF6745	8.48910384904951
PF06720	Phi-29_GP16_7	5.659402566033006
PF20924	RLIP76_Ral-bd	16.393245197377862
PF19304	PGDH_inter	2.2322075328963105
PF22403	DUF6981	3.1312559206423316
PF11005	DUF2844	17.97820769809902
PF03538	VRP1	7.828139801605829
PF14685	Tricorn_PDZ	4.992735899366339
PF09369	MZB	7.98910384904951
PF12844	HTH_19	1.1064806649964938
PF19563	DUF6085	8.98910384904951
PF11985	Phage_Mu_Gp27	8.196622598688931
PF07250	Glyoxal_oxid_N	3.1312559206423316
PF04675	DNA_ligase_A_N	0.8162988833733235
PF18147	Suv3_C_1	3.3796940198654304
PF14918	MTBP_N	2.4963679496831697
PF02917	Pertussis_S1	8.48910384904951
PF18872	Daz	4.992735899366339
PF15720	DUF4675	17.97820769809902
PF13463	HTH_27	1.4949606380046672
PF05440	MtrB	5.659402566033006
PF15432	Sec-ASP3	17.97820769809902
PF16293	zf-C2H2_9	2.6093799338686097
PF03633	Glyco_hydro_65C	2.5781489713697363
PF00869	Flavi_glycoprot	3.8914756499739718
PF05477	SURF2	0.9205521797771138
PF21777	SDR-like	3.792713194010354
PF07299	EF-G-binding_N	1.2098980066218101
PF01453	B_lectin	1.1730280184655435
PF13514	AAA_27	1.739586622579073
PF07866	DUF1653	8.98910384904951
PF00686	CBM_20	0.6761584875578565
PF11319	VasI	17.97820769809902
PF00643	zf-B_box	0.06834710876818052
PF11075	DUF2780	5.056950925347138
PF16192	PMT_4TMC	1.611343107106085
PF17363	DUF5388	5.659402566033006
PF07666	MpPF26	1.771356597005177
PF22161	Mre11_C_bact	1.896356597005177
PF17053	GEP5	8.48910384904951
PF14149	YhfH	2.1672646822916306
PF17744	DUF5581	16.393245197377862
PF04613	LpxD	9.616263924363778
PF05023	Phytochelatin	2.329701283016503
PF19237	DUF5889	8.48910384904951
PF22151	NDSU1_4Fe-4S	4.357105700830166
PF13619	KTSC	5.326069232699673
PF00337	Gal-bind_lectin	1.30713171024905
PF13744	HTH_37	1.6453647440729675
PF16389	DUF4998	17.97820769809902
PF16272	DUF4925	17.97820769809902
PF01621	Fusion_gly_K	17.97820769809902
PF08338	DUF1731	3.267829275622625
PF21804	Transposase_29	8.48910384904951
PF19932	DUF6395	3.569441994989482
PF22372	BA_2335-like	3.0341705552082834
PF02936	COX4	2.1672646822916306
PF12200	DUF3597	1.6856503084490462
PF04844	Ovate	1.0982898446121483
PF19457	DUF5994	16.97820769809902
PF12725	DUF3810	1.6856503084490462
PF04381	RdgC	17.97820769809902
PF19939	DUF6401	8.98910384904951
PF05902	4_1_CTD	4.723617592013805
PF02298	Cu_bind_like	1.480828269665671
PF04652	Vta1	4.659402566033006
PF09971	DUF2206	17.97820769809902
PF18909	dGTP_diPhyd_N	2.4963679496831697
PF11924	IAT_beta	3.702070674164177
PF01234	NNMT_PNMT_TEMT	4.0983112993444655
PF18166	pP_pnuc_2	17.97820769809902
PF00743	FMO-like	0.8063709765824786
PF17782	DprA_WH	3.6640699008029145
PF11531	CARM1	3.452070674164177
PF01180	DHO_dh	0.5350340154838054
PF13854	Kelch_5	0.5956059253820624
PF00297	Ribosomal_L3	0.3453564716073281
PF02751	TFIIA_gamma_C	4.464415065792621
PF01827	FTH	3.1312559206423316
PF11104	PilM_2	3.6296940198654304
PF16533	SOAR	1.599249466375318
PF04874	Mak16	3.569441994989482
PF21305	type_II_gspD_N0	2.7312559206423317
PF19856	DUF6331	5.46441506579262
PF19150	DUF5832	2.73220753289631
PF18135	Type_ISP_C	8.48910384904951
PF00659	POLO_box	1.5454372317479763
PF06431	Polyoma_lg_T_C	13.656279603211658
PF02290	SRP14	3.848311299344466
PF13903	Claudin_2	1.1973502523674016
PF14609	GCP5-Mod21_N	3.078649039475573
PF12143	PPO1_KFDV	6.98910384904951
PF20082	DUF6476	1.8510353370820884
PF05794	Tcp11	2.678649039475573
PF11771	DUF3314	5.659402566033006
PF03508	Connexin43	7.03565855124525
PF01829	Peptidase_A6	17.97820769809902
PF03003	Pox_G9-A16	7.48910384904951
PF02551	Acyl_CoA_thio	7.404141348328354
PF13177	DNA_pol3_delta2	0.8185178653305285
PF05432	BSP_II	0.6175404670600119
PF01301	Glyco_hydro_35	1.6319455494887687
PF11362	DUF3161	16.97820769809902
PF08511	COQ9	7.196622598688932
PF15907	Itfg2	3.848311299344466
PF14428	DddA-like	5.46441506579262
PF07275	ArdA	5.659402566033006
PF17557	Conotoxin_I2	5.326069232699673
PF06419	COG6_N	0.6340773873966385
PF22771	ToxA_barrel	2.6093799338686097
PF06273	eIF-4B	1.896356597005177
PF14823	Sirohm_synth_C	7.98910384904951
PF05625	PAXNEB	17.97820769809902
PF13314	DUF4083	1.3084768361252603
PF17073	SafA	3.1312559206423316
PF00486	Trans_reg_C	0.6538855131104472
PF16486	ArgoN	1.9853530846068745
PF10223	Menorin	15.656279603211658
PF16206	Mon2_C	2.329701283016503
PF06746	DUF1216	17.97820769809902
PF09424	YqeY	2.528475462673569
PF20485	DUF6724	5.46441506579262
PF19977	xRRM	17.97820769809902
PF19590	TrbL_3	3.792713194010354
PF08379	Bact_transglu_N	15.97820769809902
PF05476	PET122	17.97820769809902
PF01020	Ribosomal_L40e	4.206885231160312
PF01808	AICARFT_IMPCHas	1.2993663783910254
PF04959	ARS2	1.6222759622623775
PF11331	zinc_ribbon_12	2.565540866229644
PF00900	Ribosomal_S4e	1.1158028735683831
PF11979	SARA_C	5.326069232699673
PF13808	DDE_Tnp_1_assoc	2.9037552158923443
PF14590	DUF4447	17.97820769809902
PF00325	Crp	2.6341705552082835
PF04839	PSRP-3_Ycf65	8.48910384904951
PF09919	DUF2149	8.48910384904951
PF09265	Cytokin-bind	2.678649039475573
PF07823	CPDase	8.48910384904951
PF21221	B_lactamase-like_C	17.97820769809902
PF05951	Peptidase_M15_2	17.97820769809902
PF20447	DUF6704	6.904141348328354
PF01554	MatE	0.7302371568525393
PF20619	DUF6804	17.97820769809902
PF15409	PH_8	1.599249466375318
PF03250	Tropomodulin	1.9508970861730939
PF01484	Col_cuticle_N	1.7979843250457512
PF01695	IstB_IS21	3.848311299344466
PF02344	Myc-LZ	2.0557252513873823
PF10553	MSV199	1.2979789072689025
PF16002	Headcase	8.48910384904951
PF08594	UPF0300	8.48910384904951
PF04986	Y2_Tnp	8.48910384904951
PF17385	LBP_M	3.848311299344466
PF06929	Rotavirus_VP3	13.334351508324294
PF15193	FAM24	17.97820769809902
PF07611	DUF1574	17.97820769809902
PF00185	OTCace	0.7111022383463944
PF15313	HEXIM	1.4518776079461722
PF13972	TetR	17.97820769809902
PF12241	Enoyl_reductase	1.2328405165263532
PF04916	Phospholip_B	3.994551924524755
PF00496	SBP_bac_5	1.2730280184655436
PF21169	Fan1_SAP	3.848311299344466
PF00535	Glycos_transf_2	0.1652119379328265
PF07529	HSA	1.0278626256936911
PF21701	GLOD4_C	7.828139801605829
PF00508	PPV_E2_N	0.9008785505695476
PF09826	Beta_propel	4.0983112993444655
PF07253	Gypsy	17.97820769809902
PF07198	DUF1410	8.48910384904951
PF04983	RNA_pol_Rpb1_3	0.5658264273561299
PF11374	DUF3176	8.98910384904951
PF15055	DUF4536	8.48910384904951
PF21811	RdfA	4.0983112993444655
PF10317	7TM_GPCR_Srd	5.218759867737219
PF05300	MIC19_MIC25	1.7260353370820884
PF00224	PK	2.2420046746644187
PF07149	Pes-10	8.48910384904951
PF01560	HCV_NS1	6.29294513766013
PF02160	Peptidase_A3	4.8395920264872405
PF12621	PHM7_ext	7.98910384904951
PF15868	MBF2	17.97820769809902
PF00512	HisKA	0.13164333238827644
PF00722	Glyco_hydro_16	0.7367739462011876
PF03391	Nepo_coat	4.6904390341635
PF00303	Thymidylat_synt	1.8968239971368466
PF05420	BCSC_C	4.885426534403885
PF18606	HTH_53	1.6131973421624135
PF02888	CaMBD	2.7616565393313417
PF05087	Rota_VP2	8.48910384904951
PF10332	DUF2418	4.0983112993444655
PF15605	Ntox28	5.46441506579262
PF04121	Nup84_Nup100	17.97820769809902
PF20174	DUF6540	8.196622598688931
PF17126	RsmF_methylt_CI	5.46441506579262
PF08025	Antimicrobial_3	8.48910384904951
PF04367	DUF502	17.97820769809902
PF20411	DUF6697	7.696622598688932
PF20776	SLS1_N	16.97820769809902
PF05387	Chorion_3	2.3151241428081133
PF22365	PfNDH2_hel_ins	17.97820769809902
PF04515	Choline_transpo	1.2730280184655436
PF22876	SBE2_N	2.8142634204981003
PF02108	FliH	1.0778177982283803
PF00693	Herpes_TK	2.010188157498643
PF13679	Methyltransf_32	2.024407539434488
PF06455	NADH5_C	3.7685941187091747
PF21983	NikA-like	2.134713782776118
PF10446	DUF2457	0.6241036447570653
PF15331	TP53IP5	4.0983112993444655
PF08192	Peptidase_S64	3.2786490394755727
PF21754	DacZ_A	15.97820769809902
PF07086	Jagunal	16.97820769809902
PF22195	CFP_C_TSP1	5.659402566033006
PF04721	PAW	2.834170555208283
PF05666	Fels1	5.056950925347138
PF15383	TMEM237	5.46441506579262
PF11709	Mit_ribos_Mrp51	4.0983112993444655
PF07958	DUF1688	3.517829275622625
PF00204	DNA_gyraseB	0.8129859047662552
PF11034	Grg1	17.97820769809902
PF16295	TetR_C_10	5.326069232699673
PF13324	GCIP_N	4.885426534403885
PF06933	SSP160	0.8681715535530425
PF00700	Flagellin_C	0.760556805984538
PF11172	DUF2959	17.97820769809902
PF03074	GCS	8.98910384904951
PF17787	PH_14	6.98910384904951
PF23001	MBTP1_N	5.056950925347138
PF18380	GEN1_C	17.97820769809902
PF20299	NARF	8.48910384904951
PF07707	BACK	0.40523092773536545
PF17334	CsgA	5.131081732459288
PF11496	HDA2-3	1.9408414679028942
PF03908	Sec20	0.7085426388020708
PF00768	Peptidase_S11	3.598311299344466
PF19115	DUF5800	17.97820769809902
PF06531	DUF1108	5.218759867737219
PF19958	EAD6	17.97820769809902
PF13451	zf-trcl	2.565540866229644
PF09199	SSL_OB	4.659402566033006
PF02641	DUF190	5.659402566033006
PF02305	Phage_F	16.97820769809902
PF12202	OSR1_C	1.3946603270441023
PF10312	Cactin_mid	3.744551924524755
PF09619	YscW	17.97820769809902
PF00778	DIX	1.4187504813855634
PF18130	ATPgrasp_N	1.4277767979957927
PF08092	Toxin_22	3.076445589031881
PF00225	Kinesin	0.059238249730524925
PF17076	SBE2_C	7.259388039730861
PF14576	SEO_N	16.393245197377862
PF15908	HMMR_C	0.8335795750612598
PF00288	GHMP_kinases_N	0.17082543088602303
PF17137	DUF5110	2.6341705552082835
PF15327	Tankyrase_bdg_C	8.98910384904951
PF17505	DUF5437	3.994551924524755
PF19192	Response_reg_2	5.659402566033006
PF15909	zf-C2H2_8	3.0341705552082834
PF12245	Big_3_2	17.97820769809902
PF11642	Blo-t-5	17.97820769809902
PF03840	SecG	3.1312559206423316
PF04927	SMP	7.48910384904951
PF14073	Cep57_CLD	1.1212204785035005
PF00790	VHS	1.4318307177552507
PF03486	HI0933_like	0.35713926137066127
PF16890	DUF5083	15.97820769809902
PF07052	Hep_59	3.1312559206423316
PF03562	MltA	7.828139801605829
PF18165	pP_pnuc_1	8.48910384904951
PF18733	HEPN_LA2681	8.98910384904951
PF10957	Spore_Cse60	4.244551924524755
PF16091	DUF4820	1.8722759622623775
PF06233	Usg	8.98910384904951
PF22729	NCH3	8.196622598688931
PF07366	SnoaL	17.97820769809902
PF09645	F-112	16.393245197377862
PF03548	LolA	1.7070349504014573
PF15865	Fanconi_A_N	8.48910384904951
PF17942	Morc6_S5	1.3890744856848682
PF04017	DUF366	5.46441506579262
PF22087	CT0912-like_C	5.659402566033006
PF12824	MRP-L20	5.218759867737219
PF03112	DUF244	5.659402566033006
PF17067	RPS31	17.97820769809902
PF09999	DUF2240	17.97820769809902
PF22544	HYDIN_VesB_CFA65-like_Ig	0.657537271269367
PF12476	DUF3696	5.659402566033006
PF12513	SUV3_C	3.452070674164177
PF19052	BRINP	3.542713194010354
PF22770	POP1_C	2.115468956665244
PF05461	ApoL	3.9140699008029145
PF08383	Maf_N	3.305830048983888
PF08712	Nfu_N	4.357105700830166
PF17976	zf-RING_12	7.828139801605829
PF17307	Smim3	8.48910384904951
PF01691	Adeno_E1B_19K	8.48910384904951
PF05806	Noggin	17.97820769809902
PF14751	DUF4474	17.97820769809902
PF09704	Cas_Cas5d	17.97820769809902
PF15492	Nbas_N	3.078649039475573
PF04854	DUF624	5.46441506579262
PF20443	LAP1_N	2.931255920642332
PF21830	DUF6890	8.196622598688931
PF12548	DUF3740	5.056950925347138
PF16248	DUF4905	17.97820769809902
PF07126	ZapC_C	13.393245197377864
PF04389	Peptidase_M28	0.28975870106142726
PF08665	PglZ	1.6453647440729675
PF10248	Mlf1IP	5.659402566033006
PF16692	Folliculin_C	15.656279603211658
PF13257	DUF4048	17.97820769809902
PF03657	UPF0113	4.630248285616227
PF17795	Vault_3	2.7616565393313417
PF07942	CARME	5.131081732459288
PF08276	PAN_2	0.7238695503604426
PF16987	KIX_2	2.4680471161094513
PF09356	Phage_BR0599	17.97820769809902
PF14803	Nudix_N_2	1.056175398819649
PF17737	Ig_C19orf38	17.97820769809902
PF14519	Macro_2	17.97820769809902
PF21334	ATPD_C_fung	4.885426534403885
PF21545	T7SS_EccA1_N	2.746056036931087
PF21581	SCD	0.7547716819622367
PF10744	Med1	3.1312559206423316
PF02401	LYTB	2.4427132672019427
PF14793	DUF4478	2.3013804494427843
PF12229	PG_binding_4	2.2366113718873795
PF09719	C_GCAxxG_C_C	4.0983112993444655
PF22750	Sol_i_2	17.97820769809902
PF05614	Circovir_ORF3	17.97820769809902
PF08202	MIS13	8.48910384904951
PF14479	HeLo	3.994551924524755
PF22934	SPRTN_ZBD	2.0937542290302367
PF05203	Hom_end_hint	2.1672646822916306
PF01463	LRRCT	0.5424462340577026
PF20965	DZF_C	6.5601133514857235
PF01917	Arch_flagellin	8.196622598688931
PF14754	IFR3_antag	17.97820769809902
PF19533	Rab3-GAP_cat_C	7.696622598688932
PF20986	DUF6849	8.48910384904951
PF06413	Neugrin	1.799155649672233
PF22999	LTN1_E3_ligase_6th	1.0824090078838846
PF10348	DUF2427	1.924155649672233
PF04317	DUF463	5.659402566033006
PF03771	SPDY	2.0396811399939896
PF02571	CbiJ	3.2786490394755727
PF06303	MatP	2.9470957848047505
PF14337	Abi_alpha	17.97820769809902
PF01493	GXGXG	2.2038866993225916
PF21598	PvuRts1I-like_N	8.98910384904951
PF12801	Fer4_5	1.4071317102490501
PF20744	gp37_trimer	1.7103605774864292
PF02935	COX7C	1.5531341886776688
PF10731	Anophelin	2.4963679496831697
PF04287	DUF446	17.97820769809902
PF01884	PcrB	1.784720997494741
PF16376	fragilysinNterm	8.48910384904951
PF00463	ICL	4.552093201070552
PF14276	DUF4363	1.8510353370820884
PF20424	PilZN3	17.97820769809902
PF10335	DUF294_C	3.2786490394755727
PF08673	RsbU_N	8.48910384904951
PF15494	SRCR_2	1.7162850230819293
PF04432	FrhB_FdhB_C	1.7260353370820884
PF01265	Cyto_heme_lyase	5.46441506579262
PF06128	Shigella_OspC	5.46441506579262
PF21857	DUF6913	5.659402566033006
PF18530	Swi6_N	16.97820769809902
PF13604	AAA_30	0.6437512418791296
PF19225	Spo16_N	5.46441506579262
PF17464	Pns11_12	17.97820769809902
PF16160	DUF4866	17.97820769809902
PF08355	EF_assoc_1	1.1718858960771528
PF20542	DUF6757	4.244551924524755
PF15138	Syncollin	7.696622598688932
PF16193	AAA_assoc_2	0.6243177300884672
PF14500	MMS19_N	1.4277767979957927
PF03016	Exostosin	1.3334351508324296
PF05852	DUF848	1.7472759622623775
PF14506	CppA_N	8.48910384904951
PF07195	FliD_C	0.826457512245972
PF12601	Rubi_NSP_C	7.404141348328354
PF07527	Hairy_orange	1.3360012653013493
PF12678	zf-rbx1	2.6093799338686097
PF18864	AbiTii	17.97820769809902
PF16786	RecA_dep_nuc	3.994551924524755
PF15464	DUF4633	3.1312559206423316
PF14634	zf-RING_5	0.28519542138331
PF11511	RhodobacterPufX	3.1312559206423316
PF08490	DUF1744	1.7260353370820884
PF05834	Lycopene_cycl	1.9133207424825518
PF15059	Speriolin_C	3.744551924524755
PF03997	VPS28	8.48910384904951
PF13765	PRY	0.1498360238762591
PF01316	Arg_repressor	1.4033413698638448
PF12749	Metallothio_Euk	17.97820769809902
PF20520	Ac45-VOA1_TM	1.2882593432764924
PF22360	SbsC_spectrin-like	4.244551924524755
PF04618	HD-ZIP_N	2.2883800307759055
PF06200	tify	1.1161607254507206
PF18981	InlK_D3	3.195641539619804
PF19741	DUF6230	17.97820769809902
PF22352	K319L-like_PKD	1.0198405699969948
PF21293	RNAseD_HRDC_C	1.2482072895141305
PF11460	DUF3007	8.48910384904951
PF08117	Toxin_30	17.97820769809902
PF17816	PDZ_4	7.98910384904951
PF09624	DUF2393	8.98910384904951
PF20818	TelK_stirrup	5.218759867737219
PF02801	Ketoacyl-synt_C	0.7493638134246399
PF03735	ENT	2.1397439568712886
PF10448	POC3_POC4	8.98910384904951
PF02399	Herpes_ori_bp	3.744551924524755
PF12447	DUF3683	17.97820769809902
PF18392	CSN7a_helixI	7.259388039730861
PF18985	DUF5718	17.97820769809902
PF05791	Bacillus_HBL	0.9704207339514471
PF03493	BK_channel_a	2.2038866993225916
PF03020	LEM	0.6180098903856676
PF13230	GATase_4	7.98910384904951
PF14161	FAM110_N	3.494551924524755
PF08429	PLU-1	1.3454645742042006
PF00414	MAP1B_neuraxin	7.98910384904951
PF12221	HflK_N	7.328139801605829
PF17232	Pep1_7	3.1312559206423316
PF12743	ESR1_C	14.393245197377864
PF17689	Arabino_trans_N	13.89074485684868
PF01866	Diphthamide_syn	2.961656539331342
PF12764	Gly-rich_Ago1	2.1397439568712886
PF13489	Methyltransf_23	0.21252758831005464
PF11618	C2-C2_1	2.1990350281968376
PF01512	Complex1_51K	1.2328405165263532
PF21511	SidD_cat	17.97820769809902
PF11629	Mst1_SARAH	0.8714211401660333
PF00606	Glycoprotein_B	0.732626220120118
PF19019	Phlebo_G2_C	14.97820769809902
PF04300	FBA	6.98910384904951
PF14578	GTP_EFTU_D4	2.0200377838285744
PF03133	TTL	0.6010600089061614
PF09678	Caa3_CtaG	5.46441506579262
PF14577	SEO_C	5.326069232699673
PF14893	PNMA	1.4692577995483946
PF02682	CT_C_D	2.1672646822916306
PF07549	Sec_GG	0.9398139983298273
PF06598	Chlorovi_GP_rpt	8.98910384904951
PF16015	Promethin	3.994551924524755
PF02210	Laminin_G_2	0.29600776675587936
PF00626	Gelsolin	0.891840274402065
PF10357	Kin17_mid	2.0741108684945315
PF00304	Gamma-thionin	3.702070674164177
PF15053	Njmu-R1	8.98910384904951
PF10705	Ycf15	15.393245197377864
PF13050	DUF3911	17.97820769809902
PF18018	DNA_pol_D_N	4.759255993319309
PF03041	Baculo_LEF-2	8.98910384904951
PF08778	HIF-1a_CTAD	7.196622598688932
PF16776	INPP5B_PH	16.97820769809902
PF05719	GPP34	8.48910384904951
PF09249	tRNA_NucTransf2	3.146472568830065
PF15180	NPBW	5.659402566033006
PF03600	CitMHS	1.736343107106085
PF15831	SMIM5_18_22	8.48910384904951
PF21722	Gly_rich_2	1.896356597005177
PF03481	Sua5_C	2.8555535959915854
PF02893	GRAM	0.33049237387346686
PF06385	Baculo_LEF-11	5.326069232699673
PF04654	DUF599	17.97820769809902
PF15781	ParE-like_toxin	5.659402566033006
PF19046	GM130_C	4.425922659985975
PF12696	TraG-D_C	2.995641539619804
PF03650	MPC	5.659402566033006
PF16167	DUF4871	16.97820769809902
PF05774	Herpes_heli_pri	16.97820769809902
PF21074	GDH_C	3.078649039475573
PF03959	FSH1	2.1672646822916306
PF04971	Phage_holin_2_1	1.4277767979957927
PF04838	Baculo_LEF5	8.196622598688931
PF08737	Rgp1	3.848311299344466
PF09039	HTH_Tnp_Mu_2	3.994551924524755
PF08644	SPT16	1.646356597005177
PF03119	DNA_ligase_ZBD	0.37737503023442137
PF18096	Thump_like	5.326069232699673
PF07959	Fucokinase	1.1943765564003486
PF14013	MT0933_antitox	1.5170852776041417
PF15733	DUF4682	3.9140699008029145
PF04589	RFX1_trans_act	3.47268621421217
PF04385	FAINT	16.97820769809902
PF03166	MH2	6.275971471698461
PF04463	2-thiour_desulf	8.98910384904951
PF22524	Nlrc4-like_WHD	7.259388039730861
PF22349	Fervidolysin_SD2	17.97820769809902
PF18557	NepR	3.994551924524755
PF05891	Methyltransf_PK	17.97820769809902
PF22263	DUF6951	17.97820769809902
PF01510	Amidase_2	0.7488400108620844
PF02992	Transposase_21	8.48910384904951
PF12313	NPR1_like_C	4.9360942322189025
PF13138	DUF3982	3.2786490394755727
PF04508	Pox_A_type_inc	0.214405619886487
PF13847	Methyltransf_31	0.2368062134047035
PF06722	EryCIII-like_C	1.0486603820227538
PF14939	DCAF15_WD40	17.97820769809902
PF08776	VASP_tetra	1.9508970861730939
PF15487	FAM220	17.97820769809902
PF14763	HPS3_C	5.326069232699673
PF12807	eIF3_p135	0.934255206456483
PF15628	RRM_DME	7.585426388020708
PF08723	Gag_p15	7.138883989978964
PF17499	Pilosulin	3.0341705552082834
PF06650	VPS13_VAB	1.9968868140141456
PF04005	Hus1	17.97820769809902
PF22699	GMIP-like_FCH	2.6909291484084013
PF04787	Pox_H7	17.97820769809902
PF03061	4HBT	0.8524152556243261
PF18490	tRNA_bind_4	14.393245197377864
PF07941	K_channel_TID	0.3477437799850478
PF04655	APH_6_hur	17.97820769809902
PF20964	DnaX_C	7.98910384904951
PF02854	MIF4G	0.5500925211141391
PF19606	DUF6111	15.393245197377864
PF09686	Plasmid_RAQPRD	5.659402566033006
PF18688	DUF5638	3.195641539619804
PF15661	CF222	5.326069232699673
PF00547	Urease_gamma	4.357105700830166
PF00206	Lyase_1	0.43941321463260047
PF15290	Syntaphilin	4.0983112993444655
PF14411	LHH	4.0983112993444655
PF19870	DUF6343	3.994551924524755
PF14295	PAN_4	8.48910384904951
PF22812	CR_prot_dom_plant	0.17120019489403468
PF11011	DUF2849	8.98910384904951
PF22029	PhyR_sigma2	2.7312559206423317
PF02653	BPD_transp_2	1.7070349504014573
PF17146	PIN_6	1.2552984269687917
PF20752	SP2_C	4.8395920264872405
PF12556	CobS_N	17.97820769809902
PF19061	DUF5757	8.48910384904951
PF12282	PdtaS_GAF	16.393245197377862
PF16131	Torus	0.6790733442186417
PF21307	Glyco_hydro_95_C	15.97820769809902
PF00250	Forkhead	0.3242356290503572
PF13592	HTH_33	2.6630346163498366
PF00448	SRP54	0.30172443380608915
PF13038	DUF3899	1.6642452997887798
PF11328	DUF3130	4.8395920264872405
PF21507	V18-19	17.97820769809902
PF12265	CAF1C_H4-bd	2.0159274414561965
PF10415	FumaraseC_C	1.8513071630859357
PF21555	CCC_C_1st_pro	4.244551924524755
PF14992	TMCO5	1.480828269665671
PF13747	DUF4164	1.0050940787493214
PF07663	EIIBC-GUT_C	16.393245197377862
PF09021	HutP	17.97820769809902
PF04431	Pec_lyase_N	5.056950925347138
PF01447	Peptidase_M4	2.121713364109239
PF12783	Sec7-like_HUS	0.8538855131104471
PF20001	DUF6428	17.97820769809902
PF20342	DUF6637	7.98910384904951
PF14111	DUF4283	3.2786490394755727
PF16789	YscO-like	4.0983112993444655
PF10247	Romo1	8.196622598688931
PF07218	RAP1	0.8856782985025885
PF00400	WD40	0.018477018606229748
PF00370	FGGY_N	1.718469059491512
PF11995	DUF3490	1.075246746007617
PF02063	MARCKS	15.656279603211658
PF06873	SerH	17.97820769809902
PF17733	DUF5572	5.326069232699673
PF04196	Bunya_RdRp	1.2289796435874292
PF21413	SHQ1-like_CS	4.797748399125954
PF21125	MPN_2A_DUB_like	1.2792106456809547
PF17681	GCP_N_terminal	1.0018470298240112
PF16914	TetR_C_12	17.97820769809902
PF14285	DUF4367	8.98910384904951
PF12072	RNase_Y_N	0.25148361152061066
PF14789	THDPS_M	2.717178055064052
PF07491	PPI_Ypi1	3.1312559206423316
PF13596	PAS_10	2.398874199562977
PF22783	BapA_N	6.94537242842434
PF11040	DGF-1_C	17.97820769809902
PF11972	HTH_13	3.1312559206423316
PF21787	TNP-like_RNaseH_N	5.46441506579262
PF12165	Alfin	4.425922659985975
PF07996	T4SS	3.792713194010354
PF03457	HA	17.97820769809902
PF03744	BioW	16.393245197377862
PF16897	MMR_HSR1_Xtn	1.041331431094728
PF15102	TMEM154	0.2545961121174808
PF09468	RNase_H2-Ydr279	14.97820769809902
PF12881	NUT	8.196622598688931
PF08453	Peptidase_M9_N	4.8395920264872405
PF10723	RepB-RCR_reg	3.9140699008029145
PF19553	DUF6076	3.848311299344466
PF05656	DUF805	8.48910384904951
PF12532	DUF3732	17.97820769809902
PF06784	UPF0240	17.97820769809902
PF03874	RNA_pol_Rpb4	2.995641539619804
PF20073	DUF6469	7.328139801605829
PF17436	DUF5415	8.98910384904951
PF22585	Sialidase-like_CBM	17.97820769809902
PF19633	SDG2_C	17.97820769809902
PF15648	Tox-REase-5	8.48910384904951
PF06044	DpnI	3.848311299344466
PF15438	Phyto-Amp	4.0983112993444655
PF00377	Prion	1.4662850230819293
PF11143	DUF2919	7.98910384904951
PF10567	Nab6_mRNP_bdg	4.0983112993444655
PF04562	Dicty_spore_N	5.326069232699673
PF15727	DUF4678	5.46441506579262
PF10839	DUF2647	17.97820769809902
PF19825	DUF6306	16.393245197377862
PF17609	HCMV_UL124	5.659402566033006
PF03598	CdhC	4.797748399125954
PF20742	DUF5580_M	1.8510353370820884
PF13871	Helicase_C_4	3.6640699008029145
PF17962	bMG6	5.056950925347138
PF18849	baeRF_family7	3.2786490394755727
PF17097	Kre28	4.0983112993444655
PF02624	YcaO	2.4963679496831697
PF20763	UDG-inhib_P56	5.659402566033006
PF15699	NPR1_interact	8.48910384904951
PF13518	HTH_28	0.7586822001784254
PF19148	DUF5830	1.8510353370820884
PF05202	Flp_C	7.585426388020708
PF02256	Fe_hyd_SSU	2.1414874468590086
PF13426	PAS_9	0.2952141962864278
PF22168	DIP2311-like_C	4.6904390341635
PF03717	PBP_dimer	2.5537508664940143
PF14747	DUF4473	1.7472759622623775
PF08531	Bac_rhamnosid_N	3.9140699008029145
PF17905	KH_10	5.659402566033006
PF07328	VirD1	8.98910384904951
PF17014	Mad3_BUB1_I_2	5.326069232699673
PF09968	DUF2202	8.48910384904951
PF20838	IgD_del_linker	1.465627960321166
PF19982	DUF6418	17.97820769809902
PF05817	Ribophorin_II	3.994551924524755
PF22036	MoaF_like	17.97820769809902
PF14190	DUF4313	5.46441506579262
PF15011	CA109-like	2.1397439568712886
PF17495	OrfA	17.97820769809902
PF19479	DUF6015	3.994551924524755
PF12792	CSS-motif	15.656279603211658
PF04024	PspC	3.744551924524755
PF08891	YfcL	7.98910384904951
PF07051	OCIA	4.0983112993444655
PF08499	PDEase_I_N	2.8142634204981003
PF07085	DRTGG	1.611343107106085
PF04387	PTPLA	5.056950925347138
PF04711	ApoA-II	1.896356597005177
PF19325	RNF152_C	3.702070674164177
PF18797	APC_rep	7.696622598688932
PF00153	Mito_carr	0.5309954695960027
PF22486	MATH_2	0.35114814724055854
PF18602	Rap1a	8.48910384904951
PF00467	KOW	0.2821493367382194
PF13872	AAA_34	1.7070349504014573
PF17760	UvrA_inter	0.7668316178088415
PF04142	Nuc_sug_transp	4.992735899366339
PF16563	P66_CC	3.744551924524755
PF17183	Get5_C	8.48910384904951
PF04637	Herpes_pp85	5.326069232699673
PF02059	IL3	8.196622598688931
PF17540	DUF5457	8.98910384904951
PF12632	Vezatin	5.326069232699673
PF07671	DUF1601	5.46441506579262
PF22550	CesT_Tir_1	8.98910384904951
PF06477	DUF1091	5.326069232699673
PF01095	Pectinesterase	1.988968929790094
PF22781	Sde2_N_Ubi_vert	15.170852776041416
PF13322	DUF4092	5.326069232699673
PF17810	Arg_decarb_HB	1.4132227945159406
PF16142	DUF4850	8.48910384904951
PF12927	DUF3835	3.9140699008029145
PF01010	Proton_antipo_C	1.8432240768040709
PF13286	HD_assoc	0.49176933366286146
PF03325	Herpes_PAP	7.98910384904951
PF00905	Transpeptidase	0.6710795346922395
PF13768	VWA_3	0.9484119985684233
PF11815	DUF3336	2.6341705552082835
PF05281	Secretogranin_V	7.585426388020708
PF10776	DUF2600	17.97820769809902
PF21316	TPPII_GBD	4.8395920264872405
PF03060	NMO	0.7466356164256924
PF01019	G_glu_transpept	5.131081732459288
PF05858	BIV_Env	5.46441506579262
PF19531	DUF6058	15.170852776041416
PF12107	VEK-30	5.218759867737219
PF21406	C3_CUB1	4.723617592013805
PF07963	N_methyl	0.632127491995105
PF21563	Mcp40H-20_sensor	8.48910384904951
PF09814	HECT_2	7.828139801605829
PF00180	Iso_dh	2.834170555208283
PF11422	IBP39	16.97820769809902
PF06744	IcmF_C	8.196622598688931
PF04288	MukE	4.0983112993444655
PF12574	120_Rick_ant	2.3151241428081133
PF11776	RcnB	8.98910384904951
PF21618	OST_P1	5.46441506579262
PF21673	CCDC93_N	7.48910384904951
PF06331	Tfb5	17.97820769809902
PF16579	AdenylateSensor	1.9220922488631436
PF12831	FAD_oxidored	1.075246746007617
PF06127	Mpo1-like	3.994551924524755
PF02212	GED	1.1603168266752095
PF01717	Meth_synt_2	0.7049773743800607
PF21058	Stereocilin	3.1312559206423316
PF04208	MtrA	7.196622598688932
PF21721	Gp38_N	15.393245197377864
PF03131	bZIP_Maf	0.7887909808425585
PF02281	Dimer_Tnp_Tn5	5.218759867737219
PF08378	NERD	2.4197960132436203
PF05251	Ost5	3.848311299344466
PF09671	Spore_GerQ	17.97820769809902
PF15212	SPATA19	17.97820769809902
PF02736	Myosin_N	1.1083389934791075
PF22694	CtpB_N-like	3.542713194010354
PF14830	Haemocyan_bet_s	2.878649039475573
PF20569	DUF6778	5.659402566033006
PF10981	DUF2788	17.97820769809902
PF10128	OpcA_G6PD_assem	8.196622598688931
PF10680	RRN9	8.196622598688931
PF12939	DUF3837	3.2786490394755727
PF05641	Agenet	0.9066289628026265
PF08377	MAP2_projctn	5.326069232699673
PF03172	HSR	14.518776079461722
PF22082	TtuA_LIM_N	4.243426728218478
PF03151	TPT	2.2883800307759055
PF14794	DUF4479	16.97820769809902
PF15553	TEX19	1.8510353370820884
PF02960	K1	5.218759867737219
PF04960	Glutaminase	2.8555535959915854
PF07548	ChlamPMP_M	6.424462340577026
PF12608	T4bSS_IcmS	8.98910384904951
PF05212	DUF707	8.98910384904951
PF14053	DUF4248	3.994551924524755
PF01318	Bromo_coat	17.97820769809902
PF01368	DHH	0.6780577925721283
PF15689	NRIP1_repr_3	3.1312559206423316
PF14054	DUF4249	17.97820769809902
PF04864	Alliinase_C	4.6904390341635
PF16567	CagD	8.48910384904951
PF13536	EmrE	17.97820769809902
PF12734	CYSTM	4.0983112993444655
PF02342	TerD	5.659402566033006
PF07289	BBL5	17.97820769809902
PF10629	CMI2B-like	1.5173644003568507
PF01503	PRA-PH	1.6812506189242957
PF00932	LTD	0.9238438270528975
PF16617	INTAP	5.131081732459288
PF08831	MHCassoc_trimer	8.196622598688931
PF12208	DUF3601	17.97820769809902
PF22447	EEP_ig-like	15.97820769809902
PF10728	DUF2520	8.98910384904951
PF04698	Rab_eff_C	7.585426388020708
PF12787	EcsC	17.97820769809902
PF14962	AIF-MLS	3.9140699008029145
PF07589	PEP-CTERM	3.1312559206423316
PF04203	Sortase	3.1312559206423316
PF20729	PE-PGRS_C	15.97820769809902
PF22314	NPC1_MLD	4.885426534403885
PF05372	Delta_lysin	8.48910384904951
PF09422	AMER	5.326069232699673
PF11953	DUF3470	7.085426388020708
PF05375	Pacifastin_I	1.3454645742042006
PF03701	UPF0181	2.4680471161094513
PF04576	Zein-binding	1.6856503084490462
PF13601	HTH_34	2.1990350281968376
PF11221	Med21	3.0341705552082834
PF06740	MAP_Futsch	8.98910384904951
PF02338	OTU	0.35230022641467706
PF00752	XPG_N	0.6325141689357154
PF10178	PAC3	5.326069232699673
PF23006	Tor_FN3_1nd	4.0983112993444655
PF12367	PFO_beta_C	15.393245197377864
PF14780	NEPRO_N	5.218759867737219
PF08252	Leader_CPA1	8.98910384904951
PF06474	MLTD_N	2.398874199562977
PF11762	Arabinose_Iso_C	5.566358823577322
PF08711	Med26	0.5198191254378507
PF09299	Mu-transpos_C	8.196622598688931
PF22631	PLCB1-4-like_EFh	2.3151241428081133
PF13660	DUF4147	2.795641539619804
PF20312	DUF6608	17.97820769809902
PF10516	SHNi-TPR	2.565540866229644
PF11133	Phage_head_fibr	17.97820769809902
PF10333	Pga1	5.659402566033006
PF21315	FAN1_HTH	1.4518776079461722
PF10792	DUF2605	5.659402566033006
PF20416	UTP20_C	1.8148470099327152
PF19789	DUF6273	3.1312559206423316
PF06436	Pneumovirus_M2	2.3796279966596545
PF20929	PDCD10_N	1.9968868140141456
PF12849	PBP_like_2	1.397820769809902
PF18628	P2_N	17.97820769809902
PF09437	Pombe_5TM	7.828139801605829
PF15799	CCD48	8.48910384904951
PF01116	F_bP_aldolase	8.196622598688931
PF10102	DUF2341	16.97820769809902
PF12275	DUF3616	8.196622598688931
PF12627	PolyA_pol_RNAbd	0.5608978942500171
PF01531	Glyco_transf_11	17.97820769809902
PF12911	OppC_N	0.4792697611305259
PF08039	Mit_proteolip	17.97820769809902
PF02520	ANIS5_cation-bd	0.5492112073862174
PF05155	Phage_X	5.056950925347138
PF16255	Lipase_GDSL_lke	17.97820769809902
PF00379	Chitin_bind_4	2.0937542290302367
PF08989	DUF1896	8.98910384904951
PF21752	DACNG	3.848311299344466
PF17193	MukF_C	2.9278552893510295
PF03770	IPK	3.078649039475573
PF04417	DUF501	5.659402566033006
PF22233	PhyR_sigma-like	3.848311299344466
PF11298	DUF3099	17.97820769809902
PF13575	DUF4135	17.97820769809902
PF05325	DUF730	5.326069232699673
PF22667	Lon_lid	1.299155649672233
PF02142	MGS	0.6053129971502335
PF06348	DUF1059	8.98910384904951
PF02918	Pertussis_S2S3	4.885426534403885
PF10835	DUF2573	5.46441506579262
PF11167	DUF2953	17.97820769809902
PF12537	GPHR_N	2.329701283016503
PF03035	RNA_capsid	8.48910384904951
PF20179	MSS51_C	7.585426388020708
PF18151	DUF5601	1.0450684827169432
PF17854	FtsK_alpha	0.537036570474187
PF21087	Glyco_hydro_134	17.97820769809902
PF18795	HSM3_N	2.0741108684945315
PF12841	YvrJ	7.98910384904951
PF07184	CTV_P33	3.1312559206423316
PF09017	Transglut_prok	2.995641539619804
PF09673	TrbC_Ftype	17.97820769809902
PF01994	Trm56	3.792713194010354
PF08227	DASH_Hsk3	1.3462075178778825
PF22986	ELFN_Fn3	3.078649039475573
PF01049	CADH_Y-type_LIR	0.4856892511322355
PF17132	Glyco_hydro_106	8.98910384904951
PF22991	Lock_Gag1-like	2.6093799338686097
PF02070	NMU	8.196622598688931
PF20582	UPF0758_N	9.378294855911891
PF21467	BetaGal_gal-bd	2.028475462673569
PF05456	eIF_4EBP	8.48910384904951
PF12457	TIP_N	13.518776079461722
PF10204	DuoxA	17.97820769809902
PF00679	EFG_C	0.5495789961110983
PF07065	D123	17.97820769809902
PF17403	Nrap_D2	2.3151241428081133
PF04318	DUF468	17.97820769809902
PF22583	UPF0425_C	8.48910384904951
PF07325	Curto_V2	5.659402566033006
PF10198	Ada3	2.995641539619804
PF19069	DUF5765	17.97820769809902
PF08767	CRM1_C	2.3796279966596545
PF16595	Cas9_PI	15.656279603211658
PF09962	DUF2196	17.97820769809902
PF16934	Mersacidin	17.97820769809902
PF03004	Transposase_24	17.97820769809902
PF21965	SAMP2	5.46441506579262
PF15216	TSLP	5.46441506579262
PF02720	DUF222	3.598311299344466
PF15404	PH_4	3.994551924524755
PF16058	Mucin-like	1.8510353370820884
PF01023	S_100	1.1470413057900324
PF07476	MAAL_C	2.961656539331342
PF03114	BAR	0.43105028500794057
PF10749	DUF2534	7.98910384904951
PF15159	PIG-Y	8.196622598688931
PF09875	DUF2102	17.97820769809902
PF04782	DUF632	5.326069232699673
PF18451	CdiA_C	17.97820769809902
PF19235	DUF5888	17.97820769809902
PF17467	E7R	5.326069232699673
PF21693	SWT1_3rd	5.326069232699673
PF20875	SidC_C	5.218759867737219
PF13955	Fst_toxin	17.97820769809902
PF19049	SidE_DUB	3.994551924524755
PF06409	NPIP	1.7260353370820884
PF13047	DUF3907	5.659402566033006
PF17457	DUF5420	8.98910384904951
PF03178	CPSF_A	1.0663891076959486
PF11157	DUF2937	5.659402566033006
PF01386	Ribosomal_L25p	3.0789135705659576
PF21065	Reovirus_L2_MT1	3.744551924524755
PF04083	Abhydro_lipase	1.9843921224069543
PF12220	U1snRNP70_N	3.569441994989482
PF19272	ASMase_C	6.98910384904951
PF21393	Phage_pb10_N	17.97820769809902
PF11517	Nab2	17.97820769809902
PF01424	R3H	0.46521402495143
PF20911	GP7	5.131081732459288
PF22113	Mtrc-MtrF_II-IV_dom	1.4518776079461722
PF04112	Mak10	2.056177885339695
PF22981	Med14_RM2	3.6640699008029145
PF16851	Stomagen	8.48910384904951
PF16686	POT1PC	2.995641539619804
PF05083	LST1	2.565540866229644
PF14009	PADRE	16.97820769809902
PF16420	ATG7_N	12.89074485684868
PF22080	Dark_CARD	3.994551924524755
PF08958	DUF1871	16.393245197377862
PF07794	DUF1633	17.97820769809902
PF19596	DUF6101	17.97820769809902
PF10318	7TM_GPCR_Srh	17.97820769809902
PF16561	AMPK1_CBM	1.8743181004244924
PF17724	DUF5568	17.97820769809902
PF06456	Arfaptin	7.196622598688932
PF00360	PHY	3.1059047116053455
PF20826	PHD_5	0.7952221223212778
PF15221	LEP503	17.97820769809902
PF02545	Maf	4.0983112993444655
PF04769	MATalpha_HMGbox	8.48910384904951
PF21748	UPF0150	8.48910384904951
PF17521	Secapin	4.992735899366339
PF20726	Nairovirus_Gn	5.46441506579262
PF17330	SWC7	2.961656539331342
PF17722	IFTAP	5.46441506579262
PF12595	iRhom1-2_N	7.138883989978964
PF12533	Neuro_bHLH	4.484881914014002
PF00801	PKD	0.5156297942739473
PF20007	fvmRadSAM-pep	7.98910384904951
PF06706	CTV_P6	3.078649039475573
PF06972	GIP1_N	1.3656279603211658
PF15392	Joubert	3.195641539619804
PF14082	SduA_C	8.48910384904951
PF05927	Penaeidin	5.46441506579262
PF20827	PCF11_charged	1.8320349504014573
PF17373	DUF5395	8.48910384904951
PF03517	Voldacs	3.195641539619804
PF19670	DUF6173	17.97820769809902
PF02585	PIG-L	1.6284755114679619
PF19429	EVA_Class_A	8.196622598688931
PF01596	Methyltransf_3	3.569441994989482
PF05309	TraE	7.404141348328354
PF21948	LplA-B_cat	2.9325700461638586
PF06663	CNK2_3_dom	3.744551924524755
PF15887	Peptidase_Mx	5.326069232699673
PF00137	ATP-synt_C	1.7048305112486521
PF15650	Tox-REase-9	5.659402566033006
PF09729	Gti1_Pac2	2.115468956665244
PF04391	DUF533	2.878649039475573
PF00531	Death	0.25882647521593183
PF09636	XkdW	5.659402566033006
PF05142	DUF702	2.565540866229644
PF10681	Rot1	17.97820769809902
PF19437	VCIP135_N	16.393245197377862
PF08587	UBA_2	1.397820769809902
PF12919	TcdA_TcdB	2.4427132672019427
PF01529	DHHC	0.1771115672330767
PF22665	DUF6293_C	2.115468956665244
PF04951	Peptidase_M55	7.98910384904951
PF02976	MutH	7.085426388020708
PF13358	DDE_3	2.995641539619804
PF03497	Anthrax_toxA	5.326069232699673
PF09309	FCP1_C	3.994551924524755
PF11071	Nuc_deoxyri_tr3	5.659402566033006
PF12440	MAGE_N	1.1718858960771528
PF22194	F-93_WHD	4.0983112993444655
PF12838	Fer4_7	0.24658530852911847
PF12073	DUF3553	2.056177885339695
PF11667	DUF3267	3.195641539619804
PF11821	ActD	5.326069232699673
PF08758	Cadherin_pro	6.310327846740468
PF02646	RmuC	0.7081392495811581
PF22368	ChxR_N	17.97820769809902
PF06676	DUF1178	16.393245197377862
PF01034	Syndecan	0.33976302774696826
PF13305	TetR_C_33	7.585426388020708
PF09436	DUF2016	8.48910384904951
PF16334	DUF4964	17.97820769809902
PF20439	SpoIVA_C	1.4277767979957927
PF17894	Cas9_Topo	3.994551924524755
PF12377	DuffyBP_N	7.828139801605829
PF22874	SBE2_M	3.598311299344466
PF15251	TAPR1-like	3.994551924524755
PF17200	sCache_2	1.3462075178778825
PF21961	AppA_4HB	17.97820769809902
PF16427	DUF5024	8.48910384904951
PF05741	zf-nanos	3.994551924524755
PF17834	GHD	2.115467579872795
PF17631	DUF5512	17.97820769809902
PF09400	DUF2002	7.98910384904951
PF22217	ACDH-11_C	4.0983112993444655
PF16547	BLM10_N	5.46441506579262
PF15974	Cadherin_tail	3.879452565071465
PF08223	PaaX_C	17.97820769809902
PF03377	TAL_effector	1.7162850230819293
PF04059	RRM_2	2.7037552158923446
PF10071	DUF2310	5.659402566033006
PF16503	zn-ribbon_14	2.4726995707967623
PF14574	RACo_C_ter	8.48910384904951
PF00352	TBP	1.01321069853948
PF19867	DUF6340	8.48910384904951
PF07807	RED_C	7.696622598688932
PF12299	DUF3627	1.3890744856848682
PF13203	DUF2201_N	4.0983112993444655
PF06844	DUF1244	17.97820769809902
PF22539	DUF7004	8.98910384904951
PF11030	Nucleocapsid-N	17.97820769809902
PF08984	DUF1858	4.0983112993444655
PF09573	RE_TaqI	4.0983112993444655
PF04264	YceI	4.992735899366339
PF08158	SDA1_HEAT	1.3730280184655435
PF00633	HHH	0.4492940894211324
PF20380	DUF6675	2.6093799338686097
PF21938	CAP_N	1.7260353370820884
PF14697	Fer4_21	0.7311320295117177
PF20121	DUF6511	5.46441506579262
PF01972	SDH_sah	3.792713194010354
PF20639	Rrn6_K-rich	1.1898139983298273
PF13362	Toprim_3	1.9570349504014573
PF19594	DUF6099	8.196622598688931
PF02449	Glyco_hydro_42	1.4420230775665577
PF04272	Phospholamban	16.393245197377862
PF07190	CrmD_SECRET	14.97820769809902
PF18266	Ncstrn_small	14.97820769809902
PF13915	DUF4210	3.542713194010354
PF07026	DUF1317	17.97820769809902
PF20573	DUF6782	5.46441506579262
PF13662	Toprim_4	0.14959643133801212
PF18231	DUF5603	4.0983112993444655
PF19607	DUF6112	8.48910384904951
PF22979	HTH_69	3.195641539619804
PF09870	DUF2097	17.97820769809902
PF18190	Plk4_PB1	6.727322871021003
PF09298	FAA_hydrolase_N	3.598311299344466
PF20206	Tra1_ring	1.8148470099327152
PF03936	Terpene_synth_C	0.4155526065018614
PF02796	HTH_7	0.7845836221646714
PF08702	Fib_alpha	0.259507403927114
PF21496	MIC5	16.393245197377862
PF06949	DUF1292	2.7312559206423317
PF19832	DUF6313	8.48910384904951
PF19381	DUF5956	5.46441506579262
PF13389	DUF4107	4.0983112993444655
PF16244	DUF4901	3.1312559206423316
PF18482	Pih1_fungal_CS	8.48910384904951
PF23007	DnaA_N-like_STI	3.792713194010354
PF18914	DUF5666	4.0983112993444655
PF18646	DUF5632	17.97820769809902
PF07937	DUF1686	8.98910384904951
PF00255	GSHPx	1.659720997494741
PF15559	DUF4660	8.196622598688931
PF03216	Rhabdo_ncap_2	17.97820769809902
PF04041	Glyco_hydro_130	5.46441506579262
PF07762	DUF1618	17.97820769809902
PF09304	Cortex-I_coil	0.9380878068327
PF21515	Gp6_2nd	5.659402566033006
PF14164	YqzH	1.480828269665671
PF00380	Ribosomal_S9	0.9205521797771138
PF20016	ThsA_Macro	17.97820769809902
PF14899	DUF4492	17.97820769809902
PF18818	MPTase-PolyVal	8.196622598688931
PF00830	Ribosomal_L28	1.1506902247213922
PF20292	MC7	3.195641539619804
PF20360	DUF6655	8.98910384904951
PF03585	Herpes_ICP4_C	7.259388039730861
PF13474	SnoaL_3	8.48910384904951
PF09484	Cas_TM1802	17.97820769809902
PF16564	MBDa	7.259388039730861
PF17847	GlcV_C_terminal	3.848311299344466
PF02367	TsaE	6.759388039730861
PF21559	Reb1_MybAD	5.218759867737219
PF17494	DUF5429	8.98910384904951
PF20743	DUF5580_C	16.97820769809902
PF07506	RepB	3.1312559206423316
PF18916	Lycopene_cyc	2.6909291484084013
PF09638	Ph1570	17.97820769809902
PF01822	WSC	0.648910384904951
PF17288	Terminase_3C	3.744551924524755
PF01625	PMSR	3.3636614355105015
PF06954	Resistin	8.48910384904951
PF00275	EPSP_synthase	0.902329244973495
PF03141	Methyltransf_29	3.1312559206423316
PF12797	Fer4_2	2.0741108684945315
PF00439	Bromodomain	0.18425393451109862
PF21369	STL11_N	2.6446640391871106
PF18017	SAM_4	5.056950925347138
PF22624	AASDHPPT_N	13.454645742042006
PF07952	Toxin_trans	6.98910384904951
PF19583	ODP	2.050963726021254
PF21024	Peptidase_A3B	2.73220753289631
PF14513	DAG_kinase_N	3.542713194010354
PF13150	TraL_transposon	17.97820769809902
PF15821	DUF4709	1.9570349504014573
PF17407	Nrap_D6	14.0713171024905
PF01166	TSC22	0.20940202903334962
PF22515	DUF6996	17.97820769809902
PF03124	EXS	2.1556355964567606
PF11550	IglC	16.97820769809902
PF11814	DUF3335	8.98910384904951
PF08205	C2-set_2	0.6919247634467781
PF03309	Pan_kinase	1.4634280862268239
PF16967	TcfC	2.995641539619804
PF07363	DUF1484	17.97820769809902
PF09751	Es2	17.97820769809902
PF05752	Calici_MSP	3.2786490394755727
PF20592	pAdhesive_10	5.46441506579262
PF03630	Fumble	1.4634280862268239
PF17776	NLRC4_HD2	1.0734802451506098
PF18203	IPTL-CTERM	5.46441506579262
PF22751	DUF488-N3a	4.0983112993444655
PF07395	Mig-14	2.528475462673569
PF03800	Nuf2	0.826457512245972
PF18143	HAD_SAK_2	5.326069232699673
PF12135	Plasmo_rep	16.97820769809902
PF16322	Tub_N	2.0937542290302367
PF13757	VIT_2	15.97820769809902
PF22321	Zona_CL2	17.97820769809902
PF19692	DUF6193	17.97820769809902
PF20586	DUF6788	17.97820769809902
PF15119	APOC4	4.0983112993444655
PF10719	ComFB	17.97820769809902
PF15013	CCSMST1	2.565540866229644
PF21664	TBPIP_C	2.398874199562977
PF00210	Ferritin	0.6667175754162148
PF10547	P22_AR_N	17.97820769809902
PF21864	MORF_dom	2.4963679496831697
PF17474	U71	17.97820769809902
PF21308	C3_CUB2	6.98910384904951
PF01627	Hpt	0.6035658551245251
PF15257	DUF4590	17.97820769809902
PF08166	PELP1_HEAT	5.218759867737219
PF21671	CPL1-like	5.659402566033006
PF13966	zf-RVT	7.696622598688932
PF14129	DUF4296	17.97820769809902
PF03892	NapB	4.0983112993444655
PF09316	Cmyb_C	7.03565855124525
PF00278	Orn_DAP_Arg_deC	7.03565855124525
PF02620	YceD	3.078649039475573
PF01502	PRA-CH	0.8811265955416928
PF07681	DoxX	8.48910384904951
PF17456	TcpS	3.994551924524755
PF03384	DUF287	5.659402566033006
PF10005	zinc-ribbon_6	5.326069232699673
PF15300	INT_SG_DDX_CT_C	4.885426534403885
PF00570	HRDC	1.111210926903232
PF10340	Say1_Mug180	15.97820769809902
PF09744	RH1	0.7661183169242438
PF16454	PI3K_P85_iSH2	0.7376537766643293
PF12016	Stonin2_N	16.393245197377862
PF12043	DUF3527	3.195641539619804
PF14468	DUF4427	17.97820769809902
PF17625	DUF5509	15.97820769809902
PF03311	Cornichon	4.8395920264872405
PF13494	DUF4119	17.97820769809902
PF01151	ELO	17.97820769809902
PF02823	ATP-synt_DE_N	0.43892676766313277
PF06016	Reovirus_L2_8th	7.585426388020708
PF15391	DUF4614	16.97820769809902
PF08840	BAAT_C	6.904141348328354
PF16296	TM_PBP2_N	5.326069232699673
PF13167	GTP-bdg_N	3.319441994989482
PF08100	Dimerisation	5.529672230412213
PF05258	DciA	5.326069232699673
PF22404	ToxT_N	5.46441506579262
PF10674	Ycf54	15.97820769809902
PF07523	Big_3	5.659402566033006
PF13440	Polysacc_synt_3	7.98910384904951
PF10409	PTEN_C2	1.067356891388059
PF14598	PAS_11	0.763957512245972
PF16006	NUSAP	3.9140699008029145
PF22488	Class_2_docking_dom	8.98910384904951
PF11494	Ta0938	2.1990350281968376
PF15277	Sec3-PIP2_bind	2.0396811399939896
PF07178	TraL	8.48910384904951
PF18896	SLT_3	17.97820769809902
PF00402	Calponin	2.5385610958473546
PF12490	BCAS3	7.696622598688932
PF01980	TrmO	7.48910384904951
PF05928	Zea_mays_MuDR	17.97820769809902
PF00357	Integrin_alpha	1.7620502154748992
PF13545	HTH_Crp_2	0.7199235049663576
PF22294	DUF6966	17.97820769809902
PF06979	TMEM70	2.3796279966596545
PF22584	CFAP143	5.326069232699673
PF19099	DUF5786	5.659402566033006
PF18786	Importin_rep_2	3.792713194010354
PF16178	Anoct_dimer	4.552093201070552
PF01758	SBF	0.9984434070070728
PF07608	DUF1571	5.659402566033006
PF09575	Spore_SspJ	8.98910384904951
PF22188	Phage_spike_P1	17.97820769809902
PF09426	Nyv1_longin	8.48910384904951
PF11803	UXS1_N	7.585426388020708
PF06730	FAM92	16.97820769809902
PF22380	Chp1-like_SPOC	8.98910384904951
PF18455	GBR2_CC	0.8794573189056563
PF19794	DUF6278	17.97820769809902
PF03895	YadA_anchor	1.3454645742042006
PF20828	ATV_ORF273	17.97820769809902
PF04097	Nic96	8.48910384904951
PF10159	MMtag	5.326069232699673
PF18761	Heliorhodopsin	17.97820769809902
PF02980	FokI_dom_2	8.48910384904951
PF12851	Tet_JBP	2.678649039475573
PF13630	SdpI	3.994551924524755
PF17005	WD40_like	1.9614685978079192
PF16036	Chalcone_3	7.98910384904951
PF12648	TcpE	17.97820769809902
PF04496	Herpes_UL35	17.97820769809902
PF10762	DUF2583	17.97820769809902
PF11262	Tho2	4.9360942322189025
PF09025	T3SS_needle_reg	8.48910384904951
PF15186	TEX13	3.848311299344466
PF02084	Bindin	8.48910384904951
PF08291	Peptidase_M15_3	6.98910384904951
PF01782	RimM	1.0784085645690735
PF16846	Cep3	5.659402566033006
PF10529	Hist_rich_Ca-bd	16.97820769809902
PF05940	NnrS	5.46441506579262
PF08470	NTNH_C	15.170852776041416
PF20645	Rrn7_cyclin_C	2.7781489713697365
PF08284	RVP_2	8.98910384904951
PF08926	DUF1908	4.759255993319309
PF22337	Phage_fiber_rpt	8.196622598688931
PF19241	DUF5891	17.97820769809902
PF06635	T3SS_SCTL	4.244551924524755
PF22937	PDXDC1-like_cen2	2.995641539619804
PF02818	PPAK	4.0983112993444655
PF05030	SSXT	16.97820769809902
PF17588	DUF5486	3.994551924524755
PF18316	S-l_SbsC_C	17.97820769809902
PF05426	Alginate_lyase	8.48910384904951
PF10841	DUF2644	8.98910384904951
PF16953	PRORP	3.702070674164177
PF20930	Dicer_PBD	4.8395920264872405
PF18578	Raf1_N	7.404141348328354
PF11123	DNA_Packaging_2	16.97820769809902
PF00895	ATP-synt_8	2.34521951708175
PF15437	PGBA_C	1.6131973421624135
PF21846	DUF6905	8.98910384904951
PF12618	PHF20_AT-hook	5.659402566033006
PF12273	RCR	1.8510353370820884
PF03487	IL13	5.659402566033006
PF01613	Flavin_Reduct	2.329701283016503
PF17250	NDUFB11	5.659402566033006
PF21609	Toxofilin-like_dom	17.97820769809902
PF15946	DUF4754	8.98910384904951
PF00893	Multi_Drug_Res	2.565540866229644
PF07907	YibE_F	17.97820769809902
PF07228	SpoIIE	0.9104186402141106
PF08525	OapA_N	3.744551924524755
PF22407	Cmr1_C	17.97820769809902
PF22871	AimR	4.244551924524755
PF04932	Wzy_C	0.7708969692702684
PF17650	RACo_linker	4.0983112993444655
PF09097	Phage-tail_1	17.97820769809902
PF09601	DUF2459	17.97820769809902
PF13735	tRNA_NucTran2_2	1.5995497120820512
PF05199	GMC_oxred_C	1.0216656465654539
PF21331	Isoamylase_C	4.992735899366339
PF17585	Phage_Arf	2.6093799338686097
PF21897	DUF6919	17.97820769809902
PF10341	TPP1	17.97820769809902
PF18611	IL3Ra_N	5.131081732459288
PF16298	DUF4940	17.97820769809902
PF14656	RAB3GAP2_C	7.828139801605829
PF08139	LPAM_1	0.13703822004411587
PF14431	YwqJ-deaminase	5.326069232699673
PF00372	Hemocyanin_M	4.0484392279780925
PF21709	ABC_C	8.48910384904951
PF05974	DUF892	5.659402566033006
PF03970	Herpes_UL37_1	3.078649039475573
PF02926	THUMP	0.8265919386145113
PF19868	DUF6341	1.4277767979957927
PF06995	Phage_P2_GpU	5.46441506579262
PF02911	Formyl_trans_C	1.6786490394755729
PF21803	Nab2-zf4	3.994551924524755
PF01749	IBB	2.0557252513873823
PF06150	ChaB	7.98910384904951
PF14396	CFTR_R	4.195296758440087
PF03264	Cytochrom_NNT	1.012203769717244
PF18589	ObR_Ig	3.848311299344466
PF18992	DUF5725	17.97820769809902
PF14461	Prok-E2_B	7.98910384904951
PF16605	LSM_int_assoc	7.98910384904951
PF08670	MEKHLA	6.865140092327717
PF06500	FrsA-like	8.48910384904951
PF22413	OGT_N	8.196622598688931
PF09373	PMBR	2.4963679496831697
PF04533	Herpes_U44	8.196622598688931
PF13486	Dehalogenase	2.528475462673569
PF06971	Put_DNA-bind_N	2.6422041904903293
PF14931	IFT20	1.3323890548374235
PF13292	DXP_synthase_N	1.2743165679056918
PF09185	DUF1948	17.97820769809902
PF22725	GFO_IDH_MocA_C3	1.701731215377321
PF05016	ParE_toxin	1.9570349504014573
PF06345	Drf_DAD	4.9360942322189025
PF04450	BSP	8.98910384904951
PF10628	CotE	17.97820769809902
PF21561	L_thumb_ring_vir	15.97820769809902
PF19792	DUF6276	8.48910384904951
PF16469	NPA	2.1672646822916306
PF02013	CBM_10	1.1648506415082516
PF18344	CBM32	17.97820769809902
PF10385	RNA_pol_Rpb2_45	0.8236740711697874
PF12186	AcylCoA_dehyd_C	17.97820769809902
PF07162	B9-C2	17.97820769809902
PF00078	RVT_1	0.25293501364230336
PF21373	ZNHIT3_C	15.656279603211658
PF13520	AA_permease_2	1.2848924681154053
PF02699	YajC	1.8722759622623775
PF12793	SgrR_N	6.611660097967776
PF14182	YgaB	2.6630346163498366
PF13684	FakA-like_C	3.4325700461638586
PF16760	CBM53	2.528475462673569
PF12918	TcdB_N	2.024407539434488
PF03037	KMP11	5.659402566033006
PF00043	GST_C	0.5006211706718466
PF17838	PH_16	4.552093201070552
PF21574	Cas9_PI_C	17.97820769809902
PF03367	zf-ZPR1	2.329701283016503
PF11707	Npa1	3.744551924524755
PF08170	POPLD	3.0341705552082834
PF16366	CEBP_ZZ	6.53565855124525
PF17898	GerD	0.944723518402761
PF12101	DUF3577	17.97820769809902
PF15051	FAM198	2.8555535959915854
PF10883	DUF2681	2.6093799338686097
PF22138	MjAgo_N-like	17.97820769809902
PF06478	CoV_RPol_N	4.341337129237381
PF15647	Tox-REase-3	17.97820769809902
PF21634	MOV-10_beta-barrel	4.8395920264872405
PF02011	Glyco_hydro_48	3.0341705552082834
PF19506	DUF6040	3.195641539619804
PF06218	NPR2	2.9037552158923443
PF00319	SRF-TF	0.5510743714684381
PF05411	Peptidase_C32	4.8395920264872405
PF05903	Peptidase_C97	2.398874199562977
PF09904	HTH_43	5.46441506579262
PF19369	DUF5944	5.659402566033006
PF01900	RNase_P_Rpp14	2.961656539331342
PF18112	Zn-C2H2_12	0.9484119985684233
PF09353	DUF1995	5.46441506579262
PF06677	Auto_anti-p27	1.0349727493878467
PF15288	zf-CCHC_6	2.398874199562977
PF05076	SUFU	16.97820769809902
PF20440	GvpD_bR2	3.9140699008029145
PF13398	Peptidase_M50B	17.97820769809902
PF03671	Ufm1	8.48910384904951
PF19484	DUF6020	8.48910384904951
PF01734	Patatin	0.5447166136662376
PF14845	Glycohydro_20b2	13.120226702971447
PF11164	DUF2948	17.97820769809902
PF20915	VPg	4.723617592013805
PF21716	dnstrm_HI1420	17.97820769809902
PF00984	UDPG_MGDP_dh	1.4944799856338207
PF11044	TMEMspv1-c74-12	3.078649039475573
PF21378	YceM-like_C	5.46441506579262
PF05102	Holin_BlyA	3.1312559206423316
PF15468	DUF4636	8.98910384904951
PF07847	PCO_ADO	17.97820769809902
PF12550	GCR1_C	1.8320349504014573
PF07998	Peptidase_M54	8.196622598688931
PF19838	LptD_2	4.602760898885569
PF04848	Pox_A22	2.6093799338686097
PF16330	MukB_hinge	0.46482622773923743
PF17420	GP17	8.98910384904951
PF22293	ANXE1_4th	14.97820769809902
PF09643	YopX	8.98910384904951
PF21937	Yop-YscD_ppl_2nd	8.98910384904951
PF12166	Piezo_RRas_bdg	1.599249466375318
PF04042	DNA_pol_E_B	0.9681454057938662
PF18706	ISPD_C	3.744551924524755
PF03011	PFEMP	8.98910384904951
PF17218	CBX7_C	4.797748399125954
PF16530	IHHNV_capsid	17.97820769809902
PF11750	DUF3307	17.97820769809902
PF10591	SPARC_Ca_bdg	1.8415349795498115
PF00522	VPR	2.1990350281968376
PF15407	Spo7_2_N	5.46441506579262
PF10748	HofP	8.98910384904951
PF02260	FATC	1.9680471161094513
PF15777	Anti-TRAP	1.132157522943355
PF21019	Spectrin_3	2.3151241428081133
PF02877	PARP_reg	2.1556355964567606
PF05003	DUF668	3.9140699008029145
PF17490	Tnp_22_dsRBD	3.9140699008029145
PF19568	Spore_III_AA	8.48910384904951
PF00877	NLPC_P60	0.6424462340577026
PF01022	HTH_5	0.9318805132066013
PF06593	RBDV_coat	16.97820769809902
PF13942	Lipoprotein_20	5.326069232699673
PF21759	AIR2-like_ZnK4	3.994551924524755
PF10384	Scm3	1.8722759622623775
PF07206	Baculo_LEF-10	17.97820769809902
PF08067	ROKNT	2.9037552158923443
PF12012	DUF3504	2.8555535959915854
PF20788	YuA_Gp49	17.97820769809902
PF10298	WhiA_N	2.8229267927289503
PF00613	PI3Ka	1.025481863010627
PF18588	WcbI	17.97820769809902
PF04338	DUF481	5.326069232699673
PF05311	Baculo_PP31	16.97820769809902
PF13471	Transglut_core3	17.97820769809902
PF05327	RRN3	1.8722759622623775
PF13042	DUF3902	8.48910384904951
PF10391	DNA_pol_lambd_f	0.9093057274753882
PF10211	Ax_dynein_light	2.6093799338686097
PF02323	ELH	3.0341705552082834
PF08733	PalH	2.565540866229644
PF17479	DUF3048_C	8.48910384904951
PF16019	CSRNP_N	1.4518776079461722
PF08686	PLAC	2.128125722078345
PF04063	DUF383	2.9037552158923443
PF12972	NAGLU_C	7.98910384904951
PF15150	PMAIP1	3.1312559206423316
PF05577	Peptidase_S28	2.2366113718873795
PF11303	DUF3105	17.97820769809902
PF01990	ATP-synt_F	4.0983112993444655
PF07802	GCK	8.48910384904951
PF10108	DNA_pol_B_exo2	8.48910384904951
PF10949	DUF2777	17.97820769809902
PF10144	SMP_2	4.885426534403885
PF00331	Glyco_hydro_10	0.7933003424522982
PF08728	CRT10	16.97820769809902
PF03095	PTPA	2.056177885339695
PF19036	Fuz_longin_1	6.29294513766013
PF22592	FCaBP_EF-hand	3.0341705552082834
PF00407	Bet_v_1	7.828139801605829
PF13542	HTH_Tnp_ISL3	8.196622598688931
PF19747	DUF6234	5.131081732459288
PF16609	SH3-RhoG_link	5.056950925347138
PF22204	C2c1_WED-II	5.659402566033006
PF19887	DUF6360	8.98910384904951
PF18375	CDH1_2_SANT_HL1	2.115468956665244
PF13340	DUF4096	17.97820769809902
PF10546	P63C	8.196622598688931
PF14001	YdfZ	17.97820769809902
PF01777	Ribosomal_L27e	4.373408900990482
PF11590	DNAPolymera_Pol	3.6640699008029145
PF20065	DUF6464	8.98910384904951
PF09110	HAND	2.024407539434488
PF05109	Herpes_gp350_A	15.97820769809902
PF16162	KwaB	17.97820769809902
PF21553	Formyl_trans_C_2	5.659402566033006
PF11587	Prion_bPrPp	1.6812506189242957
PF01238	PMI_typeI_C	3.4325700461638586
PF13612	DDE_Tnp_1_3	5.131081732459288
PF09111	SLIDE	2.834170555208283
PF09796	QCR10	4.8395920264872405
PF06703	SPC25	2.1672646822916306
PF00882	Zn_dep_PLPC	3.542713194010354
PF20460	DUF6713	17.97820769809902
PF21031	WDR54	16.393245197377862
PF08612	Med20	17.97820769809902
PF07968	Leukocidin	3.569441994989482
PF18905	DUF5661	8.98910384904951
PF02002	TFIIE_alpha	0.5115736658315803
PF19417	RnlA_toxin_N	5.46441506579262
PF17202	sCache_3_3	2.115468956665244
PF11158	DUF2938	17.97820769809902
PF09105	SelB-wing_1	3.2786490394755727
PF09588	YqaJ	8.48910384904951
PF00174	Oxidored_molyb	1.6276064567682662
PF13035	DUF3896	17.97820769809902
PF13617	Lipoprotein_19	17.97820769809902
PF16212	PhoLip_ATPase_C	1.9853530846068745
PF02295	z-alpha	2.024407539434488
PF07280	Ac110_PIF	8.196622598688931
PF08838	DUF1811	17.97820769809902
PF01567	Hanta_Gn-H	13.808282696656708
PF09858	DUF2085	17.97820769809902
PF03158	DUF249	0.6555076706337898
PF12065	DUF3545	3.9140699008029145
PF03492	Methyltransf_7	16.97820769809902
PF22287	TraI-like_C	5.131081732459288
PF01028	Topoisom_I	2.6341705552082835
PF22406	DdMyo7_FERM	8.98910384904951
PF01320	Colicin_Pyocin	17.97820769809902
PF08107	Antimicrobial12	2.565540866229644
PF06993	DUF1304	8.48910384904951
PF18460	HetR_C	1.3084768361252603
PF19699	CLSTN_C	4.659402566033006
PF13670	PepSY_2	1.8510353370820884
PF05351	GMP_PDE_delta	5.131081732459288
PF17504	DUF5436	8.98910384904951
PF22057	BACOVA_00961-like	17.97820769809902
PF18141	UPF1_1B_dom	7.259388039730861
PF11753	DUF3310	5.326069232699673
PF02230	Abhydrolase_2	1.3890744856848682
PF02592	Vut_1	5.46441506579262
PF06487	SAP18	8.48910384904951
PF03188	Cytochrom_B561	0.9371590502122462
PF06423	GWT1	1.0257193467941765
PF10675	DUF2489	3.1312559206423316
PF08967	ENCP4	2.4963679496831697
PF07699	Ephrin_rec_like	0.6516822324808574
PF18791	Transp_inhibit	1.1265646732884766
PF00375	SDF	1.599249466375318
PF00228	Bowman-Birk_leg	12.620655693480936
PF15757	Amelotin	17.97820769809902
PF12677	DUF3797	5.218759867737219
PF01848	HOK_GEF	8.48910384904951
PF12522	UL73_N	8.48910384904951
PF06073	DUF934	5.659402566033006
PF05623	DUF789	5.659402566033006
PF18449	Endotoxin_C2	3.017829275622625
PF13642	DUF4144	8.48910384904951
PF15230	SRRM_C	3.078649039475573
PF00234	Tryp_alpha_amyl	1.2350809341200237
PF15219	TEX12	4.0983112993444655
PF05210	Sprouty	2.746056036931087
PF16872	putAbiC	17.97820769809902
PF16582	TPP_enzyme_M_2	0.8454431403278565
PF17092	PCB_OB	2.7312559206423317
PF15183	MRAP	4.0983112993444655
PF01213	CAP_N-CM	2.3013804494427843
PF13022	HTH_Tnp_1_2	8.48910384904951
PF09782	NDUF_B6	8.48910384904951
PF08271	TF_Zn_Ribbon	0.22152837258059974
PF09697	Porph_ging	8.98910384904951
PF20655	Vps52_C	2.4680471161094513
PF17154	GAPES3	17.97820769809902
PF20277	CTD11	4.0983112993444655
PF15910	V-set_2	8.48910384904951
PF08361	TetR_C_2	7.196622598688932
PF05761	5_nucleotid	8.48910384904951
PF18890	FANCL_d2	3.994551924524755
PF15301	SLAIN	3.792713194010354
PF12931	Sec16_C	0.7472399928169103
PF14514	TetR_C_9	17.97820769809902
PF06314	ADC	17.97820769809902
PF08063	PADR1_Zn_ribbon	2.2883800307759055
PF08306	Glyco_hydro_98M	8.98910384904951
PF05192	MutS_III	1.0578134824768721
PF12180	EABR	1.480828269665671
PF13423	UCH_1	2.5697849362308105
PF22344	SIR3_C	17.97820769809902
PF14039	YusW	3.078649039475573
PF08463	EcoEI_R_C	3.9140699008029145
PF03741	TerC	2.8555535959915854
PF09036	Bcr-Abl_Oligo	1.5864186644397695
PF14456	alpha-hel2	16.97820769809902
PF01864	CarS-like	8.196622598688931
PF12430	ABA_GPCR	4.723617592013805
PF19158	DUF5840	17.97820769809902
PF16901	DAO_C	1.025481863010627
PF02730	AFOR_N	14.97820769809902
PF22587	DNApolII_insertion	5.659402566033006
PF14638	FNIP_C	5.131081732459288
PF05595	DUF771	17.97820769809902
PF06124	DUF960	17.97820769809902
PF13873	Myb_DNA-bind_5	0.6879640580258157
PF06968	BATS	0.9753928170291838
PF05384	DegS	1.3198887344965202
PF07255	Benyvirus_14KDa	8.98910384904951
PF11852	Pullul_strch_C	7.98910384904951
PF08940	DUF1918	16.97820769809902
PF06433	Me-amine-dh_H	15.97820769809902
PF17828	FAS_N	2.931255920642332
PF15039	DUF4530	5.659402566033006
PF21582	CBM30	8.48910384904951
PF14936	p53-inducible11	4.0983112993444655
PF00879	Defensin_propep	1.3165471867948946
PF14698	ASL_C2	0.5117504846987375
PF18585	zf-CCCH_6	4.0983112993444655
PF02948	Amelogenin	3.848311299344466
PF10491	Nrf1_DNA-bind	3.078649039475573
PF17287	POTRA_3	2.0741108684945315
PF12729	4HB_MCP_1	1.2627949869862438
PF21560	Gp34_2nd	17.97820769809902
PF01707	Peptidase_C9	2.222391918054049
PF16492	Cadherin_C_2	0.44401165013381905
PF00281	Ribosomal_L5	1.0342880155817944
PF13263	PHP_C	3.146472568830065
PF04909	Amidohydro_2	1.5255866871839372
PF09531	Ndc1_Nup	0.5199529261331431
PF10133	CooT	4.0983112993444655
PF14621	RFX5_DNA_bdg	2.4963679496831697
PF17503	DUF5435	16.97820769809902
PF16607	CYLD_phos_site	7.696622598688932
PF06399	GFRP	5.659402566033006
PF17284	Spermine_synt_N	2.542713194010354
PF16311	TMEM100	2.931255920642332
PF13896	Glyco_transf_49	2.3151241428081133
PF13480	Acetyltransf_6	1.8320349504014573
PF01790	LGT	0.7952221223212778
PF18055	RPN6_N	1.5095433639244733
PF05031	NEAT	2.115467579872795
PF03320	FBPase_glpX	8.48910384904951
PF08393	DHC_N2	0.7255500887249585
PF20502	DNAPKcs_CC1-2	5.131081732459288
PF05889	SepSecS	8.48910384904951
PF15518	L_protein_N	2.010188157498643
PF09108	Xol-1_N	5.46441506579262
PF00296	Bac_luciferase	1.8510353370820884
PF16746	BAR_3	2.0200377838285744
PF03402	V1R	17.97820769809902
PF08121	Toxin_33	7.98910384904951
PF10153	Efg1	0.9380878068327
PF12246	MKT1_C	5.131081732459288
PF07510	DUF1524	17.97820769809902
PF20523	DUF6738	5.659402566033006
PF12795	MscS_porin	0.9921960612034771
PF13806	Rieske_2	8.48910384904951
PF00817	IMS	0.7641395060569666
PF07949	YbbR	5.326069232699673
PF19293	CdaA_N	3.0341705552082834
PF17749	MIP-T3_C	3.078649039475573
PF17167	Glyco_hydro_36	3.744551924524755
PF07734	FBA_1	0.7786708643605849
PF07618	DUF1580	17.97820769809902
PF19522	DUF6052	5.326069232699673
PF13364	BetaGal_ABD2	3.1825700461638586
PF01216	Calsequestrin	17.97820769809902
PF04347	FliO	7.98910384904951
PF03714	PUD	3.0341705552082834
PF08022	FAD_binding_8	1.645539439923103
PF18971	CagA_N	7.98910384904951
PF21432	56B_RHH	5.46441506579262
PF03604	DNA_RNApol_7kD	1.771356597005177
PF18434	Kazal_3	16.97820769809902
PF14287	DUF4368	3.994551924524755
PF13922	PHD_3	7.48910384904951
PF09190	DALR_2	0.21879981672386145
PF00317	Ribonuc_red_lgN	1.6478948860357558
PF02800	Gp_dh_C	0.48685722334399056
PF19122	DUF5806	8.196622598688931
PF19467	DUF6004	8.98910384904951
PF16448	LapD_MoxY_N	5.46441506579262
PF19247	DUF5895	17.97820769809902
PF05805	L6_membrane	17.97820769809902
PF15767	ARMH4	8.48910384904951
PF00202	Aminotran_3	0.6830635630578431
PF07569	Hira	1.2768754332470071
PF12319	TryThrA_C	8.98910384904951
PF19702	DUF6200	5.46441506579262
PF07861	WND	7.98910384904951
PF04351	PilP	17.97820769809902
PF16495	SWIRM-assoc_1	1.972611813808101
PF19280	CERK_C	5.056950925347138
PF11022	ATP19	2.4963679496831697
PF15047	DUF4533	3.1312559206423316
PF11439	T3SchapCesA	3.0341705552082834
PF13087	AAA_12	0.4607510431784689
PF21177	LIF-R_Ig-like	3.6296940198654304
PF07507	WavE	17.97820769809902
PF12730	ABC2_membrane_4	17.97820769809902
PF04499	SAPS	2.0741108684945315
PF19403	SpaA_2	17.97820769809902
PF13759	2OG-FeII_Oxy_5	17.97820769809902
PF14786	Death_2	8.48910384904951
PF11836	Phage_TAC_11	7.98910384904951
PF01310	Adeno_PVIII	8.48910384904951
PF03703	bPH_2	5.659402566033006
PF13920	zf-C3HC4_3	0.09857267212941154
PF08369	PCP_red	2.7769607446289037
PF22435	MRM3-like_sub_bind	2.8555535959915854
PF12243	CTK3	8.48910384904951
PF03122	Herpes_MCP	7.98910384904951
PF04786	Baculo_DNA_bind	17.97820769809902
PF11827	DUF3347	5.46441506579262
PF02914	DDE_2	8.48910384904951
PF12679	ABC2_membrane_2	1.9570349504014573
PF02609	Exonuc_VII_S	0.7356951420052116
PF02745	MCR_alpha_N	7.085426388020708
PF14933	CEP19	3.1312559206423316
PF01543	HCV_capsid	6.3464027396183855
PF17801	Melibiase_C	2.4847237692842765
PF19901	DUF6374	1.6642452997887798
PF17524	CnrY	16.97820769809902
PF14610	Psg1	0.48067435918885254
PF13878	zf-C2H2_3	1.358589027532026
PF15743	SPATA1_C	2.6630346163498366
PF18586	zf-CCCH_7	3.2786490394755727
PF22945	LEM-3_GIY-YIG	16.393245197377862
PF16459	Phage_TAC_13	5.46441506579262
PF10651	BppU_N	16.97820769809902
PF18871	HEPN_Toprim_N	8.98910384904951
PF01087	GalP_UDP_transf	12.19684798457436
PF22843	CATSPERE_NTD2	2.4680471161094513
PF01770	Folate_carrier	2.565540866229644
PF16839	Antimicrobial25	16.393245197377862
PF18009	Fer4_23	8.98910384904951
PF13889	Chromosome_seg	14.277767979957927
PF12581	DUF3756	16.393245197377862
PF22578	GGR_cat	1.646356597005177
PF11825	Nuc_recep-AF1	13.518776079461722
PF20947	Flu_PB2_1st	3.7279306105829706
PF03795	YCII	17.97820769809902
PF08572	PRP3	3.6640699008029145
PF13214	DUF4022	17.97820769809902
PF16657	Malt_amylase_C	4.141206282140461
PF07175	Osteoregulin	17.97820769809902
PF14608	zf-CCCH_2	0.8486853456436956
PF01475	FUR	1.4578029669968273
PF22042	EF-G_D2	0.2726793565232549
PF02450	LCAT	7.328139801605829
PF17049	AEP1	8.98910384904951
PF12710	HAD	0.826457512245972
PF08621	RPAP1_N	2.0396811399939896
PF17603	DUF5499	17.97820769809902
PF05164	ZapA	3.994551924524755
PF01274	MS_TIM-barrel	2.815990545108224
PF03695	UPF0149	16.97820769809902
PF02278	Lyase_8	4.797748399125954
PF06476	DUF1090	3.994551924524755
PF12315	DA1-like	4.885426534403885
PF05617	Prolamin_like	15.97820769809902
PF16910	VPS13_mid_rpt	1.7472759622623775
PF02119	FlgI	4.992735899366339
PF20917	AsnRS_N	1.3656279603211658
PF00248	Aldo_ket_red	3.9140699008029145
PF22605	IBR_2	15.656279603211658
PF09583	Phageshock_PspG	17.97820769809902
PF03441	FAD_binding_7	2.4500574487071645
PF11998	DUF3493	8.48910384904951
PF01458	SUFBD	2.5537508664940143
PF09931	DUF2163	8.48910384904951
PF00560	LRR_1	0.10954832921397137
PF01187	MIF	17.97820769809902
PF12219	End_tail_spike	8.48910384904951
PF10401	IRF-3	3.3636614355105015
PF14720	NiFe_hyd_SSU_C	4.407773398645183
PF02137	A_deamin	13.730280184655435
PF06585	JHBP	17.97820769809902
PF12735	Trs65	4.8395920264872405
PF14522	Cytochrome_C7	1.1648506415082516
PF02414	Borrelia_orfA	5.326069232699673
PF08597	eIF3_subunit	2.1672646822916306
PF17803	Cadherin_4	3.9140699008029145
PF08795	DUF1796	16.97820769809902
PF07554	FIVAR	0.8169573189056563
PF11816	DUF3337	3.305830048983888
PF14881	Tubulin_3	1.1954487975152064
PF17489	Tnp_22_trimer	1.896356597005177
PF11252	DUF3051	17.97820769809902
PF08725	Integrin_b_cyt	2.5171780550640523
PF10867	DUF2664	17.97820769809902
PF09940	DUF2172	17.97820769809902
PF18544	Polo_box_3	2.528475462673569
PF10387	DUF2442	5.659402566033006
PF15829	DUF4711	8.98910384904951
PF15801	zf-C6H2	2.26431504588671
PF20114	DUF6504	8.196622598688931
PF12106	Colicin_E5	8.48910384904951
PF18352	Gp138_N	4.0983112993444655
PF11588	DUF3243	8.48910384904951
PF14138	COX16	3.9140699008029145
PF12823	DUF3817	8.196622598688931
PF00080	Sod_Cu	1.6010353370820884
PF03928	HbpS-like	5.46441506579262
PF00699	Urease_beta	3.267829275622625
PF13800	Sigma_reg_N	0.7235561882062302
PF01323	DSBA	1.2414799639283325
PF16476	DUF5053	1.139098668973593
PF03979	Sigma70_r1_1	1.3284266538967293
PF18780	HNH_repeat	5.46441506579262
PF12325	TMF_TATA_bd	0.28573637558569287
PF07156	Prenylcys_lyase	2.834170555208283
PF21235	ARI1_UBAl	0.9120538808907193
PF19492	DUF6027	5.46441506579262
PF04877	Harpin	16.393245197377862
PF19211	CoV_NSP2_N	2.5867627157481135
PF02998	Lentiviral_Tat	5.218759867737219
PF07743	HSCB_C	0.5470129051251507
PF15032	DUF4529	17.97820769809902
PF16165	Ferlin_C	1.6667939385405368
PF22609	Fe_hydrogense_Fe-S_bd	5.659402566033006
PF03879	Cgr1	17.97820769809902
PF01442	Apolipoprotein	0.13194496372968975
PF00246	Peptidase_M14	0.521180223645789
PF14915	CCDC144C	1.097571064670118
PF17607	DUF5503	5.659402566033006
PF11475	VP_N-CPKC	5.056950925347138
PF14143	YrhC	4.464415065792621
PF03161	LAGLIDADG_2	2.9037552158923443
PF06838	Met_gamma_lyase	17.97820769809902
PF11858	DUF3378	5.735206528950162
PF13911	AhpC-TSA_2	3.9140699008029145
PF20839	DUF5382_C	2.2366113718873795
PF22473	PilJ_Pilin	8.98910384904951
PF18493	DUF5617	3.2786490394755727
PF19413	YaiO	8.98910384904951
PF00676	E1_dh	0.9266855585809539
PF03797	Autotransporter	0.6446204592640052
PF12588	PSDC	16.393245197377862
PF19022	DUF5748	17.97820769809902
PF19566	Snx8_BAR_dom	3.4325700461638586
PF17545	DUF5461	16.97820769809902
PF05743	UEV	2.024407539434488
PF02689	Herpes_Helicase	3.494551924524755
PF02259	FAT	0.39260815406585214
PF10294	Methyltransf_16	0.7956425115409647
PF18524	HPIP_like	15.97820769809902
PF19723	DUF6216	8.98910384904951
PF04263	TPK_catalytic	2.8142634204981003
PF06094	GGACT	4.0983112993444655
PF00870	P53	1.5866006849045964
PF03274	Foamy_BEL	7.98910384904951
PF09220	LA-virus_coat	3.994551924524755
PF12199	efb-c	17.97820769809902
PF09397	FtsK_gamma	2.815990545108224
PF09501	Bac_small_YrzI	5.659402566033006
PF01725	Ham1p_like	7.696622598688932
PF17785	PUA_3	3.8395920264872405
PF19283	APEH_N	4.9360942322189025
PF07912	ERp29_N	3.744551924524755
PF04855	SNF5	3.598311299344466
PF19667	DUF6170	5.46441506579262
PF17747	VID27_PH	8.196622598688931
PF15145	DUF4577	8.48910384904951
PF22721	TBP-TOTE	4.0983112993444655
PF00931	NB-ARC	0.18404184396417095
PF09012	FeoC	1.9614685978079192
PF20907	Flav_NS3-hel_C	1.992639980845094
PF09205	DUF1955	8.98910384904951
PF22417	Hmr1_E-cad-like	3.994551924524755
PF13199	Glyco_hydro_66	3.9140699008029145
PF04783	DUF630	16.393245197377862
PF05661	DUF808	17.97820769809902
PF01867	Cas_Cas1	2.6240453405942894
PF16742	IL17R_D_N	7.98910384904951
PF20807	VP5	5.659402566033006
PF17107	SesA	0.9679184052974481
PF22318	DUF6971	17.97820769809902
PF16210	Keratin_2_tail	3.744551924524755
PF01261	AP_endonuc_2	0.4560326956900654
PF14900	DUF4493	17.97820769809902
PF01741	MscL	0.9754485430865469
PF01205	UPF0029	2.7781489713697365
PF08489	DUF1743	1.6898470099327152
PF12984	DUF3868	8.98910384904951
PF19216	CoV_NSP15_M	3.2334533946851414
PF13466	STAS_2	5.46441506579262
PF07110	EthD	17.97820769809902
PF01150	GDA1_CD39	1.3084768361252603
PF15692	NKAP	15.393245197377864
PF19622	DUF6127	2.995641539619804
PF09106	SelB-wing_2	1.7103605774864292
PF03485	Arg_tRNA_synt_N	0.5282929305627468
PF11693	DUF2990	17.97820769809902
PF06387	Calcyon	17.97820769809902
PF15796	KELK	2.4427132672019427
PF03619	Solute_trans_a	3.994551924524755
PF11029	DAZAP2	17.97820769809902
PF07181	VirC2	8.98910384904951
PF13198	DUF4014	5.659402566033006
PF03814	KdpA	3.792713194010354
PF02868	Peptidase_M4_C	2.103442615580156
PF18570	Nup54_57_C	0.8794573189056563
PF21517	HTH_Tnp_Tc3_2_like	3.2786490394755727
PF09981	DUF2218	4.244551924524755
PF12796	Ank_2	0.032529917602000955
PF21588	AP5B1_middle	3.848311299344466
PF05707	Zot	1.1898139983298273
PF12406	DUF3664	5.326069232699673
PF04209	HgmA_C	11.535264202250291
PF15282	BMP2K_C	3.994551924524755
PF01321	Creatinase_N	3.8562722539871057
PF08833	Axin_b-cat_bind	1.574539197337935
PF22433	MtxA_IG-like	5.659402566033006
PF08726	EFhand_Ca_insen	1.8540296711570028
PF15299	ALS2CR8	17.97820769809902
PF21603	Bdbt-like_TPR	8.98910384904951
PF05489	Phage_tail_X	3.994551924524755
PF16189	Creatinase_N_2	1.992639980845094
PF21067	Rota_NS35_N	13.277767979957927
PF05694	SBP56	8.98910384904951
PF01906	YbjQ_1	2.7312559206423317
PF20511	PMI_typeI_cat	6.585426388020708
PF02199	SapA	2.7781489713697365
PF17645	Amdase	17.97820769809902
PF06817	RVT_thumb	2.819441994989482
PF11473	B2	17.97820769809902
PF16924	DpaA_N	3.195641539619804
PF18866	CxC7	17.97820769809902
PF00994	MoCF_biosynth	0.4167778380574026
PF18708	MapZ_C2	17.97820769809902
PF00338	Ribosomal_S10	1.1648506415082516
PF13935	Ead_Ea22	2.2366113718873795
PF16279	DUF4927	3.517829275622625
PF15798	PRAS	16.97820769809902
PF13310	Virulence_RhuM	14.656279603211658
PF22735	NNH3	2.056177885339695
PF07767	Nop53	1.924155649672233
PF11391	DUF2798	17.97820769809902
PF16957	Mal_decarbox_Al	8.98910384904951
PF03886	ABC_trans_aux	17.97820769809902
PF21817	CapR	2.6093799338686097
PF14841	FliG_M	2.6093799338686097
PF19428	Sema4F_C	2.961656539331342
PF22925	TS_C	8.196622598688931
PF02364	Glucan_synthase	1.2122137734840268
PF05077	DUF678	4.8395920264872405
PF00127	Copper-bind	1.574539197337935
PF02395	Peptidase_S6	1.9408414679028942
PF14379	Myb_CC_LHEQLE	6.638883989978964
PF15176	LRR19-TM	3.1312559206423316
PF12590	Acyl-thio_N	2.8555535959915854
PF10376	Mei5	5.46441506579262
PF04472	SepF	0.7031266446228699
PF15842	DUF4718	3.1312559206423316
PF00644	PARP	0.9214005921614631
PF01330	RuvA_N	1.4114054489620136
PF08314	Sec39	2.2826010997284314
PF01340	MetJ	17.97820769809902
PF18912	DZR_2	0.6044193085350843
PF08522	BT_3987-like_N	3.2786490394755727
PF10107	Endonuc_Holl	8.48910384904951
PF23002	PIN-like_DDX60	2.565540866229644
PF18803	CxC2	16.97820769809902
PF03154	Atrophin-1	0.7510431155256512
PF08445	FR47	2.4963679496831697
PF09083	DUF1923	17.97820769809902
PF10833	DUF2572	17.97820769809902
PF00529	CusB_dom_1	3.744551924524755
PF19365	DUF5941	16.393245197377862
PF20512	PMI_typeI_hel	0.7488400108620844
PF10224	DUF2205	1.0933522252476204
PF14944	TCRP1	7.696622598688932
PF14419	SPOUT_MTase_2	5.46441506579262
PF22454	PQQ_syn_pqqF_N_2	3.195641539619804
PF08948	PRD1_P5_spike_N	17.97820769809902
PF13119	DUF3973	5.659402566033006
PF13914	Phostensin	5.056950925347138
PF13845	Septum_form	16.393245197377862
PF04261	Dyp_perox_N	6.79294513766013
PF18829	Importin_rep_6	0.8033105648948033
PF13624	SurA_N_3	0.763643049469467
PF22866	DUF2804_C	8.98910384904951
PF06618	DUF1148	17.97820769809902
PF07576	BRAP2	4.9360942322189025
PF01957	NfeD	8.48910384904951
PF14569	zf-UDP	2.186704450495241
PF13083	KhpA-B_KH	1.0995967862488345
PF02828	L27	1.1294198951292167
PF17451	Glyco_hyd_101C	3.9140699008029145
PF14723	SSFA2_C	3.1312559206423316
PF15813	DUF4708	8.98910384904951
PF12517	DUF3720	4.0983112993444655
PF09898	DUF2125	8.48910384904951
PF20175	Tra1_central	2.4427132672019427
PF04564	U-box	0.21385051351868167
PF09343	DUF2460	17.97820769809902
PF22308	DUF6969	4.0983112993444655
PF18440	GlcNAc-1_reg	3.9140699008029145
PF21372	TOP1_ZnF	7.404141348328354
PF07882	Fucose_iso_N2	6.03565855124525
PF15164	WBS28	17.97820769809902
PF09532	FDF	1.1840010352465586
PF07462	MSP1_C	1.8148470099327152
PF21227	Myb_DNA-binding_7	3.9140699008029145
PF07787	TMEM43	3.1312559206423316
PF09301	DUF1970	1.9570349504014573
PF13870	DUF4201	0.5174863746939233
PF06632	XRCC4	5.056950925347138
PF20152	DUF6534	17.97820769809902
PF16931	Phage_holin_8	16.97820769809902
PF00339	Arrestin_N	1.9225440337083817
PF14435	SUKH-4	17.97820769809902
PF00476	DNA_pol_A	0.45572787235207896
PF01302	CAP_GLY	0.508201999357265
PF06858	NOG1	3.47268621421217
PF21371	Apc5_N	3.744551924524755
PF18276	TcA_TcB_BD	8.48910384904951
PF16508	NIBRIN_BRCT_II	3.744551924524755
PF09292	Neil1-DNA_bind	2.222391918054049
PF20198	DUF6561	17.97820769809902
PF01392	Fz	0.46438823683059494
PF16717	RAC_head	2.878649039475573
PF20180	UQCC2_CBP6	3.994551924524755
PF10482	CtIP_N	2.4427132672019427
PF19390	DUF5965	8.98910384904951
PF14678	FANCI_S4	3.9140699008029145
PF21267	UBAP-1_UBA2	1.8320349504014573
PF02029	Caldesmon	4.992735899366339
PF16005	MOEP19	4.0983112993444655
PF20122	DUF6512	17.97820769809902
PF00029	Connexin	1.3704835009249214
PF20270	CATRA-C	1.6856503084490462
PF15226	HPIP	2.528475462673569
PF04234	CopC	8.48910384904951
PF03664	Glyco_hydro_62	5.46441506579262
PF22941	TADA2A-like_3rd	1.9843921224069543
PF01214	CK_II_beta	1.465627960321166
PF22506	Cj1289-like_C	5.659402566033006
PF17700	DUF5546	8.98910384904951
PF08294	TIM21	8.48910384904951
PF22244	GCE_fung	3.0341705552082834
PF17925	TetR_C_20	16.393245197377862
PF13509	S1_2	4.131081732459288
PF03089	RAG2	4.885426534403885
PF11941	DUF3459	14.393245197377864
PF20271	CATASP	3.078649039475573
PF03764	EFG_IV	0.8913953100634051
PF21658	LNYV_PP_C	8.196622598688931
PF22163	SipA_2nd	5.056950925347138
PF01492	Gemini_C4	17.97820769809902
PF04369	Lactococcin	5.46441506579262
PF19823	DUF6305	5.46441506579262
PF08825	E2_bind	2.878649039475573
PF16614	RhoGEF67_u2	2.4427132672019427
PF09879	DUF2106	17.97820769809902
PF22839	DUF7015	7.828139801605829
PF13483	Lactamase_B_3	1.7162850230819293
PF16113	ECH_2	1.5634796780545
PF16289	PIN_12	3.994551924524755
PF18770	Arm_vescicular	3.848311299344466
PF16276	NPM1-C	2.4197960132436203
PF19270	FBO_C	7.404141348328354
PF12453	PTP_N	16.393245197377862
PF10007	DUF2250	2.6093799338686097
PF21585	A-ATP_synth_H_N	1.5531341886776688
PF12252	SidE_PDE	4.0983112993444655
PF00536	SAM_1	0.12574180576030533
PF22669	Exo_endo_phos2	0.5060549034972616
PF10801	DUF2537	5.056950925347138
PF08080	zf-RNPHF	14.277767979957927
PF03913	Ragweed_pollen	17.97820769809902
PF00756	Esterase	0.905726018354684
PF12239	DUF3605	17.97820769809902
PF09706	Cas_CXXC_CXXC	2.878649039475573
PF00002	7tm_2	0.5454472554728321
PF02192	PI3K_p85B	2.010188157498643
PF17696	DUF5542	1.497820769809902
PF05972	APC_15aa	3.1312559206423316
PF08299	Bac_DnaA_C	0.3818891671163814
PF11105	CCAP	17.97820769809902
PF08464	Gemini_AC4_5_2	8.48910384904951
PF03460	NIR_SIR_ferr	2.0420046746644185
PF13549	ATP-grasp_5	3.744551924524755
PF22786	Tag1_C	17.97820769809902
PF13607	Succ_CoA_lig	2.4197960132436203
PF17055	VMR2	17.97820769809902
PF07899	Frigida	2.1672646822916306
PF01353	GFP	8.48910384904951
PF10291	muHD	4.885426534403885
PF22821	ZP1_ZP4_Ig-like	4.797748399125954
PF13789	DUF4181	5.46441506579262
PF18806	Importin_rep_3	2.0396811399939896
PF05236	TAF4	0.6654559832277233
PF22054	BVU_2266-like	17.97820769809902
PF19491	DUF6026	1.5634796780545
PF13785	DUF4178	7.98910384904951
PF14096	DUF4274	17.97820769809902
PF09431	SPIN90_LRD	8.48910384904951
PF01679	Pmp3	5.056950925347138
PF13553	FIIND	2.795641539619804
PF11819	CUPID	2.528475462673569
PF07436	Curto_V3	17.97820769809902
PF07292	NID	3.744551924524755
PF09432	THP2	8.196622598688931
PF01025	GrpE	0.1386815175325388
PF09594	GT87	3.9140699008029145
PF07046	CRA_rpt	17.97820769809902
PF20506	DUF6732	3.994551924524755
PF14454	Prok_Ub	8.98910384904951
PF14738	CFAP91	5.659402566033006
PF15976	CooC_C	3.744551924524755
PF19503	DUF6037	17.97820769809902
PF05173	DapB_C	1.2619356364667338
PF13217	DUF4025	17.97820769809902
PF10410	DnaB_bind	1.2518776079461722
PF00274	Glycolytic	6.904141348328354
PF12910	PHD_like	8.98910384904951
PF00008	EGF	0.08495900252323507
PF00856	SET	0.13638136828863787
PF12714	TILa	1.2792106456809547
PF07721	TPR_4	1.2481839748415848
PF05075	DUF684	17.97820769809902
PF18949	DUF5693	3.994551924524755
PF16620	23ISL	16.393245197377862
PF17120	zf-RING_16	1.0707437234295043
PF05593	RHS_repeat	0.7511031960276512
PF06392	Asr	3.517829275622625
PF02412	TSP_3	1.659720997494741
PF00909	Ammonium_transp	2.565540866229644
PF16464	DUF5045	7.696622598688932
PF02190	LON_substr_bdg	0.16610850965473503
PF17587	Dmd	8.196622598688931
PF17253	DUF5320	0.7717080476027044
PF22819	TcaA_5th	3.3796940198654304
PF09322	DUF1979	17.97820769809902
PF13923	zf-C3HC4_2	0.1379846810402588
PF05348	UMP1	17.97820769809902
PF08786	DcrB	17.97820769809902
PF00037	Fer4	0.16655559336415585
PF20035	DUF6439	17.97820769809902
PF02317	Octopine_DH	3.569441994989482
PF06109	HlyE	8.98910384904951
PF11200	DUF2981	3.078649039475573
PF01268	FTHFS	4.6904390341635
PF01017	STAT_alpha	2.1630346163498366
PF01562	Pep_M12B_propep	1.4493310977048968
PF16854	VPS53_C	2.931255920642332
PF00193	Xlink	0.7544573189056563
PF12092	DUF3568	17.97820769809902
PF20251	Big_14	17.97820769809902
PF01559	Zein	3.6640699008029145
PF20728	Nairovirus_NSm	1.9312537256373887
PF21474	DNApolII_N	17.97820769809902
PF15688	NRIP1_repr_2	5.46441506579262
PF02203	TarH	2.3796279966596545
PF12631	MnmE_helical	0.8713765097872419
PF13369	Transglut_core2	4.659402566033006
PF03014	SP2	3.542713194010354
PF22386	PPI	17.97820769809902
PF00933	Glyco_hydro_3	0.6683003424522982
PF16894	DUF5084	17.97820769809902
PF20819	T4_Rnl1_C	5.659402566033006
PF02820	MBT	1.0640628610391725
PF01389	OmpA_membrane	2.666870301664859
PF12925	APP_E2	1.030249630567528
PF19389	DUF5964	5.659402566033006
PF05599	Deltaretro_Tax	17.97820769809902
PF18120	DUF5597	8.48910384904951
PF21186	DUF6852	8.196622598688931
PF19813	DUF6296	3.078649039475573
PF22499	DUF6990	3.2786490394755727
PF04685	DUF608	7.828139801605829
PF00629	MAM	0.5966906789370283
PF08936	CsoSCA_C	15.656279603211658
PF08240	ADH_N	0.3040136983136881
PF00734	CBM_1	0.4249027061744667
PF11441	MxiM	17.97820769809902
PF12717	Cnd1	0.32309915736731387
PF13482	RNase_H_2	3.0341705552082834
PF13459	Fer4_15	8.48910384904951
PF04021	Class_IIIsignal	16.97820769809902
PF19947	DUF6409	8.98910384904951
PF00066	Notch	1.674155649672233
PF14120	YhzD	16.393245197377862
PF00867	XPG_I	0.22082671164530068
PF21838	DUF6897	3.0341705552082834
PF07817	GLE1	2.2366113718873795
PF04599	Pox_G5	17.97820769809902
PF22761	NrS1-1_pol-like_head	8.98910384904951
PF08246	Inhibitor_I29	0.7519283275904779
PF14714	KH_dom-like	0.3003938330139351
PF19602	DUF6107	8.196622598688931
PF08075	NOPS	6.98910384904951
PF00903	Glyoxalase	0.8045687271737783
PF13075	DUF3939	5.056950925347138
PF01755	Glyco_transf_25	2.7616565393313417
PF04823	Herpes_UL49_2	8.48910384904951
PF00244	14-3-3	0.894198291390123
PF20956	DUF4931_C	4.183980981132307
PF18861	PTP_tm	1.6982362844150325
PF05091	eIF-3_zeta	2.565540866229644
PF21526	PGRS	2.103442615580156
PF21447	Ppx-GppA_III	11.568816761961317
PF12802	MarR_2	0.49453991415935245
PF04758	Ribosomal_S30	5.218759867737219
PF08146	BP28CT	0.5821946680298503
PF05317	Thermopsin	17.97820769809902
PF18253	HipN	3.569441994989482
PF08140	Cuticle_1	5.326069232699673
PF15293	NUFIP2	5.46441506579262
PF15716	DUF4672	8.48910384904951
PF07059	EDR2_C	8.48910384904951
PF13774	Longin	1.684054734174143
PF12354	Internalin_N	4.9360942322189025
PF10620	MdcG	4.576760061551811
PF06743	FAST_1	1.0213667676890714
PF05157	MshEN	4.797748399125954
PF03159	XRN_N	1.8297546709509582
PF08730	Rad33	3.078649039475573
PF08035	Op_neuropeptide	3.244551924524755
PF08277	PAN_3	17.97820769809902
PF05523	FdtA	8.48910384904951
PF15915	BAT	3.994551924524755
PF04191	PEMT	0.9981839748415849
PF15712	NPAT_C	5.326069232699673
PF03021	CM2	7.696622598688932
PF22268	DUF6954	14.808282696656708
PF16853	CDC13_N	5.326069232699673
PF10028	DUF2270	17.97820769809902
PF06421	LepA_C	1.6654312013840185
PF08915	tRNA-Thr_ED	2.0919904905661535
PF16141	GH18_BT1044-like	8.48910384904951
PF13634	Nucleoporin_FG	0.7689010060288529
PF21321	HTH_66	17.97820769809902
PF21899	Tal_Pri	8.98910384904951
PF10004	DUF2247	5.659402566033006
PF22630	Gp44-like_3rd	17.97820769809902
PF05018	CFA20_dom	3.792713194010354
PF21351	TetR_C_41	17.97820769809902
PF21069	Csx12	17.97820769809902
PF16523	betaPIX_CC	1.3084768361252603
PF04197	Birna_RdRp_palm	14.808282696656708
PF16225	DUF4884	17.97820769809902
PF22616	HMD_N	1.9614685978079192
PF19734	DUF6224	8.196622598688931
PF20379	DUF6674	4.244551924524755
PF12279	DUF3619	2.115468956665244
PF03852	Vsr	7.828139801605829
PF02986	Fn_bind	2.34521951708175
PF13446	RPT	5.326069232699673
PF13259	clamp_Gag1-like	8.48910384904951
PF08701	GN3L_Grn1	3.569441994989482
PF09752	ABHD18	16.97820769809902
PF13438	DUF4113	14.277767979957927
PF04727	ELMO_CED12	1.7260353370820884
PF00742	Homoserine_dh	3.22268621421217
PF01956	EMC3_TMCO1	0.6696622598688933
PF03463	eRF1_1	1.8116138735534748
PF02543	Carbam_trans_N	2.6341705552082835
PF08287	DASH_Spc19	1.3656279603211658
PF01242	PTPS	17.97820769809902
PF04353	Rsd_AlgQ	8.48910384904951
PF21164	Dumpy_DPY	3.078649039475573
PF00197	Kunitz_legume	8.196622598688931
PF13184	KH_5	1.2730280184655436
PF11829	DUF3349	3.744551924524755
PF02078	Synapsin	4.797748399125954
PF03417	AAT	8.48910384904951
PF14543	TAXi_N	1.860573055387449
PF12052	VGCC_beta4Aa_N	3.4140699008029145
PF15917	PIEZO	1.3084768361252603
PF15898	PRKG1_interact	0.8200141689357154
PF03297	Ribosomal_S25	3.702070674164177
PF02821	Staphylokinase	3.9140699008029145
PF18693	TRAM_2	1.3253954257082752
PF15271	BBP1_N	2.746056036931087
PF06877	RraB	3.1312559206423316
PF16591	HBM	1.3198887344965202
PF10741	T2SSM_b	5.46441506579262
PF12688	TPR_5	17.97820769809902
PF21416	VP1-like_C	16.97820769809902
PF12624	Chorein_N	1.611343107106085
PF20204	DUF6566	17.97820769809902
PF04201	TPD52	1.1441900153879527
PF19101	DUF5788	8.48910384904951
PF06465	DUF1087	2.746056036931087
PF07106	TBPIP	1.6131973421624135
PF10044	LIN52	4.0983112993444655
PF11670	MSP1a	3.702070674164177
PF04922	DIE2_ALG10	8.196622598688931
PF04004	Leo1	5.131081732459288
PF18816	Importin_rep_5	7.98910384904951
PF19498	DUF6033	1.6856503084490462
PF20077	CcmD_alt	3.792713194010354
PF18133	HydF_tetramer	8.98910384904951
PF18441	Hen1_Lam_C	3.2786490394755727
PF01742	Peptidase_M27	4.464415065792621
PF14975	DUF4512	17.97820769809902
PF04484	QWRF	2.2366113718873795
PF07564	DUF1542	1.0933522252476204
PF08937	ThsB_TIR	17.97820769809902
PF08398	Phospholip_A2_4	6.667175754162147
PF01967	MoaC	1.1973502523674016
PF09331	DUF1985	17.97820769809902
PF18336	Tudor_FRX1	13.730280184655435
PF05499	DMAP1	4.885426534403885
PF04026	SpoVG	8.98910384904951
PF15287	KRBA1	8.196622598688931
PF02368	Big_2	0.5199529261331431
PF18118	PRC2_HTH_1	2.8142634204981003
PF22853	TelK_N	7.98910384904951
PF08993	T4_Gp59_N	17.97820769809902
PF10406	TAF8_C	3.6296940198654304
PF06813	Nodulin-like	16.97820769809902
PF01068	DNA_ligase_A_M	0.6564046416957888
PF05729	NACHT	0.36704176954554485
PF20263	LYRM2-like	5.46441506579262
PF07057	TraI_C	16.97820769809902
PF08832	SRC-1	7.138883989978964
PF14829	GPAT_N	3.6640699008029145
PF02734	Dak2	2.134713782776118
PF14587	Glyco_hydr_30_2	17.97820769809902
PF14737	DUF4470	14.656279603211658
PF17888	Carm_PH	7.48910384904951
PF06372	Gemin6	16.393245197377862
PF19277	GPAT_C	3.5611956497357973
PF13460	NAD_binding_10	0.653565855124525
PF20234	DUF6591	3.848311299344466
PF18445	zf_PR_Knuckle	3.452070674164177
PF12998	ING	1.0546899669343048
PF18295	Pdase_M17_N2	15.97820769809902
PF04889	Cwf_Cwc_15	0.3030150938151557
PF03881	Fructosamin_kin	4.0983112993444655
PF09069	EF-hand_3	2.6446640391871106
PF11780	DUF3318	2.8555535959915854
PF05770	Ins134_P3_kin	4.390284258680472
PF12877	KIAA1549	3.994551924524755
PF17665	DUF5527	2.565540866229644
PF13835	DUF4194	5.659402566033006
PF10414	CysG_dimeriser	2.163667272264126
PF20734	PA2201_N	17.97820769809902
PF13493	DUF4118	1.8148470099327152
PF23004	PHDvar_NSD	2.995641539619804
PF01079	Hint	4.218759867737219
PF03427	CBM_19	3.744551924524755
PF04648	MF_alpha	5.326069232699673
PF04146	YTH	3.6640699008029145
PF12365	DUF3649	16.97820769809902
PF20118	DUF6508	17.97820769809902
PF00309	Sigma54_AID	2.5867627157481135
PF08975	2H-phosphodiest	17.97820769809902
PF20080	ALTTAQ_rpt	16.97820769809902
PF04056	Ssl1	4.885426534403885
PF13780	DUF4176	2.395641539619804
PF20627	TBX2-3_RD	2.834170555208283
PF00223	PsaA_PsaB	7.828139801605829
PF06203	CCT	0.7887909808425585
PF22132	TilS-like	2.4680471161094513
PF03951	Gln-synt_N	3.5117547340834303
PF13899	Thioredoxin_7	0.9120538808907193
PF22131	CjCas9_PI_CTD	2.4680471161094513
PF21153	NSUN5_N	3.6296940198654304
PF11413	HIF-1	4.6904390341635
PF11687	DUF3284	8.98910384904951
PF10025	DUF2267	1.8148470099327152
PF10602	RPN7	0.982211871728467
PF06052	3-HAO	0.7011475385267186
PF07771	TSGP1	1.8320349504014573
PF16360	GTP-bdg_M	1.4323049840942979
PF02453	Reticulon	0.6828139801605829
PF05820	Ac81	8.48910384904951
PF00168	C2	0.0663032809121852
PF22045	CmlS_C	8.98910384904951
PF04025	RemA-like	8.48910384904951
PF10284	Luciferase_3H	5.659402566033006
PF17815	PDZ_3	7.404141348328354
PF10609	ParA	0.3592845117754218
PF21179	BldD-like_C	8.98910384904951
PF15906	zf-NOSIP	1.9968868140141456
PF03678	Adeno_hexon_C	13.97820769809902
PF10790	DUF2604	3.994551924524755
PF08122	NDUF_B12	8.48910384904951
PF20905	ExsD_C	8.48910384904951
PF11466	Doppel	2.961656539331342
PF03810	IBN_N	0.6028760916864213
PF05827	VAS1_LD	2.931255920642332
PF02472	ExbD	1.6856503084490462
PF08746	zf-RING-like	2.34521951708175
PF11411	DNA_ligase_IV	4.797748399125954
PF14174	YycC	5.46441506579262
PF21424	DTP-pb9_A-dom_C	3.994551924524755
PF16308	DUF4950	8.98910384904951
PF13488	Gly-zipper_Omp	0.6805715135297677
PF18720	EGF_Tenascin	3.0341705552082834
PF14499	DUF4437	16.97820769809902
PF02933	CDC48_2	2.0976483792200433
PF00954	S_locus_glycop	3.069441994989482
PF06715	Gp5_C	4.0983112993444655
PF17826	DUF5588	8.98910384904951
PF01776	Ribosomal_L22e	7.98910384904951
PF17781	RPN1_RPN2_N	3.542713194010354
PF15075	SPMAP1-like	17.97820769809902
PF11702	DUF3295	3.1312559206423316
PF11190	DUF2976	1.924155649672233
PF20646	Hpf1_C	3.994551924524755
PF03918	CcmH	1.0050940787493214
PF10672	Methyltrans_SAM	1.3680980870701962
PF04641	Rtf2	1.9312537256373887
PF06019	Phage_30_8	17.97820769809902
PF22603	RAE1_2_domI_C	3.0341705552082834
PF17538	C_LFY_FLO	14.277767979957927
PF18668	Tail_spike_N	3.994551924524755
PF01348	Intron_maturas2	1.2259432738453087
PF14591	AF0941-like	5.659402566033006
PF19364	DUF5940	17.97820769809902
PF16346	GH32_BT1760-like_C	17.97820769809902
PF19529	DUF6057	1.2098980066218101
PF21080	Methyltrans_Mon_1st	4.1729253598205736
PF15499	Peptidase_C98	7.259388039730861
PF10495	PACT_coil_coil	3.994551924524755
PF21695	GlnR_1st	17.97820769809902
PF06463	Mob_synth_C	1.6458199816144996
PF17928	TetR_C_22	16.97820769809902
PF19255	DUF5902	3.744551924524755
PF16484	CPT_N	14.393245197377864
PF00716	Peptidase_S21	1.8510353370820884
PF16926	HisKA_4TM	8.48910384904951
PF02902	Peptidase_C48	0.8370778248361165
PF06317	Arena_RNA_pol	6.759388039730861
PF22064	Cep192_D2	4.244551924524755
PF06785	UPF0242	0.423093515974559
PF11626	Rap1_C	2.9037552158923443
PF03687	UPF0164	16.393245197377862
PF19355	DUF5932	17.97820769809902
PF06565	DM10_dom	3.542713194010354
PF04216	FdhE	3.848311299344466
PF18031	UCH_C	2.6142634204981
PF05193	Peptidase_M16_C	0.45034511236069613
PF13079	DUF3916	5.056950925347138
PF22457	PpPFK_gamma-like_C	16.97820769809902
PF02158	Neuregulin	7.48910384904951
PF10150	RNase_E_G	1.2768754332470071
PF07364	DUF1485	17.97820769809902
PF00934	PE	1.1088043622340327
PF02198	SAM_PNT	1.1266586543070785
PF01350	Flavi_NS4A	4.031854882912393
PF12727	PBP_like	1.7162850230819293
PF01527	HTH_Tnp_1	0.9863059069040505
PF08069	Ribosomal_S13_N	11.568816761961317
PF08732	HIM1	3.6640699008029145
PF03937	Sdh5	2.961656539331342
PF16335	GtaA_6_Hairpin	8.48910384904951
PF16413	Mlh1_C	7.585426388020708
PF01061	ABC2_membrane	0.44746552917025223
PF04990	RNA_pol_Rpb1_7	4.6904390341635
PF06046	Sec6	1.1809043980034513
PF12766	Pyridox_oxase_2	17.97820769809902
PF10099	RskA_C	7.196622598688932
PF21352	Thio2_N	15.656279603211658
PF03385	STELLO	8.196622598688931
PF13798	PCYCGC	4.0983112993444655
PF03400	DDE_Tnp_IS1	5.659402566033006
PF03745	DUF309	5.46441506579262
PF11672	DUF3268	5.46441506579262
PF11510	FA_FANCE	17.97820769809902
PF08555	FAM32A	2.565540866229644
PF08206	OB_RNB	1.0098039071377831
PF13432	TPR_16	0.3148145635886648
PF04011	LemA	2.6630346163498366
PF18346	SH3_15	2.3796279966596545
PF09822	ABC_transp_aux	1.599249466375318
PF22476	Ago_N_3	2.995641539619804
PF14188	DUF4311	4.992735899366339
PF08562	Crisp	12.120226702971447
PF01296	Galanin	15.170852776041416
PF03007	WS_DGAT_cat	6.275971471698461
PF00355	Rieske	0.37655640965936765
PF18489	Alpha_Helical	17.97820769809902
PF17387	Glyco_hydro_59M	4.885426534403885
PF00812	Ephrin	2.961656539331342
PF06648	AcMNPV_Ac75	4.0983112993444655
PF08979	DUF1894	17.97820769809902
PF00412	LIM	0.13618850893005888
PF06758	Olduvai	0.8409153588776254
PF07837	FTCD_N	4.8395920264872405
PF19809	DUF6292	3.792713194010354
PF05137	PilN	8.196622598688931
PF09677	TrbI_Ftype	2.565540866229644
PF03606	DcuC	5.056950925347138
PF03525	Meiotic_rec114	4.992735899366339
PF14810	TGT_C2	2.242440957007001
PF05592	Bac_rhamnosid	5.218759867737219
PF22743	PspAA	8.48910384904951
PF19922	bpX6	15.170852776041416
PF05695	DUF825	5.837213474960958
PF17204	Sid-5	4.0983112993444655
PF21775	PutA_1st	1.896356597005177
PF15029	TMEM174	5.46441506579262
PF04426	Bul1_C	16.97820769809902
PF15149	CATSPERB_C	16.97820769809902
PF11392	DUF2877	17.97820769809902
PF04030	ALO	3.202070674164177
PF05616	Neisseria_TspB	5.46441506579262
PF19305	MmgE_PrpD_C	6.727322871021003
PF13296	T6SS_Vgr	5.46441506579262
PF10232	Med8	2.1397439568712886
PF14230	DUF4333	16.393245197377862
PF02614	UxaC	4.0983112993444655
PF15748	CCSAP	2.0396811399939896
PF21605	CRLF2-like_D2	1.5634796780545
PF10364	NKWYS	17.97820769809902
PF03303	WTF	3.598311299344466
PF03147	FDX-ACB	1.0948984873633147
PF07120	DUF1376	17.97820769809902
PF09635	MetRS-N	17.97820769809902
PF02270	TFIIF_beta	7.404141348328354
PF18609	SAM_Exu	3.792713194010354
PF21851	DUF6910	8.48910384904951
PF04192	Utp21	5.326069232699673
PF08583	Cmc1	5.326069232699673
PF06855	YozE_SAM_like	3.2786490394755727
PF22507	DUF6994	8.98910384904951
PF03618	Kinase-PPPase	5.218759867737219
PF08637	NCA2	1.924155649672233
PF16574	CEP209_CC5	2.2366113718873795
PF21094	Nup188_SH3-like	2.9037552158923443
PF21799	MurD-like_N	0.9132717647154645
PF17611	DUF5506	17.97820769809902
PF11461	RILP	1.3890744856848682
PF08435	Calici_coat_C	5.056950925347138
PF03537	Glyco_hydro_114	4.0983112993444655
PF17176	tRNA_bind_3	2.795641539619804
PF16878	SIX1_SD	3.292713194010354
PF21847	DUF6906	4.244551924524755
PF04084	ORC2	5.326069232699673
PF14874	PapD-like	5.131081732459288
PF01174	SNO	1.9408414679028942
PF09743	E3_UFM1_ligase	0.8851845319971952
PF05814	Ac76	1.480828269665671
PF16608	TNRC6-PABC_bdg	3.848311299344466
PF03867	FTZ	1.6642452997887798
PF00030	Crystall	1.6071838919336887
PF04751	DUF615	1.075246746007617
PF14217	DUF4327	3.078649039475573
PF17186	Lipocalin_9	17.97820769809902
PF14060	DUF4252	8.48910384904951
PF19092	DUF5780	17.97820769809902
PF04616	Glyco_hydro_43	1.2289796435874292
PF04898	Glu_syn_central	4.723617592013805
PF04558	tRNA_synt_1c_R1	4.759255993319309
PF18013	Phage_lysozyme2	3.9140699008029145
PF16201	NopRA1	3.994551924524755
PF08692	Pet20	2.565540866229644
PF12443	AKNA	1.8320349504014573
PF09878	DUF2105	8.98910384904951
PF13579	Glyco_trans_4_4	0.7941412338427498
PF01692	Paramyxo_C	5.659402566033006
PF01568	Molydop_binding	0.8291918084607612
PF17868	AAA_lid_8	6.167175754162147
PF21503	Sas-6_helical	2.1672646822916306
PF11076	YbhQ	17.97820769809902
PF10611	DUF2469	17.97820769809902
PF18574	zf_C2HC_14	2.834170555208283
PF07517	SecA_DEAD	1.6590426228834674
PF01901	O_anti_polymase	16.97820769809902
PF08516	ADAM_CR	1.2054360756837836
PF00591	Glycos_transf_3	0.9383197739770206
PF02924	HDPD	8.98910384904951
PF20712	CyanoTRADDas_TM	1.056175398819649
PF03699	UPF0182	0.7634239822411188
PF03955	Adeno_PIX	5.218759867737219
PF21904	CAND6-7_N	7.404141348328354
PF14529	Exo_endo_phos_2	8.196622598688931
PF00173	Cyt-b5	0.38933543218029243
PF18317	SDH_C	0.464522255568023
PF13417	GST_N_3	1.7579689080182177
PF05185	PRMT5	3.494551924524755
PF16307	DUF4949	8.98910384904951
PF05159	Capsule_synth	7.696622598688932
PF10918	DUF2718	4.0983112993444655
PF01939	NucS_C	2.419112929747436
PF21404	AMG1_III	4.885426534403885
PF16660	PHD20L1_u1	1.3198887344965202
PF14798	Ca_hom_mod	8.48910384904951
PF22952	KH_11	1.2481839748415848
PF16828	GAGBD	8.48910384904951
PF01324	Diphtheria_R	16.393245197377862
PF14047	DCR	15.656279603211658
PF10106	DUF2345	5.46441506579262
PF12669	FeoB_associated	1.012203769717244
PF10006	DUF2249	4.0983112993444655
PF08734	GYD	17.97820769809902
PF09950	Major_capside	17.97820769809902
PF05305	DUF732	7.828139801605829
PF03392	OS-D	3.994551924524755
PF22210	VP17_central_barrel	8.48910384904951
PF03228	Adeno_VII	8.48910384904951
PF17970	bMG1	5.326069232699673
PF06586	TraK	17.97820769809902
PF10302	Dsc3_N	5.056950925347138
PF22670	Gp10_D3	8.98910384904951
PF05214	Baculo_p33	16.393245197377862
PF02798	GST_N	0.8858716383035744
PF14982	UPF0731	17.97820769809902
PF06266	HrpF	17.97820769809902
PF17244	CDC24_OB3	8.98910384904951
PF06415	iPGM_N	17.97820769809902
PF15146	FANCAA	17.97820769809902
PF18703	MALT1_Ig	16.97820769809902
PF04253	TFR_dimer	6.424462340577026
PF13046	DUF3906	17.97820769809902
PF01073	3Beta_HSD	1.097571064670118
PF20802	MAML1_3_TAD1	3.1312559206423316
PF12890	DHOase	4.373408900990482
PF16615	RhoGEF67_u1	3.848311299344466
PF01374	Glyco_hydro_46	17.97820769809902
PF08447	PAS_3	0.34711047703157594
PF20468	HPS6_C	16.393245197377862
PF18372	I-EGF_1	3.256002846928036
PF22814	WelO5	7.259388039730861
PF20948	Flu_PB2_2nd	5.591895915874456
PF14834	GST_C_4	17.97820769809902
PF21193	NMD_SH3	7.259388039730861
PF18423	zf_CopZ	8.48910384904951
PF17745	Ydr279_N	7.404141348328354
PF18237	Tk-SP_N-pro	4.0983112993444655
PF02662	FlpD	1.972611813808101
PF18496	ColG_sub	3.848311299344466
PF07946	CCDC47	1.0982898446121483
PF08014	MATCAP	2.995641539619804
PF12848	ABC_tran_Xtn	1.025481863010627
PF22660	RS_preATP-grasp-like	0.8287320580467974
PF13558	SbcC_Walker_B	0.2554828615394151
PF05712	MRG	4.390284258680472
PF12015	Bud3_N	8.48910384904951
PF11714	Inhibitor_I53	1.6856503084490462
PF14327	CSTF2_hinge	2.834170555208283
PF01337	Barstar	3.2786490394755727
PF20143	NAD_kinase_C	0.8888095278434731
PF18883	AC_1	2.056177885339695
PF13837	Myb_DNA-bind_4	0.5248090681188579
PF12473	DUF3694	1.6898470099327152
PF03272	Mucin_bdg	16.393245197377862
PF22185	AF_0924	8.98910384904951
PF21531	Rv2175c_wHTH	8.48910384904951
PF10080	FtrD-like	3.195641539619804
PF16796	Microtub_bd	1.3730280184655435
PF19258	KxYKxGKxW_sig	0.9336655073207499
PF20977	GatF	8.48910384904951
PF09860	DUF2087	3.195641539619804
PF13030	DUF3891	8.48910384904951
PF05890	Ebp2	17.97820769809902
PF09096	Phage-tail_2	17.97820769809902
PF10061	DUF2299	17.97820769809902
PF16517	Nore1-SARAH	3.396472568830065
PF11723	Aromatic_hydrox	8.196622598688931
PF03048	Herpes_UL92	3.994551924524755
PF12023	DUF3511	17.97820769809902
PF00009	GTP_EFTU	0.07948408058981579
PF06304	DUF1048	8.98910384904951
PF18630	Peptidase_M60_C	3.598311299344466
PF07303	Occludin_ELL	0.666119979116403
PF03171	2OG-FeII_Oxy	0.3975715483522687
PF01795	Methyltransf_5	3.0341705552082834
PF08138	Sex_peptide	8.98910384904951
PF04695	Pex14_N	2.0741108684945315
PF00011	HSP20	0.38857770054066043
PF10193	Telomere_reg-2	1.6856503084490462
PF01823	MACPF	0.9533265536444511
PF19135	DUF5818	2.931255920642332
PF03649	UPF0014	5.46441506579262
PF14062	DUF4253	3.195641539619804
PF09089	gp12-short_mid	5.659402566033006
PF08184	Cuticle_2	5.659402566033006
PF21197	PgaA_barrel	16.97820769809902
PF21266	RRP4_S1	2.1484574761414468
PF00520	Ion_trans	0.11379143052312474
PF21386	IntS11_C	3.6640699008029145
PF09466	Yqai	5.218759867737219
PF03501	S10_plectin	3.848311299344466
PF22157	SupH-like_C	17.97820769809902
PF20463	PDH_C	1.0405295501474452
PF19519	DUF6051	17.97820769809902
PF14155	DUF4307	2.6093799338686097
PF20456	DUF6709	5.056950925347138
PF18977	DUF5713	1.8320349504014573
PF18298	NusG_add	8.98910384904951
PF09238	IL4Ra_N	7.696622598688932
PF21894	N4_RNAP_helical	8.98910384904951
PF17904	KH_9	2.6909291484084013
PF08849	BrxA	8.98910384904951
PF12922	Cnd1_N	2.4680471161094513
PF16344	FecR_C	1.7070349504014573
PF05669	Med31	3.1312559206423316
PF02807	ATP-gua_PtransN	11.933813578740565
PF21549	PRDM2_PR	2.0810591002948904
PF06645	SPC12	1.8722759622623775
PF15334	AIB	17.97820769809902
PF20089	DUF6481	8.98910384904951
PF17121	zf-C3HC4_5	14.808282696656708
PF02268	TFIIA_gamma_N	3.348311299344466
PF04458	DUF505	17.97820769809902
PF06398	Pex24p	1.2552984269687917
PF14606	Lipase_GDSL_3	17.97820769809902
PF12846	AAA_10	5.218759867737219
PF03830	PTSIIB_sorb	15.656279603211658
PF06196	DUF997	3.848311299344466
PF13110	DUF3966	5.659402566033006
PF12497	ERbeta_N	3.396472568830065
PF21268	Helic-prim_T7_N	8.48910384904951
PF06760	DUF1221	17.97820769809902
PF19212	CoV_NSP2_C	1.4276582979060057
PF14261	DUF4351	3.9140699008029145
PF08113	CoxIIa	8.48910384904951
PF05970	PIF1	1.2890744856848682
PF02417	Chromate_transp	7.828139801605829
PF10713	DUF2509	17.97820769809902
PF06321	P_gingi_FimA	2.329701283016503
PF02639	DUF188	2.4680471161094513
PF01203	T2SSN	3.848311299344466
PF19077	Big_13	1.9570349504014573
PF12577	PPARgamma_N	4.797748399125954
PF08068	DKCLD	11.470413057900323
PF06673	L_lactis_ph-MCP	8.48910384904951
PF05935	Arylsulfotrans	5.326069232699673
PF10217	DUF2039	2.2531293465769533
PF13193	AMP-binding_C	0.3506009811279816
PF12901	SUZ-C	1.9508970861730939
PF09090	MIF4G_like_2	3.2334533946851414
PF01280	Ribosomal_L19e	5.46441506579262
PF21133	CAA_C	12.730280184655435
PF14553	YqbF	8.48910384904951
PF14196	ATC_hydrolase	17.97820769809902
PF02865	STAT_int	1.6010353370820884
PF11100	TrbE	8.48910384904951
PF14558	TRP_N	15.170852776041416
PF18938	aRib	0.846187031949118
PF04319	NifZ	5.131081732459288
PF08242	Methyltransf_12	0.24623328411554096
PF13979	SopA_C	7.196622598688932
PF12306	PixA	5.659402566033006
PF01221	Dynein_light	5.46441506579262
PF16669	TTC5_OB	7.98910384904951
PF14602	Hexapep_2	0.7624706544339421
PF19953	EACC1	2.6093799338686097
PF00261	Tropomyosin	0.2516208432384205
PF18898	DUF5654	8.48910384904951
PF22462	Ctf19_RWD2	17.97820769809902
PF15298	AJAP1_PANP_C	3.195641539619804
PF00793	DAHP_synth_1	3.994551924524755
PF03215	Rad17	1.2707461543726382
PF06849	DUF1246	4.25625144415669
PF05196	PTN_MK_N	14.0713171024905
PF12269	CpG_bind_C	1.8722759622623775
PF14655	RAB3GAP2_N	1.7589146378113125
PF18712	DUF5644	8.98910384904951
PF22842	Pel9A-like_beta_helix	16.97820769809902
PF13749	HATPase_c_4	5.659402566033006
PF13002	LDB19	8.48910384904951
PF14687	DUF4460	3.0341705552082834
PF20323	DUF6618	16.97820769809902
PF10487	Nup188_N	7.696622598688932
PF11873	Mltc_N	2.97268621421217
PF17015	DUF5094	8.98910384904951
PF15627	CEP76-C2	15.393245197377864
PF15125	TMEM238	17.97820769809902
PF15783	FSIP2	5.659402566033006
PF09745	NSRP1_N	7.828139801605829
PF06366	FlhE	5.46441506579262
PF05041	Pecanex_C	8.48910384904951
PF13054	DUF3915	1.1168289291893632
PF18044	zf-CCCH_4	0.3392724765367733
PF17329	DUF5367	3.078649039475573
PF21251	Ribosomal_uS5m_N	15.393245197377864
PF00810	ER_lumen_recept	15.393245197377864
PF19267	CIS_spike_tip	8.98910384904951
PF13762	MNE1	3.994551924524755
PF16456	YmgD	17.97820769809902
PF11791	Aconitase_B_N	2.0937542290302367
PF12411	Choline_sulf_C	5.218759867737219
PF15485	DUF4643	17.97820769809902
PF00646	F-box	0.09406551251608998
PF04602	Arabinose_trans	6.94537242842434
PF00175	NAD_binding_1	0.3533419782106855
PF08386	Abhydrolase_4	3.9140699008029145
PF16161	DUF4867	8.98910384904951
PF22538	HexPS-like	17.97820769809902
PF05488	PAAR_motif	3.848311299344466
PF17027	Bromo_TP_like	2.9037552158923443
PF16997	Wap1	17.97820769809902
PF00361	Proton_antipo_M	0.14941323359868477
PF21265	SBB_T7	17.97820769809902
PF09037	Sulphotransf	17.97820769809902
PF08735	DUF1786	8.48910384904951
PF12419	DUF3670	3.195641539619804
PF22691	Thiolase_C_1	2.0396811399939896
PF17150	CHASE6_C	8.98910384904951
PF00356	LacI	0.9511370781649979
PF12562	Pox_I6_C	15.393245197377864
PF14420	Clr5	2.2366113718873795
PF12188	STAT2_C	7.98910384904951
PF19660	DUF6163	3.2786490394755727
PF14854	LURAP	3.0341705552082834
PF18007	Rv3651-like_N	17.97820769809902
PF11384	DUF3188	3.078649039475573
PF03448	MgtE_N	2.0937542290302367
PF18379	FERM_F1	13.97820769809902
PF00733	Asn_synthase	1.5382227945159406
PF10750	DUF2536	2.6093799338686097
PF03966	Trm112p	3.848311299344466
PF05894	Podovirus_Gp16	17.97820769809902
PF19537	DUF6061	5.659402566033006
PF13453	zf-TFIIB	1.465627960321166
PF02005	TRM	2.4197960132436203
PF17773	UPF0176_N	3.1399289949434515
PF22035	Lpg0393_VPS9	17.97820769809902
PF17671	DUF5531	3.792713194010354
PF13537	GATase_7	1.312031410739634
PF22642	MinC_N_1	1.5150283378714309
PF13355	ARC6-like_IMS	3.9140699008029145
PF22451	NirdL-like_HTH	1.8968239971368466
PF22166	ArnR1-like_WHD	8.48910384904951
PF15289	RFXA_RFXANK_bdg	7.98910384904951
PF15296	Codanin-1_C	17.97820769809902
PF02241	MCR_beta	14.518776079461722
PF02553	CbiN	17.97820769809902
PF22536	POLR3C_WHD	2.2129613299929876
PF01870	Hjc	2.8555535959915854
PF07423	DUF1510	3.9140699008029145
PF14710	Nitr_red_alph_N	3.078649039475573
PF19528	DUF6056	17.97820769809902
PF12146	Hydrolase_4	0.30079057162762046
PF06134	RhaA	17.97820769809902
PF23010	RA_3	2.0741108684945315
PF01553	Acyltransferase	0.23767287856925168
PF16365	EutK_C	16.97820769809902
PF13074	DUF3938	17.97820769809902
PF04574	DUF592	2.4197960132436203
PF18762	Kinase-PolyVal	3.9140699008029145
PF05039	Agouti	2.26431504588671
PF17688	DUF5536	7.828139801605829
PF13152	DUF3967	8.48910384904951
PF07119	DUF1375	17.97820769809902
PF13005	zf-IS66	3.848311299344466
PF19559	DUF6081	17.97820769809902
PF09938	DUF2170	4.759255993319309
PF19174	DUF5856	3.078649039475573
PF01412	ArfGap	0.7331425115409647
PF06034	DUF919	3.6296940198654304
PF13185	GAF_2	1.0213667676890714
PF20252	BIG2_C	1.2231496129129096
PF20771	FAM171A1-2-B_C	3.744551924524755
PF00007	Cys_knot	2.666870301664859
PF22304	ASLyase_C	4.759255993319309
PF04778	LMP	3.195641539619804
PF17395	DUF5403	17.97820769809902
PF16629	Arm_APC_u3	3.0341705552082834
PF06340	TcpF	8.98910384904951
PF02569	Pantoate_ligase	6.585426388020708
PF09094	AmyA-A_glucT_m	7.696622598688932
PF12380	Peptidase_C62	8.48910384904951
PF08323	Glyco_transf_5	0.5547831316594931
PF08044	DUF1707	2.528475462673569
PF01275	Myelin_PLP	8.196622598688931
PF12640	UPF0489	5.46441506579262
PF21519	Tailspike_C	17.97820769809902
PF11904	GPCR_chapero_1	2.8555535959915854
PF15005	IZUMO	1.4170852776041416
PF05947	T6SS_TssF	5.659402566033006
PF14448	Nuc_N	17.97820769809902
PF03786	UxuA	17.97820769809902
PF22175	Ogg-HhH	5.46441506579262
PF00828	Ribosomal_L27A	2.1990350281968376
PF02805	Ada_Zn_binding	5.131081732459288
PF08198	Thymopoietin	5.056950925347138
PF00031	Cystatin	1.1538914072033428
PF13887	MYRF_ICA	2.398874199562977
PF21106	YtxK_like	5.659402566033006
PF16774	Dit_N	8.48910384904951
PF10447	EXOSC1	3.078649039475573
PF13851	GAS	0.18724388886217563
PF02661	Fic	0.7608125634553273
PF03990	DUF348	1.771356597005177
PF09346	SMI1_KNR4	2.4427132672019427
PF08680	DUF1779	8.98910384904951
PF04840	Vps16_C	2.3151241428081133
PF08083	PROCN	2.9037552158923443
PF20979	Arginosuc_syn_C	0.9708240406596736
PF13650	Asp_protease_2	1.574539197337935
PF19418	DEPDC5_CTD	2.2038866993225916
PF12277	DUF3618	5.218759867737219
PF10826	DUF2551	5.659402566033006
PF16133	DUF4844	3.1312559206423316
PF13337	BrxL_ATPase	8.48910384904951
PF18158	AidB_N	8.196622598688931
PF08972	DUF1902	5.659402566033006
PF15827	UPF0730	17.97820769809902
PF05758	Ycf1	0.6522760630198875
PF20170	Plexin_RBD	8.98910384904951
PF03787	RAMPs	4.992735899366339
PF12350	CTK3_C	3.994551924524755
PF14006	YqzL	17.97820769809902
PF14892	PIRC1_2	17.97820769809902
PF20285	CTD9	17.97820769809902
PF21678	Csf1_mid_RBG	8.48910384904951
PF07136	DUF1385	2.4680471161094513
PF20149	DUF6532	5.131081732459288
PF00254	FKBP_C	0.19307559686412257
PF19889	DUF6362	4.0983112993444655
PF21776	TetR_C_44	17.97820769809902
PF04422	FrhB_FdhB_N	3.542713194010354
PF22917	PRISE	17.97820769809902
PF15018	InaF-motif	17.97820769809902
PF00908	dTDP_sugar_isom	17.97820769809902
PF09630	DUF2024	3.1312559206423316
PF12328	Rpp20	17.97820769809902
PF19420	DDAH_eukar	3.4140699008029145
PF02669	KdpC	2.1397439568712886
PF00953	Glycos_transf_4	0.22020612158714964
PF14322	SusD-like_3	7.828139801605829
PF04057	Rep-A_N	3.396472568830065
PF01478	Peptidase_A24	2.1706685646186905
PF03467	Smg4_UPF3	7.696622598688932
PF16758	UL141	17.97820769809902
PF04735	Baculo_helicase	17.97820769809902
PF06835	LptC	3.1312559206423316
PF17382	Ycf70	8.48910384904951
PF12944	HAV_VP	3.47268621421217
PF02511	Thy1	3.744551924524755
PF12699	phiKZ_IP	4.0983112993444655
PF20943	DUF4785_3rd	5.46441506579262
PF14783	BBS2_Mid	1.1161037664481552
PF18675	HepII_C	5.659402566033006
PF16526	CLZ	0.40929942211451203
PF10637	Ofd1_CTDD	3.744551924524755
PF12022	COG2_C	2.1397439568712886
PF07398	MDMPI_C	4.0983112993444655
PF10595	FAM161A_B	8.48910384904951
PF09405	Btz	17.97820769809902
PF03247	Prothymosin	1.924155649672233
PF08407	Chitin_synth_1N	2.5781489713697363
PF16702	DUF5063	3.994551924524755
PF19301	LigXa_C	3.1312559206423316
PF17982	C5HCH	4.992735899366339
PF12006	DUF3500	17.97820769809902
PF13213	DUF4021	5.218759867737219
PF13916	Phostensin_N	3.702070674164177
PF08764	Coagulase	5.46441506579262
PF21375	POT1_C_insert	5.326069232699673
PF14249	Tocopherol_cycl	8.48910384904951
PF21295	Bact_transglu_N_2	5.659402566033006
PF05046	Img2	1.599249466375318
PF18643	RE_BsaWI	17.97820769809902
PF21477	FERM_C_FAK1	1.9614685978079192
PF06157	DUF973	5.46441506579262
PF12515	CaATP_NAI	7.03565855124525
PF10658	DUF2484	17.97820769809902
PF22576	Bfc	8.48910384904951
PF10000	ACT_3	5.659402566033006
PF13595	DUF4138	17.97820769809902
PF02514	CobN-Mg_chel	2.4680471161094513
PF05493	ATP_synt_H	5.131081732459288
PF18307	Tfb2_C	14.393245197377864
PF16417	CNOT1_TTP_bind	7.585426388020708
PF20351	DUF6646	8.98910384904951
PF00689	Cation_ATPase_C	0.8104049386346378
PF08376	NIT	2.6630346163498366
PF03328	HpcH_HpaI	1.8510353370820884
PF22961	RECK-like_N	3.9140699008029145
PF00388	PI-PLC-X	0.5855710578702059
PF02581	TMP-TENI	1.2933813578740567
PF12660	zf-TFIIIC	3.9140699008029145
PF09323	DUF1980	1.2289796435874292
PF21760	SecD_1st	1.0889279725544563
PF07870	DUF1657	5.659402566033006
PF01243	Putative_PNPOx	0.5568502967253907
PF18078	Thioredoxin_11	7.585426388020708
PF15136	UPF0449	1.1809043980034513
PF18448	CBM46	17.97820769809902
PF02593	DUF166	8.48910384904951
PF16656	Pur_ac_phosph_N	1.4187504813855634
PF04225	OapA	5.056950925347138
PF03924	CHASE	1.8148470099327152
PF18070	Cas9_PI2	3.2786490394755727
PF17896	NSP2_gammaCoV	15.393245197377864
PF09350	DJC28_CD	2.6630346163498366
PF20340	DUF6635	17.97820769809902
PF07885	Ion_trans_2	0.38302906822467636
PF01591	6PF2K	2.5537508664940143
PF09724	Dcc1	17.97820769809902
PF21827	New_glue	0.07804967503092533
PF08770	SoxZ	17.97820769809902
PF07856	Orai-1	17.97820769809902
PF00782	DSPc	0.28559047116053454
PF12940	RAG1	4.9360942322189025
PF10146	zf-C4H2	1.6642452997887798
PF09328	Phytochelatin_C	3.792713194010354
PF09453	HIRA_B	1.0892764252075415
PF15317	Lbh	5.46441506579262
PF22914	Fibulin_C	2.678649039475573
PF08085	Entericidin	14.97820769809902
PF09166	Biliv-reduc_cat	16.393245197377862
PF09652	Cas_VVA1548	17.97820769809902
PF01067	Calpain_III	0.9037991544310107
PF00588	SpoU_methylase	0.8675206138429176
PF21157	DksA_N	7.259388039730861
PF12827	Peroxin-22	2.565540866229644
PF15456	Uds1	1.6856503084490462
PF01225	Mur_ligase	1.646674772119895
PF09359	VTC	3.744551924524755
PF14000	Packaging_FI	17.97820769809902
PF11846	Wzy_C_2	3.9140699008029145
PF13690	CheX	3.2786490394755727
PF12791	RsgI_N	0.7717080476027044
PF20490	SCGB3A	8.98910384904951
PF08520	Mitofissin	5.46441506579262
PF02513	Spin-Ssty	13.97820769809902
PF08467	Luteo_P1-P2	16.393245197377862
PF15482	CCER1	3.078649039475573
PF16067	DUF4809	5.659402566033006
PF22971	VEGFR-1-like_5th	8.98910384904951
PF21680	GIDA_C_1st	0.24810248426306833
PF13237	Fer4_10	0.5945883143699687
PF18719	ArlS_N	2.795641539619804
PF13000	Acatn	7.404141348328354
PF07815	Abi_HHR	4.992735899366339
PF15886	CBM39	7.259388039730861
PF08626	TRAPPC9-Trs120	7.585426388020708
PF19397	DUF5972	16.97820769809902
PF02778	tRNA_int_endo_N	2.461156471225505
PF00816	Histone_HNS	6.904141348328354
PF06112	Herpes_capsid	1.2098980066218101
PF10947	DUF2628	2.0396811399939896
PF15550	Draxin	5.659402566033006
PF22105	DUF6943	8.48910384904951
PF04886	PT	0.5662613646831367
PF00695	vMSA	3.9140699008029145
PF14886	FAM183	5.46441506579262
PF15764	DUF4693	17.97820769809902
PF11743	DUF3301	6.98910384904951
PF02426	MIase	3.994551924524755
PF22610	CovS-like_HAMP	2.2531293465769533
PF04845	PurA	2.9037552158923443
PF17091	Inovirus_G7P_1	5.056950925347138
PF19318	DUF5918	16.97820769809902
PF17754	TetR_C_14	7.828139801605829
PF19041	CBP30	5.326069232699673
PF09998	DUF2239	5.659402566033006
PF09514	SSXRD	4.723617592013805
PF17315	FMP23	3.1312559206423316
PF09723	Zn-ribbon_8	0.2187848771702712
PF22784	PTP-SAK	2.4427132672019427
PF17911	Ski2_N	7.828139801605829
PF22198	GKRP_SIS_2	3.848311299344466
PF01660	Vmethyltransf	0.48084106351410544
PF09864	MliC	5.218759867737219
PF15769	DUF4698	5.46441506579262
PF11483	DUF3209	8.98910384904951
PF00300	His_Phos_1	0.49907119322167626
PF13958	ToxN_toxin	8.196622598688931
PF13570	PQQ_3	0.43105028500794057
PF05347	Complex1_LYR	1.924155649672233
PF08761	dUTPase_2	8.48910384904951
PF01135	PCMT	1.3704835009249214
PF18334	XRN1_D2_D3	7.98910384904951
PF06789	MINAR1_C	5.218759867737219
PF14279	HNH_5	5.46441506579262
PF04188	Mannosyl_trans2	5.056950925347138
PF11983	FtsA_C	1.784720997494741
PF11056	UvsY	8.98910384904951
PF12573	OxoDH_E1alpha_N	16.97820769809902
PF22722	NA-iREase1	5.659402566033006
PF14147	Spore_YhaL	1.6856503084490462
PF17870	Insulin_TMD	0.455769716893612
PF00420	Oxidored_q2	0.5485131466410343
PF04705	TSNR_N	16.393245197377862
PF04803	Cor1	2.528475462673569
PF14787	zf-CCHC_5	1.2692805479236773
PF01246	Ribosomal_L24e	1.2231496129129096
PF10950	Organ_specific	5.46441506579262
PF19718	USP47_C	5.131081732459288
PF14978	MRP-63	5.326069232699673
PF14937	DUF4500	4.0983112993444655
PF18378	Nup188_C	7.98910384904951
PF02489	Herpes_glycop_H	3.202070674164177
PF05182	Fip1	1.1898139983298273
PF20563	DUF6773	0.9380878068327
PF21650	DnaG_cat_HB	2.398874199562977
PF01169	UPF0016	2.222391918054049
PF04628	Sedlin_N	5.46441506579262
PF01193	RNA_pol_L	3.256002846928036
PF18176	KptA_kDCL	8.98910384904951
PF21056	ZSWIM1-3_RNaseH-like	2.995641539619804
PF09963	DUF2197	8.196622598688931
PF09785	Prp31_C	7.48910384904951
PF12379	bCoV_NSP3_N	3.348311299344466
PF17443	pXO2-72	5.46441506579262
PF22828	HphA_N	8.98910384904951
PF03760	LEA_1	8.48910384904951
PF20886	PWP3A-B_C	15.170852776041416
PF00927	Transglut_C	1.8186114549507764
PF01410	COLFI	2.978029626910312
PF01177	Asp_Glu_race	0.8096878455956186
PF04759	DUF617	5.659402566033006
PF02607	B12-binding_2	2.065540866229644
PF07677	A2M_recep	1.770463599625409
PF16318	DUF4957	8.196622598688931
PF04611	AalphaY_MDB	7.98910384904951
PF18893	DUF5652	5.659402566033006
PF10337	ArAE_2_N	3.1312559206423316
PF00252	Ribosomal_L16	5.46441506579262
PF01986	DUF123	8.48910384904951
PF12755	Vac14_Fab1_bd	0.6959642208387132
PF07693	KAP_NTPase	1.1798370634635473
PF03059	NAS	8.48910384904951
PF02092	tRNA_synt_2f	3.1811931568207648
PF06781	CrgA	0.9807342989039596
PF11028	TMEM260-like	3.2786490394755727
PF11342	DUF3144	5.056950925347138
PF18370	RGI_lyase	2.056177885339695
PF07021	MetW	8.48910384904951
PF07718	Coatamer_beta_C	1.9220922488631436
PF22062	DPOA2_OB	4.9360942322189025
PF22084	UfSP_MPN_N	8.196622598688931
PF03682	UPF0158	3.1312559206423316
PF22852	SoxE_N	2.565540866229644
PF01778	Ribosomal_L28e	14.518776079461722
PF11353	DUF3153	5.659402566033006
PF07862	Nif11	1.6982362844150325
PF18580	HTH_SUN2	2.6093799338686097
PF22570	LiaF-TM	5.46441506579262
PF03291	mRNA_G-N7_MeTrfase	1.674155649672233
PF08787	Alginate_lyase2	8.48910384904951
PF02811	PHP	0.5531022158372536
PF10231	COA8	3.078649039475573
PF08471	Ribonuc_red_2_N	2.878649039475573
PF05259	Herpes_UL1	3.702070674164177
PF17980	ADD_DNMT3	4.797748399125954
PF01383	CpcD	4.576760061551811
PF17769	PurK_C	2.4909291484084015
PF16935	Hol_Tox	3.1312559206423316
PF12967	DUF3855	17.97820769809902
PF09254	FokI_cleav_dom	8.196622598688931
PF01730	UreF	3.078649039475573
PF19147	DUF5829	16.97820769809902
PF16740	SKA2	0.5849845974800872
PF12605	CK1gamma_C	7.03565855124525
PF08362	TetR_C_3	15.97820769809902
PF01192	RNA_pol_Rpb6	0.7046004528293541
PF04007	DUF354	8.48910384904951
PF16399	Aquarius_N_1st	3.1312559206423316
PF14924	MAP10_N	5.218759867737219
PF06920	DHR-2_Lobe_A	1.6667939385405368
PF21604	CRLF2_D1	8.98910384904951
PF20519	Polycystin_dom	3.396472568830065
PF05435	Phi-29_GP3	17.97820769809902
PF07222	PBP_sp32	2.4680471161094513
PF10818	SecM_small	17.97820769809902
PF16180	RelB_leu_zip	16.97820769809902
PF20696	UbiD_C	3.5008247557108736
PF09438	DUF2017	8.48910384904951
PF20570	DUF6779	0.7671268164809282
PF09889	DUF2116	2.0396811399939896
PF19018	Vanin_C	4.630248285616227
PF10179	NDNF	3.1312559206423316
PF15326	TEX15	8.196622598688931
PF08649	DASH_Dad1	17.97820769809902
PF18399	CLIP_SPH_Scar	17.97820769809902
PF22332	TAZ1_RBM	2.73220753289631
PF05061	Pox_A11	8.48910384904951
PF03864	Phage_cap_E	8.196622598688931
PF10421	OAS1_C	1.6982362844150325
PF00770	Peptidase_C5	7.98910384904951
PF06169	DUF982	17.97820769809902
PF00132	Hexapep	0.09236388135089484
PF22904	NOMO1-like_2nd	5.218759867737219
PF06578	YscK	3.2786490394755727
PF21299	ADAM10_Cys-rich	3.792713194010354
PF00662	Proton_antipo_N	2.405163923370234
PF08857	ParBc_2	17.97820769809902
PF19654	DUF6157	3.452070674164177
PF18074	PriA_C	2.26431504588671
PF12274	DUF3615	17.97820769809902
PF08713	DNA_alkylation	5.659402566033006
PF18464	PCSK9_C2	6.98910384904951
PF04595	Pox_I6	4.992735899366339
PF20897	DUF6846	17.97820769809902
PF18565	Glyco_hydro2_C5	3.6640699008029145
PF15652	Tox-SHH	17.97820769809902
PF02534	T4SS-DNA_transf	8.48910384904951
PF02152	FolB	2.4680471161094513
PF07715	Plug	1.1120226702971447
PF21188	BRR2_plug	1.3730280184655435
PF10785	NADH-u_ox-rdase	3.848311299344466
PF14106	DUF4279	2.1672646822916306
PF00238	Ribosomal_L14	8.48910384904951
PF21573	ForC_N	17.97820769809902
PF09997	DUF2238	17.97820769809902
PF06733	DEAD_2	0.7486379811311887
PF05699	Dimer_Tnp_hAT	0.8030577925721283
PF05262	Borrelia_P83	0.679294513766013
PF18498	DUF5618	17.97820769809902
PF15396	FAM60A	5.326069232699673
PF03615	GCM	17.97820769809902
PF19761	DUF6248	17.97820769809902
PF08917	ecTbetaR2	7.828139801605829
PF21129	TibC_1st	15.97820769809902
PF10542	Vitelline_membr	17.97820769809902
PF05207	zf-CSL	2.26431504588671
PF03239	FTR1	5.46441506579262
PF02776	TPP_enzyme_N	0.4897780187435539
PF09830	ATP_transf	16.393245197377862
PF17185	NlpE_C	5.659402566033006
PF09521	RE_NgoPII	17.97820769809902
PF14165	YtzH	1.7103605774864292
PF08683	CAMSAP_CKK	1.7589146378113125
PF14010	PEPcase_2	3.1312559206423316
PF13359	DDE_Tnp_4	5.218759867737219
PF21499	DYN1_lid	8.98910384904951
PF04678	MCU	2.565540866229644
PF13056	DUF3918	3.848311299344466
PF05649	Peptidase_M13_N	1.5648470099327152
PF08193	INO80_Ies4	5.659402566033006
PF15316	MDFI	5.659402566033006
PF00504	Chloroa_b-bind	2.0864626799102868
PF14636	FNIP_N	3.792713194010354
PF00251	Glyco_hydro_32N	1.4298811108738736
PF00990	GGDEF	0.342831753035637
PF17095	CAMSAP_CC1	0.7991700161953094
PF13400	Tad	1.896356597005177
PF14599	zinc_ribbon_6	1.9843921224069543
PF22854	VEGFR1-3_N_Ig-like	3.848311299344466
PF14317	YcxB	5.46441506579262
PF04355	SmpA_OmlA	2.0741108684945315
PF05324	Sperm_Ag_HE2	16.97820769809902
PF02841	GBP_C	1.414475576072826
PF11864	DUF3384	7.828139801605829
PF17871	AAA_lid_9	0.30147903657458297
PF14750	INTS2	8.98910384904951
PF06567	Neural_ProG_Cyt	3.1312559206423316
PF08424	NRDE-2	2.115468956665244
PF00913	Trypan_glycop	2.3618087960069025
PF03597	FixS	2.1397439568712886
PF21332	AmiR_N	17.97820769809902
PF05598	DUF772	2.7037552158923446
PF17047	SMP_LBD	3.4140699008029145
PF04028	DUF374	8.196622598688931
PF21994	AGAO-like_N2	1.6284755114679619
PF19599	DUF6104	3.994551924524755
PF04762	IKI3	2.4427132672019427
PF09825	BPL_N	7.98910384904951
PF13573	SprB	8.48910384904951
PF18921	Cyanophycin_syn	7.696622598688932
PF02177	APP_N	4.552093201070552
PF00813	FliP	3.792713194010354
PF15110	TMEM141	8.48910384904951
PF08581	Tup_N	0.3098311299344466
PF06207	DUF1002	2.565540866229644
PF01106	NifU	1.0327156006920093
PF19753	DUF6240	2.1990350281968376
PF04664	OGFr_N	3.994551924524755
PF07492	Trehalase_Ca-bi	4.797748399125954
PF15303	RNF111_N	15.170852776041416
PF20845	Pcf11_helical	3.078649039475573
PF18670	V_ATPase_I_N	8.98910384904951
PF17891	FluMu_N	5.131081732459288
PF13637	Ank_4	0.24108721513675674
PF05115	PetL	5.659402566033006
PF21624	vRNAP_plug	8.98910384904951
PF21388	SPATA2_PUB-like	8.196622598688931
PF10400	Vir_act_alpha_C	0.8449235049663576
PF21274	Rng_hyd_C	1.2933813578740567
PF06505	XylR_N	8.196622598688931
PF17675	APG6_N	0.23825361122289623
PF19668	DUF6171	7.259388039730861
PF13531	SBP_bac_11	1.090065598157032
PF01222	ERG4_ERG24	2.056177885339695
PF21867	vRNAP_dom_2	5.659402566033006
PF02036	SCP2	1.9408414679028942
PF10939	DUF2631	17.97820769809902
PF19550	DUF6073	17.97820769809902
PF21918	cas_Cpf1_2nd	3.994551924524755
PF15819	Fibin	8.98910384904951
PF18991	DUF5724	17.97820769809902
PF21890	Lin-28A-like_zf-CCHC_2	7.259388039730861
PF08513	LisH	0.39759705882695157
PF09816	EAF	1.5434160952054088
PF20560	MotA_N	4.659402566033006
PF13454	NAD_binding_9	0.6946048645092181
PF12371	TMEM131_like_N	2.995641539619804
PF08922	DUF1905	8.98910384904951
PF22001	MP31	5.46441506579262
PF20260	PUA_4	13.656279603211658
PF03882	KicB	5.837213474960958
PF21175	RecR_C	0.8647290819984402
PF00660	SRP1_TIP1	1.4071317102490501
PF19905	DUF6378	5.131081732459288
PF21901	TMEM87A-B_GOLD	15.656279603211658
PF07422	s48_45	2.26431504588671
PF02308	MgtC	4.759255993319309
PF18299	R2K_2	8.98910384904951
PF00154	RecA	0.5351541206130581
PF12948	MSP7_C	5.659402566033006
PF01078	Mg_chelatase	0.37304608142484935
PF03299	TF_AP-2	4.0983112993444655
PF11310	DUF3113	8.48910384904951
PF03495	Binary_toxB	8.98910384904951
PF18341	PSA_CBD	8.98910384904951
PF22944	DGKD_4H	1.972611813808101
PF02637	GatB_Yqey	0.5348904700156957
PF16515	HIP1_clath_bdg	0.44599357168070913
PF13973	DUF4222	11.955839885070565
PF03012	PP_M1	4.0983112993444655
PF17520	DUF5445	17.97820769809902
PF01290	Thymosin	17.97820769809902
PF03601	Cons_hypoth698	1.8722759622623775
PF19643	DUF6146	8.98910384904951
PF16565	MIT_C	1.4471123764124605
PF12121	DD_K	4.23093515974559
PF17774	YlmH_RBD	2.73220753289631
PF14797	SEEEED	2.1672646822916306
PF17354	DUF5382	4.0983112993444655
PF12578	3-PAP	2.2129613299929876
PF01791	DeoC	1.7162850230819293
PF15916	DUF4743	2.565540866229644
PF10862	FcoT	17.97820769809902
PF01217	Clat_adaptor_s	1.7048305112486521
PF17862	AAA_lid_3	0.2515223433028097
PF03705	CheR_N	6.667175754162147
PF16583	ZirS_C	8.196622598688931
PF22094	CED4_WHD	5.326069232699673
PF19842	YqeC	5.326069232699673
PF01276	OKR_DC_1	6.94537242842434
PF18899	DUF5655	17.97820769809902
PF14077	WD40_alt	0.5123313078662683
PF05671	GETHR	3.195641539619804
PF18419	ATP-grasp_6	1.5173644003568507
PF15169	Cybc1_Eros	17.97820769809902
PF14292	SusE	3.994551924524755
PF21740	DUF6866_C	4.0983112993444655
PF04281	Tom22	8.48910384904951
PF00348	polyprenyl_synt	0.43286523939183735
PF00948	Flavi_NS1	2.378148971369736
PF05239	PRC	0.9568761648725781
PF01825	GPS	0.559842399228718
PF08273	Prim_Zn_Ribbon	2.329701283016503
PF02566	OsmC	2.3618087960069025
PF13351	DUF4099	16.97820769809902
PF22341	GSPE_N1E	7.328139801605829
PF11884	DUF3404	17.97820769809902
PF01198	Ribosomal_L31e	17.97820769809902
PF00999	Na_H_Exchanger	0.4174252402512891
PF13535	ATP-grasp_4	2.0741108684945315
PF22364	VID	5.46441506579262
PF06943	zf-LSD1	2.931255920642332
PF13395	HNH_4	1.599249466375318
PF16425	DUF5022	17.97820769809902
PF07001	BAT2_N	5.46441506579262
PF18240	PSII_Pbs31	17.97820769809902
PF01850	PIN	1.6453647440729675
PF12997	DUF3881	17.97820769809902
PF17257	DUF5323	17.97820769809902
PF11387	DUF2795	1.8722759622623775
PF19877	DUF6350	5.46441506579262
PF08862	DUF1829	5.46441506579262
PF07234	Babuvirus_MP	17.97820769809902
PF00059	Lectin_C	0.10519839616856744
PF08156	NOP5NT	3.121588650442336
PF08228	RNase_P_pop3	17.97820769809902
PF03257	Adhesin_P1_C	8.196622598688931
PF03861	ANTAR	1.784720997494741
PF09027	GTPase_binding	2.961656539331342
PF18226	QslA	17.97820769809902
PF14408	Actino_peptide	17.97820769809902
PF16451	bCoV_S1_N	13.024011387712145
PF10622	Ehbp	8.98910384904951
PF02038	ATP1G1_PLM_MAT8	1.480828269665671
PF13080	DUF3926	5.659402566033006
PF17971	LIFR_D2	7.585426388020708
PF16719	SAWADEE	5.218759867737219
PF14464	Prok-JAB	2.8142634204981003
PF12584	TRAPPC10	7.585426388020708
PF20173	ZnF_RZ-type	1.4518776079461722
PF21805	Imm5_like	4.992735899366339
PF02080	TrkA_C	0.6930059494874844
PF21518	Sas-5-like_implico	1.4634280862268239
PF22493	PUF_NOP9	1.3730280184655435
PF07024	ImpE	17.97820769809902
PF16381	Coatomer_g_Cpla	13.58589027532026
PF11658	CBP_BcsG	5.659402566033006
PF05163	DinB	2.2826010997284314
PF13179	DUF4006	2.995641539619804
PF21493	TubZ_C	3.9140699008029145
PF06152	Phage_min_cap2	3.9140699008029145
PF06839	zf-GRF	0.7661183169242438
PF02989	DUF228	17.97820769809902
PF05458	Siva	8.48910384904951
PF07720	TPR_3	1.1898139983298273
PF06771	Desmo_N	3.195641539619804
PF17480	AlphaC_N2	17.97820769809902
PF18444	RRM_9	3.9140699008029145
PF17017	zf-C2H2_aberr	1.5864186644397695
PF15097	Ig_J_chain	7.138883989978964
PF21192	NMD3_OB	7.259388039730861
PF14950	DUF4502	5.218759867737219
PF21614	DUF6854	17.97820769809902
PF22171	NIP7_N	5.326069232699673
PF18256	HscB_4_cys	2.995641539619804
PF07293	DUF1450	17.97820769809902
PF02783	MCR_beta_N	4.759255993319309
PF01761	DHQ_synthase	0.35211666519198254
PF21215	CSN3-like_C	3.598311299344466
PF01985	CRS1_YhbY	1.3454645742042006
PF00130	C1_1	0.13718032336301325
PF09728	Taxilin	1.1168289291893632
PF20147	Crinkler	2.115468956665244
PF08872	KGK	17.97820769809902
PF08406	CbbQ_C	2.717178055064052
PF01398	JAB	0.38040179874141244
PF18039	UBA_6	1.3518776079461723
PF00450	Peptidase_S10	0.622550556768123
PF07324	DGCR6	2.6630346163498366
PF10633	NPCBM_assoc	1.5656279603211658
PF19493	Trypco1	5.659402566033006
PF05439	JTB	7.98910384904951
PF17595	DUF5491	17.97820769809902
PF02116	STE2	8.196622598688931
PF06087	Tyr-DNA_phospho	8.48910384904951
PF07775	PaRep2b	17.97820769809902
PF01565	FAD_binding_4	0.25134311169737533
PF18366	zf_ZIC	2.276046600535276
PF04232	SpoVS	15.656279603211658
PF13059	DUF3922	16.393245197377862
PF14673	DUF4459	17.97820769809902
PF10840	DUF2645	17.97820769809902
PF16835	SF3A2	15.170852776041416
PF15243	ANAPC15	1.2098980066218101
PF15402	MELT_2	5.46441506579262
PF09204	Colicin_immun	8.48910384904951
PF08824	Serine_rich	1.5531341886776688
PF22954	DUF7027	17.97820769809902
PF02065	Melibiase	4.630248285616227
PF04901	RAMP	3.195641539619804
PF08260	Kinin	17.97820769809902
PF22695	EST1-like_DNA_bind	17.97820769809902
PF03663	Glyco_hydro_76	1.480828269665671
PF01322	Cytochrom_C_2	17.97820769809902
PF07229	VirE2	16.97820769809902
PF16889	Hepar_II_III_N	16.393245197377862
PF13738	Pyr_redox_3	0.4105622748468789
PF00100	Zona_pellucida	0.6227322871021004
PF00408	PGM_PMM_IV	0.9309216506568767
PF01588	tRNA_bind	0.34697707799687666
PF21237	Pus10_N_euk	5.218759867737219
PF11424	DUF3195	5.326069232699673
PF12563	Hemolysin_N	5.326069232699673
PF15792	LAS2	3.994551924524755
PF19848	DUF6323	3.195641539619804
PF07811	TadE	8.196622598688931
PF11737	DUF3300	3.2786490394755727
PF10073	GapR_DNA-bd	1.6284755114679619
PF12322	T4_baseplate	3.994551924524755
PF10668	Phage_terminase	3.195641539619804
PF08360	TetR_C_5	5.326069232699673
PF01583	APS_kinase	0.4723313078662683
PF10309	NCBP3	2.1397439568712886
PF02149	KA1	1.3581466884372835
PF17323	ToxS	17.97820769809902
PF12535	Nudix_N	2.961656539331342
PF18511	F-box_5	3.4325700461638586
PF22496	SOR_N	17.97820769809902
PF04557	tRNA_synt_1c_R2	4.759255993319309
PF16580	Astro_capsid_p2	5.659402566033006
PF11837	INV_N	3.517829275622625
PF12032	CLIP	6.865140092327717
PF00416	Ribosomal_S13	1.7931347061995602
PF18895	T4SS_pilin	1.6856503084490462
PF09177	Syntaxin-6_N	0.8200141689357154
PF07955	DUF1687	8.48910384904951
PF18389	TrmO_C	4.992735899366339
PF04869	Uso1_p115_head	1.465627960321166
PF16181	RelB_transactiv	15.97820769809902
PF09821	AAA_assoc_C	4.0983112993444655
PF09504	RE_Bsp6I	5.659402566033006
PF13519	VWA_2	0.2719909249147948
PF08765	Mor	3.9140699008029145
PF08350	FilR1_middle	17.97820769809902
PF22970	DUF7028	5.218759867737219
PF07464	ApoLp-III	0.29278552893510296
PF08999	SP_C-Propep	4.9360942322189025
PF05121	GvpK	16.97820769809902
PF13941	MutL	8.98910384904951
PF08368	FAST_2	2.2038866993225916
PF04361	DUF494	8.98910384904951
PF08755	YccV-like	5.131081732459288
PF00382	TFIIB	0.5727322871021003
PF03625	DUF302	5.326069232699673
PF22282	CydS	5.659402566033006
PF05186	Dpy-30	0.8449235049663576
PF16843	Get5_bdg	7.98910384904951
PF18265	Nas2_N	3.6640699008029145
PF00840	Glyco_hydro_7	6.638883989978964
PF14441	OTT_1508_deam	7.98910384904951
PF03803	Scramblase	17.97820769809902
PF02201	SWIB	0.6346402739618386
PF22563	iREC	8.48910384904951
PF10267	Tmemb_cc2	1.3198887344965202
PF00670	AdoHcyase_NAD	4.1114505027747645
PF22260	Permu_RdRp_thumb	5.659402566033006
PF16553	PUFD	3.848311299344466
PF14934	TMEM254	8.48910384904951
PF13852	DUF4197	17.97820769809902
PF05099	TerB	1.4692577995483946
PF08405	Calici_PP_N	15.97820769809902
PF08473	VGCC_alpha2	3.542713194010354
PF04392	ABC_sub_bind	8.98910384904951
PF22727	NCH2	4.0983112993444655
PF17439	DUF5418	8.48910384904951
PF15284	PAGK	8.48910384904951
PF03553	Na_H_antiporter	4.885426534403885
PF22973	GWD1_pHisD	3.078649039475573
PF03451	HELP	1.8890457422765072
PF18131	KN17_SH3	3.6296940198654304
PF16386	DUF4995	17.97820769809902
PF11921	DUF3439	0.18363979852987042
PF12716	Apq12	4.602760898885569
PF13137	DUF3983	7.03565855124525
PF02512	UK	3.994551924524755
PF02664	LuxS	5.46441506579262
PF10486	PI3K_1B_p101	0.8815546797290368
PF18911	PKD_4	1.574539197337935
PF11698	V-ATPase_H_C	1.138023300267638
PF12041	DELLA	1.488138355264207
PF04744	Monooxygenase_B	17.97820769809902
PF14308	DnaJ-X	2.961656539331342
PF17203	sCache_3_2	0.9863059069040505
PF00120	Gln-synt_C	1.492403748226101
PF10243	MIP-T3	5.218759867737219
PF10374	EST1	3.452070674164177
PF22700	MVD-like_N	1.646356597005177
PF16954	HRG	1.9843921224069543
PF00152	tRNA-synt_2	0.3165756596462927
PF01541	GIY-YIG	0.25246308833790304
PF12125	Beta-TrCP_D	4.992735899366339
PF01910	Thiamine_BP	8.196622598688931
PF07223	DUF1421	5.46441506579262
PF07326	RCS1	8.98910384904951
PF18980	DUF5716_C	17.97820769809902
PF14365	Neprosin_AP	8.48910384904951
PF19414	Astro_p19	14.656279603211658
PF02441	Flavoprotein	1.2482072895141305
PF22692	LlgE_F_G_D1	1.4022950770534373
PF10621	FpoO	5.46441506579262
PF19268	CIS_TMP	1.2340235580547256
PF18542	TFIIB_C_1	8.98910384904951
PF00677	Lum_binding	4.407773398645183
PF18672	PilZN1	8.48910384904951
PF02572	CobA_CobO_BtuR	7.585426388020708
PF12397	U3snoRNP10	0.7138291489530029
PF16983	MFS_MOT1	5.131081732459288
PF01168	Ala_racemase_N	0.9378294855911892
PF01642	MM_CoA_mutase	2.2531293465769533
PF12903	DUF3830	17.97820769809902
PF04522	BBMV_Gp1_N	16.393245197377862
PF05002	SGS	6.94537242842434
PF03711	OKR_DC_1_C	13.89074485684868
PF04397	LytTR	3.04921199614359
PF05167	DUF711	3.792713194010354
PF01390	SEA	0.3503564266953308
PF11764	N-SET	1.3223320195935553
PF15855	DUF4726	5.46441506579262
PF12348	CLASP_N	0.3101426833009533
PF14807	AP4E_app_platf	8.48910384904951
PF17690	DUF5537	17.97820769809902
PF01382	Avidin	16.97820769809902
PF20556	DUF6768	2.3796279966596545
PF21481	DIKK1-2-4_C-subdom1	2.995641539619804
PF07373	CAMP_factor	17.97820769809902
PF14790	THDPS_N	13.89074485684868
PF03223	V-ATPase_C	5.659402566033006
PF06527	TniQ	17.97820769809902
PF20731	RE_NgoFVII_C	8.196622598688931
PF21852	DUF6911	17.97820769809902
PF04413	Glycos_transf_N	2.834170555208283
PF07830	PP2C_C	1.3656279603211658
PF11935	SYMPK_PTA1_N	2.4680471161094513
PF07902	Gp58	3.195641539619804
PF08430	Forkhead_N	2.6240453405942894
PF00433	Pkinase_C	0.6750972437788642
PF09444	MRC1	2.6630346163498366
PF12775	AAA_7	1.5417939385405368
PF13353	Fer4_12	3.078649039475573
PF13769	Virulence_fact	4.797748399125954
PF00532	Peripla_BP_1	2.5781489713697363
PF00808	CBFD_NFYB_HMF	0.4498265808864547
PF08418	Pol_alpha_B_N	7.404141348328354
PF13671	AAA_33	0.2801549902870572
PF05270	AbfB	1.1161037664481552
PF22731	NCH4	8.48910384904951
PF21772	CATIP_N	7.696622598688932
PF14148	YhdB	5.659402566033006
PF03622	IBV_3B	5.218759867737219
PF12695	Abhydrolase_5	4.992735899366339
PF13450	NAD_binding_8	0.732626220120118
PF16122	40S_SA_C	3.6409750875326097
PF04774	HABP4_PAI-RBP1	2.115467579872795
PF21355	TRAF-mep_MATH	1.6982362844150325
PF16602	USP19_linker	8.196622598688931
PF15347	PAG	8.48910384904951
PF02209	VHP	1.5689928679246152
PF16920	LRRCT_2	1.6167266973425707
PF08916	Phe_ZIP	4.885426534403885
PF06973	DUF1297	3.1921885831175176
PF03880	DbpA	1.972611813808101
PF14707	Sulfatase_C	2.4726995707967623
PF03334	PhaG_MnhG_YufB	3.994551924524755
PF20228	DUF6587	3.078649039475573
PF15457	HopW1-1	5.46441506579262
PF21339	VEGFR-1-like_Ig-like	3.2800566757428617
PF21655	L544_NTransf	8.48910384904951
PF13026	DUF3887	5.46441506579262
PF13191	AAA_16	0.14307082726315257
PF17041	SasG_E	2.995641539619804
PF19545	DUF6069	5.056950925347138
PF05756	S-antigen	2.528475462673569
PF20182	DUF6545	8.48910384904951
PF11901	DM9	2.565540866229644
PF13797	Post_transc_reg	17.97820769809902
PF12662	cEGF	0.3134768028326644
PF05984	Cytomega_UL20A	3.1312559206423316
PF02176	zf-TRAF	0.3388013329048433
PF21916	mtd_2nd	8.98910384904951
PF19911	DUF6384	1.8722759622623775
PF10879	DUF2674	4.0983112993444655
PF19302	DUF5915	1.1933114398637712
PF22505	RNase_J_b_CASP	4.131081732459288
PF01835	MG2	0.41543001243228045
PF07298	NnrU	3.1312559206423316
PF00935	Ribosomal_L44	1.5095433639244733
PF07511	DUF1525	4.244551924524755
PF12921	ATP13	0.9153520123103623
PF09198	T4-Gluco-transf	8.48910384904951
PF20030	bpMoxR	2.4393695969148723
PF18195	GatD_N	6.384377166235035
PF20898	P_T4SS_TraN	2.9037552158923443
PF06269	DUF1029	17.97820769809902
PF13708	DUF4942	8.196622598688931
PF07369	DUF1488	17.97820769809902
PF19719	DUF6213	8.98910384904951
PF15121	TMEM71	3.848311299344466
PF12150	MFP2b	5.659402566033006
PF21003	NucS_N	3.0363294209835696
PF03916	NrfD	5.659402566033006
PF12392	DUF3656	17.97820769809902
PF05980	Toxin_7	3.078649039475573
PF01690	PLRV_ORF5	5.056950925347138
PF15679	DUF4665	3.994551924524755
PF22739	NA-iREase3	17.97820769809902
PF06621	SIM_C	7.48910384904951
PF04048	Sec8_N	0.9104186402141106
PF03286	Pox_Ag35	0.6945372428424341
PF10058	zinc_ribbon_10	0.8033105648948033
PF17935	TetR_C_27	5.53565855124525
PF02737	3HCDH_N	0.8296533237558804
PF00199	Catalase	2.6778552893510295
PF11402	Antifungal_prot	17.97820769809902
PF05221	AdoHcyase	1.9309817125533766
PF08517	AXH	7.328139801605829
PF22143	ScpA_C	4.992735899366339
PF09158	MotCF	17.97820769809902
PF17384	DUF150_C	0.8520826819026484
PF18273	T3RM_EcoP15I_C	3.994551924524755
PF15235	GRIN_C	5.659402566033006
PF04104	DNA_primase_lrg	1.2482072895141305
PF18088	Glyco_H_20C_C	8.48910384904951
PF22000	DUF6929	17.97820769809902
PF00825	Ribonuclease_P	5.46441506579262
PF17746	SfsA_N	9.739802958773941
PF00697	PRAI	1.4062532892457398
PF11266	Ald_deCOase	17.97820769809902
PF19433	NDNF_C	5.218759867737219
PF12384	Peptidase_A2B	5.659402566033006
PF22359	Big-like	8.48910384904951
PF15095	IL33_bt	8.48910384904951
PF01053	Cys_Met_Meta_PP	1.3808282696656708
PF20517	TMEM127	17.97820769809902
PF15460	SAS4	5.659402566033006
PF11083	Relaxase_C	1.6284755114679619
PF04051	TRAPP	17.97820769809902
PF19336	DUF5921	8.48910384904951
PF13477	Glyco_trans_4_2	1.9408414679028942
PF20868	TX13_rpt	3.994551924524755
PF13424	TPR_12	0.12165538748481275
PF04293	SpoVR	5.659402566033006
PF13894	zf-C2H2_4	0.09474076001941899
PF01047	MarR	0.3970706169213749
PF17245	CDC24_OB2	8.98910384904951
PF17206	SeqA_N	3.212231170288513
PF00912	Transgly	0.4879758815585049
PF15549	PGC7_Stella	8.98910384904951
PF21353	Per3-like_PAS-A	14.393245197377864
PF13756	Stimulus_sens_1	8.48910384904951
PF00362	Integrin_beta	1.377027244153096
PF06418	CTP_synth_N	1.0671673163110187
PF01096	TFIIS_C	0.6982166612541676
PF15739	TSNAXIP1_N	1.2098980066218101
PF01670	Glyco_hydro_12	17.97820769809902
PF09631	Sen15	5.46441506579262
PF01228	Gly_radical	3.1825700461638586
PF15790	EP400_N	16.97820769809902
PF06375	AP3D1	0.7376537766643293
PF02824	TGS	0.2134584269587862
PF03642	MAP	2.995641539619804
PF04857	CAF1	4.2969149522828936
PF22884	Tea_C	17.97820769809902
PF13992	YecR	17.97820769809902
PF02171	Piwi	1.287321141702251
PF12806	Acyl-CoA_dh_C	4.885426534403885
PF10228	HPF1	3.1312559206423316
PF01597	GCV_H	1.8722759622623775
PF20567	DUF6776	4.244551924524755
PF12005	DUF3499	5.46441506579262
PF01259	SAICAR_synt	1.4753075533286586
PF18860	AbiJ_NTD3	17.97820769809902
PF07407	Seadorna_VP6	17.97820769809902
PF02442	L1R_F9L	17.97820769809902
PF06234	TmoB	4.992735899366339
PF09764	Nt_Gln_amidase	8.196622598688931
PF13307	Helicase_C_2	0.5158568671827004
PF17255	EbsA	8.196622598688931
PF00844	Gemini_coat	8.98910384904951
PF11465	Receptor_2B4	5.218759867737219
PF21061	Reovirus_L2_7th	7.696622598688932
PF06668	ITI_HC_C	3.3335878770810736
PF08001	CMV_US	17.97820769809902
PF05206	TRM13	6.727322871021003
PF05977	MFS_3	7.98910384904951
PF20135	DUF6525	2.6093799338686097
PF17037	CBP_BcsO	5.659402566033006
PF05507	MAGP	17.97820769809902
PF13266	DUF4057	17.97820769809902
PF13197	DUF4013	17.97820769809902
PF04517	Microvir_lysis	17.97820769809902
PF09067	EpoR_lig-bind	3.1825700461638586
PF02008	zf-CXXC	0.851250288831338
PF06395	CDC24	8.196622598688931
PF09838	DUF2065	17.97820769809902
PF08343	RNR_N	1.881550396577345
PF02165	WT1	3.6640699008029145
PF16285	DUF4931_N	17.97820769809902
PF17721	POU2AF2	8.196622598688931
PF11067	DUF2868	2.961656539331342
PF21975	ASNSD1-SEP	5.46441506579262
PF00017	SH2	0.14445373942333473
PF16972	TipE	8.48910384904951
PF19944	DUF6406	17.97820769809902
PF22250	PFF1_C	3.949641560384684
PF02056	Glyco_hydro_4	2.395641539619804
PF11020	DUF2610	5.659402566033006
PF11026	DUF2721	2.528475462673569
PF16361	Peptidase_S8_N	7.98910384904951
PF05575	V_cholerae_RfbT	5.659402566033006
PF13874	Nup54	1.0685188351422064
PF04182	B-block_TFIIIC	1.3024011387712147
PF08346	AntA	8.48910384904951
PF09621	LcrR	17.97820769809902
PF08262	Lem_TRP	5.46441506579262
PF20274	cREC_REC	17.97820769809902
PF13526	DUF4125	8.98910384904951
PF09068	EF-hand_2	3.305830048983888
PF21663	WipA_Phos	8.196622598688931
PF13905	Thioredoxin_8	1.0933522252476204
PF17616	US6	7.828139801605829
PF17555	TssN	4.0983112993444655
PF13909	zf-H2C2_5	0.6588829515506169
PF16086	DUF4816	8.98910384904951
PF03445	DUF294	4.630248285616227
PF20008	DUF6429	5.46441506579262
PF00749	tRNA-synt_1c	0.2636924445780833
PF03100	CcmE	5.218759867737219
PF20803	PaaX_M	5.659402566033006
PF16303	DUF4945	1.799155649672233
PF16487	ArgoMid	2.4341705552082833
PF04859	DUF641	0.6696622598688933
PF09162	Tap-RNA_bind	3.598311299344466
PF09341	Pcc1	17.97820769809902
PF08679	DsrD	3.2786490394755727
PF06507	Auxin_resp	1.003955863378011
PF04406	TP6A_N	1.0353015705351152
PF03661	TMEM33_Pom33	16.393245197377862
PF14320	Paramyxo_PNT	5.131081732459288
PF03753	HHV6-IE	5.46441506579262
PF03052	Adeno_52K	3.994551924524755
PF06237	SLC52_ribofla_tr	3.078649039475573
PF12747	DdrB	17.97820769809902
PF11095	Gemin7	7.98910384904951
PF18975	DUF5711	3.994551924524755
PF20461	DUF6714	8.48910384904951
PF20781	TssR_C	2.6093799338686097
PF02132	RecR_ZnF	1.2817975927007343
PF22857	Mst87F	4.0983112993444655
PF04706	Dickkopf_N	1.2414799639283325
PF01847	VHL	15.97820769809902
PF20554	DUF6766	5.326069232699673
PF00320	GATA	0.20288592379760306
PF03988	DUF347	2.528475462673569
PF08110	Antimicrobial15	3.6296940198654304
PF12244	DUF3606	5.659402566033006
PF20862	DUF6843	17.97820769809902
PF20908	UfSP2_N	7.138883989978964
PF06806	DUF1233	8.48910384904951
PF01931	NTPase_I-T	3.994551924524755
PF08944	p47_phox_C	2.4197960132436203
PF10380	CRF1	8.98910384904951
PF13380	CoA_binding_2	0.9030739617036878
PF21155	VpsT-like_REC	3.994551924524755
PF02123	RdRP_4	1.0405295501474452
PF14533	USP7_C2	2.8555535959915854
PF13089	PP_kinase_N	2.297270920353869
PF15724	TMEM119	5.659402566033006
PF13176	TPR_7	0.37647329837640553
PF00724	Oxidored_FMN	1.7162850230819293
PF08648	SNRNP27	2.9037552158923443
PF01165	Ribosomal_S21	2.1397439568712886
PF11932	DUF3450	0.25113841543117393
PF04082	Fungal_trans	0.23536717906006005
PF10823	DUF2568	8.196622598688931
PF17807	zf-UBP_var	7.138883989978964
PF07577	DUF1547	4.0983112993444655
PF15856	DUF4727	5.659402566033006
PF19407	DUF5979	5.46441506579262
PF18582	HZS_alpha	8.98910384904951
PF03987	Autophagy_act_C	1.480828269665671
PF01048	PNP_UDP_1	2.995641539619804
PF15362	Enamelin	17.97820769809902
PF20628	Dyp_perox_C	6.611660097967776
PF08785	Ku_PK_bind	3.47268621421217
PF07849	DUF1641	3.195641539619804
PF03117	Herpes_UL49_1	17.97820769809902
PF11772	EpuA	6.98910384904951
PF13410	GST_C_2	1.041331431094728
PF07884	VKOR	5.46441506579262
PF13812	PPR_3	1.2071317102490502
PF03245	Phage_lysis	8.48910384904951
PF07842	GCFC	1.0213667676890714
PF07934	OGG_N	7.328139801605829
PF00945	Rhabdo_ncap	8.196622598688931
PF00327	Ribosomal_L30	0.763957512245972
PF02894	GFO_IDH_MocA_C	2.3422842314808237
PF22101	HSD_C	3.195641539619804
PF19840	DUF6317	17.97820769809902
PF09213	M3	17.97820769809902
PF08326	ACC_central	6.79294513766013
PF02141	DENN	2.0864626799102868
PF10941	DUF2620	16.393245197377862
PF08064	UME	0.8928830131585243
PF00133	tRNA-synt_1	0.1200158730484516
PF16010	CDH-cyt	5.659402566033006
PF09180	ProRS-C_1	2.6732013698091928
PF03263	Cucumo_2B	17.97820769809902
PF00025	Arf	0.4085836096949673
PF07297	DPM2	3.2786490394755727
PF21781	DUF6876	17.97820769809902
PF17758	Prot_ATP_ID_OB_N	0.4051513450897634
PF19291	TREH_N	7.48910384904951
PF22385	Cas9_C_2	17.97820769809902
PF05700	BCAS2	3.9140699008029145
PF06384	ICAT	3.0341705552082834
PF22460	Neopullulanase-like_C	8.48910384904951
PF16791	Connexin40_C	3.3796940198654304
PF16915	Eryth_link_C	16.393245197377862
PF17715	DUF5560	5.46441506579262
PF21337	Peptidase_M17_N_1	17.97820769809902
PF20737	Glyco_hydro127C	17.97820769809902
PF01807	zf-CHC2	3.9927358993663398
PF06923	GutM	17.97820769809902
PF14114	DUF4286	17.97820769809902
PF14185	SpoIISB_antitox	5.992735899366339
PF17926	TetR_C_21	3.994551924524755
PF16159	FOXP-CC	0.5901545332084697
PF10743	Phage_Cox	5.46441506579262
PF12604	gp37_C	3.994551924524755
PF18255	SAM_DrpA	4.0983112993444655
PF19284	Arc_MA	2.528475462673569
PF02447	GntP_permease	5.659402566033006
PF17895	Dicer_N	17.97820769809902
PF03335	Phage_fiber	5.326069232699673
PF11211	DUF2997	17.97820769809902
PF14943	MRP-S26	8.98910384904951
PF11355	DUF3157	16.393245197377862
PF08462	Carmo_coat_C	4.885426534403885
PF07197	DUF1409	3.0341705552082834
PF06988	NifT	5.46441506579262
PF08951	EntA_Immun	1.6856503084490462
PF06324	Pigment_DH	2.1397439568712886
PF01347	Vitellogenin_N	1.5648470099327152
PF15304	AKAP2_C	3.0341705552082834
PF13288	DXPR_C	1.5295512996964524
PF14768	RPA_interact_C	2.878649039475573
PF00888	Cullin	0.6667182096999501
PF02475	Met_10	0.5941507773859318
PF16046	FAM76	1.1898139983298273
PF22052	DUF6937	5.46441506579262
PF15932	DUF4748	2.1990350281968376
PF18193	Fibrillin_U_N	7.259388039730861
PF12885	TORC_M	3.6296940198654304
PF08659	KR	0.2818418723442809
PF01401	Peptidase_M2	3.452070674164177
PF03921	ICAM_N	2.678649039475573
PF02598	Methyltrn_RNA_3	8.48910384904951
PF11488	Lge1	2.6093799338686097
PF03629	SASA	3.1312559206423316
PF19003	DUF5732	5.659402566033006
PF00350	Dynamin_N	0.16490654774266977
PF22434	PilW_C	17.97820769809902
PF03579	SHP	17.97820769809902
PF14044	NETI	5.659402566033006
PF20429	Tab2-like_C	16.393245197377862
PF15014	CLN5	8.48910384904951
PF00539	Tat	5.659402566033006
PF20687	CsoSCA_N	7.696622598688932
PF11249	DUF3047	8.48910384904951
PF14253	AbiH	16.393245197377862
PF15807	MAP17	1.4071317102490501
PF00762	Ferrochelatase	2.531255920642332
PF14863	Alkyl_sulf_dimr	2.995641539619804
PF22048	LSO1_2-like	14.808282696656708
PF18106	Rol_Rep_N	8.48910384904951
PF15141	UQCC3	3.848311299344466
PF02135	zf-TAZ	1.138023300267638
PF17788	HypF_C	7.404141348328354
PF21778	DUF6873	16.97820769809902
PF05153	MIOX	5.659402566033006
PF19173	DUF5855	8.48910384904951
PF04952	AstE_AspA	2.34521951708175
PF09396	Thrombin_light	5.056950925347138
PF14366	DUF4410	7.696622598688932
PF02942	Flu_B_NS1	5.326069232699673
PF04851	ResIII	0.13058789563586773
PF14518	Haem_oxygenas_2	17.97820769809902
PF01653	DNA_ligase_aden	0.9114911820553162
PF01594	AI-2E_transport	2.995641539619804
PF07362	CcdA	8.48910384904951
PF21348	RGL11_C	5.46441506579262
PF12987	DUF3871	8.48910384904951
PF16625	ISET-FN3_linker	5.46441506579262
PF18840	LPD25	17.97820769809902
PF15565	Imm30	5.326069232699673
PF16138	DUF4846	8.98910384904951
PF22449	Fim1F_C	17.97820769809902
PF20884	MUM1-like_PWWP	2.995641539619804
PF00273	Serum_albumin	2.075774290340334
PF08219	TOM13	17.97820769809902
PF03781	FGE-sulfatase	2.0396811399939896
PF09339	HTH_IclR	0.8185178653305285
PF07508	Recombinase	2.995641539619804
PF02519	Auxin_inducible	17.97820769809902
PF05181	XPA_C	1.3518776079461723
PF09290	AcetDehyd-dimer	3.534389422250698
PF00777	Glyco_transf_29	2.4197960132436203
PF01285	TEA	2.3013804494427843
PF03292	Pox_P4B	17.97820769809902
PF18428	BRCT_3	2.6093799338686097
PF13224	DUF4032	17.97820769809902
PF07064	RIC1	3.848311299344466
PF03749	SfsA	2.433758428656517
PF05082	Rop-like	4.0983112993444655
PF00652	Ricin_B_lectin	0.4524694427239796
PF19013	DUF5742	5.326069232699673
PF19184	DUF5866	17.97820769809902
PF09906	DUF2135	3.848311299344466
PF11405	Inhibitor_I67	17.97820769809902
PF16093	PAC4	5.46441506579262
PF14364	DUF4408	17.97820769809902
PF11242	DUF2774	4.9360942322189025
PF01649	Ribosomal_S20p	5.46441506579262
PF22409	TopoV_HHH	4.244551924524755
PF00787	PX	0.14511469622405473
PF02725	Paramyxo_NS_C	8.196622598688931
PF00848	Ring_hydroxyl_A	2.4726995707967623
PF13877	RPAP3_C	2.3151241428081133
PF02019	WIF	2.056177885339695
PF09683	Lactococcin_972	8.98910384904951
PF03145	Sina_TRAF	6.611660097967776
PF11961	DUF3475	16.393245197377862
PF17714	DUF5559	17.97820769809902
PF14653	IGFL	17.97820769809902
PF21771	CFAP58_CC	17.97820769809902
PF13498	DUF4122	17.97820769809902
PF12001	DUF3496	4.992735899366339
PF21910	GH85_C	17.97820769809902
PF18617	Nup214_FG	17.97820769809902
PF06917	Pectate_lyase_2	8.98910384904951
PF15470	DUF4637	2.1397439568712886
PF20207	DUF6568	4.0983112993444655
PF22796	SlpA_N	16.97820769809902
PF12224	Amidoligase_2	15.97820769809902
PF01785	Closter_coat	8.48910384904951
PF10604	Polyketide_cyc2	17.97820769809902
PF15502	MPLKIP	5.46441506579262
PF19219	CoV_NSP15_N	4.341337129237381
PF19729	FBXL18_LRR	2.961656539331342
PF03761	DUF316	3.452070674164177
PF16715	CDPS	8.196622598688931
PF13602	ADH_zinc_N_2	0.7664485846182453
PF22427	SMMA_C	5.131081732459288
PF10436	BCDHK_Adom3	2.6446640391871106
PF08678	Rsbr_N	3.195641539619804
PF07042	TrfA	17.97820769809902
PF14991	MLANA	0.9104186402141106
PF15861	partial_CstF	5.46441506579262
PF12240	Angiomotin_C	2.931255920642332
PF05118	Asp_Arg_Hydrox	7.585426388020708
PF12452	DUF3685	8.48910384904951
PF12284	HoxA13_N	6.759388039730861
PF03583	LIP	3.2786490394755727
PF14694	LINES_N	5.46441506579262
PF17291	M60-like_N	2.329701283016503
PF20058	DUF6457	8.98910384904951
PF07017	PagP	8.48910384904951
PF16665	NCOA_u2	2.8142634204981003
PF13884	Peptidase_S74	0.952453679166021
PF15276	PP1_bind	2.565540866229644
PF16414	NPC1_N	4.885426534403885
PF04376	ATE_N	2.5853957693888425
PF16748	INSC_LBD	8.196622598688931
PF18718	CxC5	4.0983112993444655
PF17930	LpxI_N	17.97820769809902
PF15062	ARL6IP6	3.994551924524755
PF11530	Pilin_PilX	5.659402566033006
PF12251	SNAPC3	3.848311299344466
PF20510	HgmA_N	11.535264202250291
PF04647	AgrB	3.195641539619804
PF09448	MmlI	15.656279603211658
PF20144	TIG_SUH	7.138883989978964
PF20945	RMP1	8.98910384904951
PF04180	LTV	1.8510353370820884
PF15390	WDCP	3.195641539619804
PF07897	EAR	2.2322075328963105
PF09050	SNN_linker	5.218759867737219
PF11356	T2SSC	2.3796279966596545
PF15371	DUF4599	3.452070674164177
PF08332	CaMKII_AD	3.348311299344466
PF08231	SYF2	1.4518776079461722
PF02605	PsaL	5.46441506579262
PF07167	PhaC_N	3.848311299344466
PF18746	aGPT-Pplase3	17.97820769809902
PF02883	Alpha_adaptinC2	0.8810251077374496
PF11148	DUF2922	5.659402566033006
PF00262	Calreticulin	0.7238695503604426
PF10253	PRCC	4.0983112993444655
PF09132	BmKX	8.98910384904951
PF16648	Calpain_u2	3.702070674164177
PF13115	YtkA	8.48910384904951
PF18519	Sgf11_N	15.170852776041416
PF11879	DUF3399	7.085426388020708
PF05302	DUF720	5.659402566033006
PF21540	Choline_bind_4	3.2786490394755727
PF09947	DUF2180	16.97820769809902
PF18579	Raf1_HTH	3.569441994989482
PF11003	DUF2842	8.48910384904951
PF17857	AAA_lid_1	2.6142634204981
PF11372	DUF3173	8.48910384904951
PF13717	zinc_ribbon_4	0.5916008974486372
PF01738	DLH	0.9656268628186944
PF00728	Glyco_hydro_20	1.5689928679246152
PF11839	Alanine_zipper	0.8856782985025885
PF10092	DUF2330	17.97820769809902
PF05611	DUF780	6.865140092327717
PF18351	Ago_N_1	17.97820769809902
PF21750	DACNH	17.97820769809902
PF04259	SASP_gamma	8.196622598688931
PF17762	HTH_ParB	0.5349433787486396
PF18188	PPL4	8.48910384904951
PF00917	MATH	2.0741108684945315
PF17825	DUF5587	16.97820769809902
PF20306	Sp-DndD	1.5864186644397695
PF05551	zf-His_Me_endon	17.97820769809902
PF06591	Phage_T4_Ndd	17.97820769809902
PF20842	Rax2_2	5.659402566033006
PF22946	SPEF2_D5	2.1990350281968376
PF07171	MlrC_C	17.97820769809902
PF06299	DUF1045	3.994551924524755
PF22918	PTEN2_C2	3.994551924524755
PF04186	FxsA	7.98910384904951
PF03653	UPF0093	8.48910384904951
PF10029	DUF2271	16.97820769809902
PF07578	LAB_N	2.961656539331342
PF20232	T6SS_FHA_C	17.97820769809902
PF06446	Hepcidin	8.196622598688931
PF11638	DnaA_N	0.6395048668443222
PF01665	Rota_NSP3	3.848311299344466
PF08656	DASH_Dad3	8.48910384904951
PF15359	CDV3	3.2786490394755727
PF17325	SPG4	3.9140699008029145
PF10842	DUF2642	3.9140699008029145
PF00354	Pentaxin	0.7474803190023336
PF06156	YabA	0.29881220188730356
PF01413	C4	6.828139801605829
PF06397	Desulfoferrod_N	2.0396811399939896
PF13707	RloB	17.97820769809902
PF17317	MFA1_2	17.97820769809902
PF00681	Plectin	1.056175398819649
PF03109	ABC1	0.18027794015602105
PF05405	Mt_ATP-synt_B	3.1312559206423316
PF09578	Spore_YabQ	5.659402566033006
PF08988	T3SS_needle_E	5.056950925347138
PF04943	Pox_F11	17.97820769809902
PF17666	DUF5528	17.97820769809902
PF08715	CoV_peptidase	1.813257925605253
PF16416	GUN4_N	5.326069232699673
PF19123	DUF5807	17.97820769809902
PF05285	SDA1_dom	1.9133207424825518
PF17406	Nrap_D5	3.494551924524755
PF18713	DUF5645	8.196622598688931
PF02554	CstA	5.326069232699673
PF06977	SdiA-regulated	8.48910384904951
PF07835	COX4_pro_2	17.97820769809902
PF16139	DUF4847	5.659402566033006
PF02680	DUF211	7.828139801605829
PF20871	KCTD1-15_CTD	7.138883989978964
PF11682	zinc_ribbon_11	8.48910384904951
PF21661	DUF6860	8.48910384904951
PF10727	Rossmann-like	8.48910384904951
PF08053	Tna_leader	17.97820769809902
PF05952	ComX	16.97820769809902
PF15302	P33MONOX	4.0983112993444655
PF14002	YniB	8.98910384904951
PF15804	CCDC168_N	17.97820769809902
PF00401	ATP-synt_DE	2.212231170288513
PF04453	LptD	1.2236026014929924
PF20160	C-JID	2.6446640391871106
PF17947	4HB	2.4963679496831697
PF13232	Complex1_LYR_1	8.196622598688931
PF09382	RQC	2.186704450495241
PF03688	Nepo_coat_C	14.170852776041416
PF22443	FbpC-like_RD	3.9140699008029145
PF08995	NIP_1	7.98910384904951
PF19276	HD_assoc_2	2.056177885339695
PF01220	DHquinase_II	4.0983112993444655
PF07475	Hpr_kinase_C	2.0433312931309078
PF15124	FANCD2OS	16.97820769809902
PF16186	Arm_3	2.050963726021254
PF00344	SecY	2.0242196139890463
PF14097	SpoVAE	8.98910384904951
PF11731	Cdd1	8.98910384904951
PF10185	Mesd	17.97820769809902
PF00468	Ribosomal_L34	3.078649039475573
PF09805	Nop25	2.565540866229644
PF17303	DUF5352	8.48910384904951
PF02577	BFN_dom	15.393245197377864
PF02575	YbaB_DNA_bd	0.18092757510375163
PF07070	Spo0M	17.97820769809902
PF06006	DUF905	17.97820769809902
PF07855	ATG101	17.97820769809902
PF13062	DUF3924	17.97820769809902
PF04526	DUF568	3.792713194010354
PF10686	YAcAr	8.48910384904951
PF07208	DUF1414	8.48910384904951
PF10233	Cg6151-P	1.599249466375318
PF12018	FAP206	3.1312559206423316
PF00639	Rotamase	0.5766231518458192
PF02674	Colicin_V	2.1672646822916306
PF01902	Diphthami_syn_2	3.994551924524755
PF08003	Methyltransf_9	8.196622598688931
PF21036	EryCIII-like_N	4.759255993319309
PF15841	TMEM239	8.48910384904951
PF18332	XRN1_D1	7.98910384904951
PF17061	PARM	2.6630346163498366
PF18497	RNase_3_N	4.0983112993444655
PF04905	NCD2	7.48910384904951
PF18035	Bap31_Bap29_C	0.9270148355785014
PF22617	HCS_D2	1.5563271269794454
PF14769	CLAMP	3.195641539619804
PF21054	RUBC_PIKBD	3.0341705552082834
PF22911	PRAS_NT	7.828139801605829
PF17190	RecG_N	8.48910384904951
PF15735	DUF4683	3.1312559206423316
PF15071	TMEM220	4.8395920264872405
PF01314	AFOR_C	7.48910384904951
PF11521	TFIIE-A_C	1.6453647440729675
PF18808	Importin_rep_4	1.3084768361252603
PF00428	Ribosomal_60s	0.14093975207110682
PF20524	DUF6739	2.1672646822916306
PF12372	Htt_N-HEAT	3.1312559206423316
PF04442	CtaG_Cox11	3.9140699008029145
PF13991	BssS	3.792713194010354
PF21632	MOV-10_N	15.393245197377864
PF11867	T1RH-like_C	3.195641539619804
PF07833	Cu_amine_oxidN1	5.218759867737219
PF19310	TOP_N	4.444783836108098
PF21320	HTH_65	17.97820769809902
PF14192	DUF4314	8.98910384904951
PF11754	Velvet	3.22268621421217
PF03067	LPMO_10	3.396472568830065
PF00424	REV	1.2882593432764924
PF04012	PspA_IM30	0.9595496798251909
PF09415	CENP-X	5.46441506579262
PF13306	LRR_5	1.6818307177552507
PF20863	IcmR	5.659402566033006
PF10473	CENP-F_leu_zip	0.13804873433350273
PF00466	Ribosomal_L10	0.29310952620547004
PF14526	Cass2	3.792713194010354
PF01577	Peptidase_S30	4.083429081178607
PF03812	KdgT	8.98910384904951
PF00669	Flagellin_N	0.7031429527209888
PF15324	TALPID3	1.2213566336009714
PF01101	HMG14_17	8.48910384904951
PF16423	COE1_HLH	2.717178055064052
PF03738	GSP_synth	7.828139801605829
PF14220	DUF4329	7.98910384904951
PF09271	LAG1-DNAbind	4.723617592013805
PF11727	ISG65-75	1.9570349504014573
PF22128	Alp7A_like_C	5.659402566033006
PF04368	DUF507	3.1312559206423316
PF16882	DUF5079	17.97820769809902
PF20683	DUF6819	3.195641539619804
PF19750	DUF6237	8.196622598688931
PF15957	Comm	0.7161524920471489
PF22919	ATP-synt_VA_C	0.7575195674524022
PF18473	Urease_linker	2.666870301664859
PF12965	DUF3854	3.195641539619804
PF08580	KAR9	3.994551924524755
PF03783	CsgG	5.326069232699673
PF21149	FAS_pseudo-KR	5.218759867737219
PF01327	Pep_deformylase	3.994551924524755
PF00440	TetR_N	0.2034118124087898
PF03174	CHB_HEX_C	2.961656539331342
PF22682	Ribosomal_uL24m-like	8.48910384904951
PF09176	Mpt_N	8.48910384904951
PF03511	Fanconi_A	1.896356597005177
PF17298	DUF5349	4.0983112993444655
PF02679	ComA	17.97820769809902
PF06013	WXG100	0.9863059069040505
PF14092	DUF4270	8.98910384904951
PF20546	DUF6760	8.196622598688931
PF19242	Zn_finger_prot	2.1672646822916306
PF11195	DUF2829	5.659402566033006
PF11090	Phage_T7_Gp13	4.0983112993444655
PF16575	CLP1_P	0.6446204592640052
PF04995	CcmD	1.2882593432764924
PF06165	Glyco_transf_36	3.744551924524755
PF11238	DUF3039	8.48910384904951
PF13933	HRXXH	17.97820769809902
PF21888	NFLD	5.326069232699673
PF22674	C2185-like_N	17.97820769809902
PF22608	DNAX_ATPase_lid	1.3454645742042006
PF04108	ATG17_like	0.1841934865502969
PF22777	VKGC_lumenal_dom	3.702070674164177
PF14688	DUF4461	7.98910384904951
PF11615	Caf4	2.1397439568712886
PF08615	RNase_H2_suC	8.48910384904951
PF01306	LacY_symp	16.97820769809902
PF02144	Rad1	8.196622598688931
PF05862	IceA2	17.97820769809902
PF16751	RsdA_SigD_bd	3.792713194010354
PF00507	Oxidored_q4	0.4000309258199701
PF09467	Yopt	5.46441506579262
PF11633	bCoV_SUD_M	4.552093201070552
PF20738	Cin1_N	4.0983112993444655
PF18397	IKBKB_SDD	4.8395920264872405
PF01229	Glyco_hydro_39	3.0341705552082834
PF09033	DFF-C	16.97820769809902
PF18244	CttA_N	4.0983112993444655
PF18734	HEPN_AbiU2	5.46441506579262
PF14265	DUF4355	8.98910384904951
PF18776	Hexapep_loop	17.97820769809902
PF00940	RNA_pol	1.652915024491944
PF02224	Cytidylate_kin	0.15038566551809557
PF22732	MSL3_chromo-like	3.305830048983888
PF13635	DUF4143	5.131081732459288
PF01636	APH	0.3333632796565969
PF05760	IER	7.98910384904951
PF17530	NS3	17.97820769809902
PF02025	IL5	5.46441506579262
PF08236	SRI	0.7185451988189203
PF00863	Peptidase_C4	2.546056036931087
PF05509	TraY	3.994551924524755
PF18624	CdiI_4	17.97820769809902
PF01868	RNase_P-MRP_p29	5.46441506579262
PF12249	AftA_C	7.585426388020708
PF18200	Big_11	17.97820769809902
PF14046	NR_Repeat	4.9360942322189025
PF10307	HAD_SAK_1	3.195641539619804
PF10460	Peptidase_M30	17.97820769809902
PF21105	DyP_N	7.404141348328354
PF03366	YEATS	1.0504830464008967
PF18481	DUF5616	17.97820769809902
PF09912	DUF2141	3.994551924524755
PF20107	DUF6497	8.98910384904951
PF10189	Ints3_N	2.0741108684945315
PF15451	DUF4632	2.1672646822916306
PF01365	RYDR_ITPR	0.9238438270528975
PF07441	BofA	8.98910384904951
PF11487	RestrictionSfiI	17.97820769809902
PF10453	NUFIP1	5.218759867737219
PF19423	E3_UBR4_N	2.115468956665244
PF15274	MLIP	5.46441506579262
PF02946	GTF2I	1.5864186644397695
PF02320	UCR_hinge	5.218759867737219
PF19475	DUF6012	17.97820769809902
PF05911	FPP	0.6437512418791296
PF12191	stn_TNFRSF12A	1.6856503084490462
PF05354	Phage_attach	17.97820769809902
PF18823	InPase	8.48910384904951
PF21844	DUF6903	8.48910384904951
PF09351	DUF1993	5.659402566033006
PF05884	ZYG-11_interact	5.326069232699673
PF20361	DUF6656	8.48910384904951
PF22145	GtfA_EBD	4.885426534403885
PF17246	CDC24_OB1	17.97820769809902
PF20679	Hanta_Gn-B	3.3796940198654304
PF09282	Mago-bind	0.944723518402761
PF11553	DUF3231	8.48910384904951
PF21008	AIF-1	2.115468956665244
PF01206	TusA	2.0396811399939896
PF19857	DUF6332	2.1397439568712886
PF16793	RepB_primase	5.46441506579262
PF06230	LpxI_C	17.97820769809902
PF10849	DUF2654	7.98910384904951
PF04819	DUF716	5.659402566033006
PF02375	JmjN	1.2024011387712146
PF17670	DUF5530	8.48910384904951
PF12091	DUF3567	17.97820769809902
PF17062	Osw5	5.326069232699673
PF17279	DUF5344	1.896356597005177
PF13308	YARHG	17.97820769809902
PF19669	DUF6172	8.48910384904951
PF03136	Pup_ligase	7.98910384904951
PF09084	NMT1	2.010188157498643
PF18065	PatG_C	8.48910384904951
PF04476	4HFCP_synth	8.48910384904951
PF21439	MxiC_C	17.97820769809902
PF10942	DUF2619	17.97820769809902
PF13770	DUF4169	7.98910384904951
PF09329	zf-primase	4.9360942322189025
PF01376	Enterotoxin_b	8.48910384904951
PF12237	PCIF1_WW	16.393245197377862
PF02645	DegV	17.97820769809902
PF22860	DUF7017	4.0983112993444655
PF01798	Nop	0.4681097221554391
PF05071	NDUFA12	3.2786490394755727
PF00023	Ank	0.06287715373570707
PF20171	OpcA_G6PD_C	16.393245197377862
PF22890	TPR_EMC2	5.056950925347138
PF07841	DM4_12	5.659402566033006
PF01766	Birna_VP2	14.0713171024905
PF16502	DUF5059	17.97820769809902
PF02258	SLT_beta	8.98910384904951
PF19439	CLEC16A_C	2.0741108684945315
PF21039	CEP104_ZnF	2.115468956665244
PF11586	DUF3242	4.0983112993444655
PF09831	DUF2058	17.97820769809902
PF09936	Methyltrn_RNA_4	2.565540866229644
PF00732	GMC_oxred_N	0.5679622331075306
PF21048	Rad26-like_N	5.46441506579262
PF21170	FAN1_TPR	1.6131973421624135
PF06071	YchF-GTPase_C	2.178552850415083
PF15434	FAM104	3.1312559206423316
PF03234	CDC37_N	2.8142634204981003
PF19245	DUF5893	17.97820769809902
PF01539	HCV_env	4.1729253598205736
PF14049	Dppa2_A	3.9140699008029145
PF07764	Omega_Repress	8.48910384904951
PF09572	RE_XamI	17.97820769809902
PF03009	GDPD	0.6194081227615826
PF07719	TPR_2	0.05118819158357698
PF20878	REST_helical	1.2414799639283325
PF16392	DUF5001	8.48910384904951
PF16875	Glyco_hydro_36N	14.0713171024905
PF19151	Sublancin	17.97820769809902
PF11947	DUF3464	1.0824090078838846
PF04547	Anoctamin	1.652915024491944
PF11822	SANBR_BTB	2.528475462673569
PF22980	Myb_DNA-bind_8	2.115468956665244
PF21675	BLTP2_RBG-6	7.828139801605829
PF15560	Imm12	17.97820769809902
PF10091	Glycoamylase	5.659402566033006
PF12063	ATG1-like_MIT1	1.5820349504014573
PF00373	FERM_M	0.4827570769764062
PF06902	Fer4_19	17.97820769809902
PF04745	Pox_A8	8.196622598688931
PF08793	2C_adapt	1.8510353370820884
PF12160	Fibrinogen_aC	3.0341705552082834
PF20091	Abhydrolase_10	17.97820769809902
PF20733	LRIM1_dimer	3.994551924524755
PF01202	SKI	0.1445357381802472
PF07177	Neuralized	2.3618087960069025
PF22985	BICC1_KH	3.9140699008029145
PF17475	Binary_toxB_2	8.98910384904951
PF10864	DUF2663	8.48910384904951
PF15348	GEMIN8	5.659402566033006
PF01938	TRAM	0.304320609839057
PF02133	Transp_cyt_pur	7.98910384904951
PF04670	Gtr1_RagA	4.992735899366339
PF20348	DUF6643	17.97820769809902
PF22709	Mu_Gam-Sipho_Gp157-TOTE	1.799155649672233
PF20136	DUF6526	1.5020862310513023
PF21643	T6SS_Tsi2-like	1.9972759622623775
PF20457	DUF6710	16.97820769809902
PF22596	Scabin-like	16.97820769809902
PF01634	HisG	0.5531022158372536
PF03919	mRNA_cap_C	4.630248285616227
PF08186	Wound_ind	8.48910384904951
PF21669	SHLD2_OB1	7.98910384904951
PF07634	RtxA	5.659402566033006
PF01119	DNA_mis_repair	0.276088756314829
PF18671	4HPAD_g_N	3.702070674164177
PF18446	DUF5611	16.393245197377862
PF16735	MYO10_CC	3.078649039475573
PF22659	YycE-like_C	17.97820769809902
PF18777	CRM1_repeat	7.404141348328354
PF21370	GdpP_PAS	1.8722759622623775
PF01457	Peptidase_M8	7.585426388020708
PF14520	HHH_5	0.0964171400770213
PF19323	KCTD4_C	7.98910384904951
PF04227	Indigoidine_A	3.994551924524755
PF09451	ATG27	16.97820769809902
PF01422	zf-NF-X1	1.2882593432764924
PF09701	Cas_Cmr5	3.195641539619804
PF04978	DUF664	14.808282696656708
PF03092	BT1	7.138883989978964
PF03120	DNA_ligase_OB	0.5466753712375775
PF15675	CLLAC	2.6630346163498366
PF00544	Pectate_lyase_4	1.1506902247213922
PF08298	AAA_PrkA	7.828139801605829
PF13943	WPP	8.196622598688931
PF08828	DSX_dimer	17.97820769809902
PF01954	AF2212-like	17.97820769809902
PF16699	CSTF1_dimer	2.995641539619804
PF01084	Ribosomal_S18	1.972611813808101
PF08636	Pkr1	8.48910384904951
PF16589	BRCT_2	0.30054666764787696
PF20112	DUF6502	17.97820769809902
PF00505	HMG_box	0.13650933448018948
PF21445	ADDB_N	0.402195060199093
PF14258	DUF4350	2.528475462673569
PF06162	PgaPase_1	17.97820769809902
PF22894	DUF7023	16.393245197377862
PF02043	Bac_chlorC	15.393245197377864
PF03563	Bunya_G2	5.131081732459288
PF12172	DUF35_N	1.3656279603211658
PF19088	TUTase	5.326069232699673
PF17418	SdpA	17.97820769809902
PF06393	BID	8.98910384904951
PF07304	SRA1	1.6400283378714309
PF22361	IglE_N	8.98910384904951
PF02437	Ski_Sno	2.276046600535276
PF11606	AlcCBM31	3.0341705552082834
PF21569	SET1_RBD	2.995641539619804
PF18769	APOBEC1	17.97820769809902
PF10120	ThiP_synth	16.97820769809902
PF21340	Polysacc_lyase-like	17.97820769809902
PF19703	DUF6201	17.97820769809902
PF07904	Eaf7	5.326069232699673
PF07821	Alpha-amyl_C2	6.94537242842434
PF20920	DAXX_hist_bd	2.1397439568712886
PF02322	Cyt_bd_oxida_II	5.218759867737219
PF22643	NagA_N	2.1990350281968376
PF09691	T2SS_PulS_OutS	17.97820769809902
PF22644	BsNagA_N	1.4103117199151967
PF03709	OKR_DC_1_N	2.7781489713697365
PF03876	SHS2_Rpb7-N	2.6142634204981
PF11859	DUF3379	5.659402566033006
PF04615	Utp14	0.8335795750612598
PF01050	MannoseP_isomer	6.94537242842434
PF19331	MCCA_BT	7.98910384904951
PF12996	DUF3880	5.326069232699673
PF12603	L_PA-C-like	2.4963679496831697
PF03550	LolB	1.4753075533286586
PF05918	API5	3.0341705552082834
PF15333	TAF1D	3.195641539619804
PF13855	LRR_8	0.055241906588144235
PF00583	Acetyltransf_1	0.1629304959924842
PF02540	NAD_synthase	0.288842652058321
PF18743	AHJR-like	5.326069232699673
PF21516	YqeH-like_C	2.9037552158923443
PF01233	NMT	1.2890744856848682
PF22483	Mu-transpos_C_2	1.9843921224069543
PF07521	RMMBL	0.936395059308156
PF21779	DUF6874	17.97820769809902
PF22115	T6SS_Tse3_cat	17.97820769809902
PF07659	DUF1599	5.659402566033006
PF00692	dUTPase	1.5417939385405368
PF01514	YscJ_FliF	1.6982362844150325
PF09070	PFU	3.744551924524755
PF08093	Toxin_23	16.97820769809902
PF05512	AWPM-19	17.97820769809902
PF10997	Amj	17.97820769809902
PF11695	DUF3291	17.97820769809902
PF08535	KorB	2.1672646822916306
PF17468	GP52	17.97820769809902
PF11297	DUF3098	8.98910384904951
PF01477	PLAT	0.7771554010813209
PF14882	INT_rpt	17.97820769809902
PF14169	YdjO	4.0983112993444655
PF14796	AP3B1_C	3.702070674164177
PF17856	TIP49_C	1.352316975115713
PF09327	DUF1983	5.659402566033006
PF08707	PriCT_2	4.9360942322189025
PF09930	DUF2162	7.98910384904951
PF22209	CPV_RdRP_N	15.393245197377864
PF22351	TraH_VirB8-like	5.992735899366339
PF13956	Ibs_toxin	5.46441506579262
PF12896	ANAPC4	2.995641539619804
PF18844	baeRF_family2	3.994551924524755
PF07798	CCDC90-like	1.057734478332622
PF06001	RING_CBP-p300	7.696622598688932
PF13564	DoxX_2	8.196622598688931
PF07087	DUF1353	8.48910384904951
PF16126	DUF4838	16.393245197377862
PF13513	HEAT_EZ	0.15924206733226964
PF08308	PEGA	1.497820769809902
PF09371	Tex_N	7.259388039730861
PF21256	TetR_C_5-like	7.98910384904951
PF02663	FmdE	3.1312559206423316
PF12912	N_NLPC_P60	8.48910384904951
PF15294	Leu_zip	1.3462075178778825
PF04939	RRS1	16.97820769809902
PF04963	Sigma54_CBD	6.53565855124525
PF01589	Alpha_E1_glycop	12.89074485684868
PF05931	AgrD	5.46441506579262
PF11981	DUF3482	5.659402566033006
PF22208	Cas_Csm6_CARF	4.723617592013805
PF09398	FOP_dimer	2.565540866229644
PF22955	RECK-like_dom	3.1312559206423316
PF19222	Noda_Vmethyltr	4.885426534403885
PF00090	TSP_1	0.22918599530414796
PF01361	Tautomerase	2.1397439568712886
PF21645	FakA-like_M	3.47268621421217
PF12396	DUF3659	7.98910384904951
PF01230	HIT	3.9140699008029145
PF16588	zf-C2H2_10	2.4963679496831697
PF06869	DUF1258	5.659402566033006
PF13696	zf-CCHC_2	1.3890744856848682
PF08496	Peptidase_S49_N	1.799155649672233
PF20028	VMAP-C	16.97820769809902
PF00068	Phospholip_A2_1	4.9360942322189025
PF18458	XPB_DRD	3.0341705552082834
PF09457	RBD-FIP	0.9566603712412759
PF05230	MASE2	3.994551924524755
PF01507	PAPS_reduct	0.5340631367092336
PF15787	DUF4704	1.2021200178123228
PF15542	Ntox50	17.97820769809902
PF21823	MUCL1	0.9318805132066013
PF05792	Candida_ALS	3.517829275622625
PF10825	DUF2752	16.97820769809902
PF19456	MobI	5.659402566033006
PF08173	YbgT_YccB	17.97820769809902
PF00376	MerR	2.329701283016503
PF16422	COE1_DBD	13.808282696656708
PF16640	Big_3_5	3.9140699008029145
PF13791	Sigma_reg_C	8.48910384904951
PF10239	DUF2465	17.97820769809902
PF09026	CENP-B_dimeris	0.22643259952073777
PF14846	DUF4485	17.97820769809902
PF16848	SoDot-IcmSS	17.97820769809902
PF20059	DUF6458	17.97820769809902
PF00530	SRCR	0.5784408380980659
PF21287	CFAI_KAZAL	7.98910384904951
PF17187	Svf1_C	6.98910384904951
PF09419	PGP_phosphatase	8.98910384904951
PF08316	Pal1	17.97820769809902
PF09060	L27_N	15.393245197377864
PF17840	Tugs	2.2038866993225916
PF17270	DUF5336	3.994551924524755
PF22136	MpAgo_N-like	16.97820769809902
PF12174	RST	2.995641539619804
PF16347	SGSH_C	2.7781489713697365
PF12856	ANAPC9	8.98910384904951
PF21050	ARMC9_ARM	0.9656268628186944
PF19862	DUF6336	16.97820769809902
PF15926	RNF220	1.4518776079461722
PF04111	APG6	13.518776079461722
PF01255	Prenyltransf	1.0824090078838846
PF20661	SutA-RBD	8.48910384904951
PF13689	DUF4154	8.196622598688931
PF18812	PBECR3	3.9140699008029145
PF15256	SPATIAL	5.46441506579262
PF22628	zf-CCCH_10	4.659402566033006
PF10439	Bacteriocin_IIc	3.994551924524755
PF10853	DUF2650	7.328139801605829
PF04262	Glu_cys_ligase	1.2021200178123228
PF13746	Fer4_18	3.848311299344466
PF00574	CLP_protease	0.6466906789370284
PF20950	Flu_PB2_4th	1.8596714559473053
PF08676	MutL_C	0.3803993649029034
PF05021	NPL4	2.5616565393313415
PF21126	KATNA1_MIT	6.828139801605829
PF04701	Pox_D2	17.97820769809902
PF12769	PNTB_4TM	7.828139801605829
PF18834	LPD22	17.97820769809902
PF22516	PreP_C	15.656279603211658
PF03915	AIP3	1.397820769809902
PF14489	QueF	0.7206760320857685
PF15036	IL34	2.115468956665244
PF19250	DUF5898	8.98910384904951
PF07914	DUF1679	17.97820769809902
PF02537	CRCB	1.1019433496612958
PF22757	GeBP-like_C	2.795641539619804
PF01646	Herpes_UL24	8.48910384904951
PF16077	Spaetzle	5.46441506579262
PF08279	HTH_11	0.4872002283015321
PF20168	PDS5	1.4393245197377864
PF05693	Glycogen_syn	17.97820769809902
PF16355	DUF4982	7.48910384904951
PF21925	XRCC4_C	16.393245197377862
PF13287	Fn3_assoc	5.218759867737219
PF03746	LamB_YcsF	17.97820769809902
PF22645	GKRP_SIS_N	1.284720997494741
PF14739	DUF4472	2.6630346163498366
PF12148	TTD	4.885426534403885
PF08708	PriCT_1	1.896356597005177
PF04501	Baculo_VP39	17.97820769809902
PF15232	DUF4585	2.961656539331342
PF13031	DUF3892	16.97820769809902
PF10112	Halogen_Hydrol	4.992735899366339
PF16571	FBP_C	16.97820769809902
PF00636	Ribonuclease_3	0.7267594734032126
PF07516	SecA_SW	0.5197768500204395
PF22511	DUF6995	8.196622598688931
PF03326	Herpes_TAF50	8.48910384904951
PF00364	Biotin_lipoyl	0.29589016796121836
PF12122	Rhomboid_N	6.03565855124525
PF18947	HAMP_2	2.1990350281968376
PF06020	Roughex	2.1397439568712886
PF06991	MFAP1	2.4680471161094513
PF09300	Tecti-min-caps	17.97820769809902
PF12853	NADH_u_ox_C	17.97820769809902
PF13096	CENP-P	5.46441506579262
PF13412	HTH_24	0.4102269500631908
PF20970	MASE10	17.97820769809902
PF05711	TylF	17.97820769809902
PF17912	OB_MalK	1.180828269665671
PF17212	Tube	8.98910384904951
PF02233	PNTB	2.0937542290302367
PF15215	FDC-SP	17.97820769809902
PF19028	TSP1_spondin	0.9093057274753882
PF00511	PPV_E2_C	0.7723926850213506
PF05388	Carbpep_Y_N	3.1296940198654304
PF01462	LRRNT	0.9917511766411465
PF05738	Cna_B	4.0983112993444655
PF11142	DUF2917	3.994551924524755
PF02536	mTERF	1.1506902247213922
PF06377	Adipokin_hormo	5.131081732459288
PF21656	DUF6859	17.97820769809902
PF14348	DUF4400	5.46441506579262
PF12280	BSMAP	2.1990350281968376
PF20414	DUF6698	17.97820769809902
PF14552	Tautomerase_2	16.97820769809902
PF01843	DIL	0.5020777177358768
PF00122	E1-E2_ATPase	0.1709249092006679
PF03258	Baculo_FP	17.97820769809902
PF19683	DUF6185	17.97820769809902
PF03865	ShlB	7.196622598688932
PF00789	UBX	0.35108758410061397
PF15040	Humanin	15.393245197377864
PF01887	SAM_HAT_N	4.797748399125954
PF00074	RnaseA	3.598311299344466
PF01487	DHquinase_I	1.6730601653434454
PF17887	Jak1_Phl	2.7781489713697365
PF08910	Aida_N	3.6640699008029145
PF10365	DUF2436	3.702070674164177
PF14442	Bd3614_N	8.48910384904951
PF03327	Herpes_VP19C	16.97820769809902
PF02756	GYR	17.97820769809902
PF08803	ydhR	17.97820769809902
PF03013	Pyr_excise	8.98910384904951
PF19833	RecG_dom3_C	4.083429081178607
PF07774	EMC1_C	5.131081732459288
PF17219	YAF2_RYBP	15.393245197377864
PF19611	DUF6116	8.98910384904951
PF17893	Cas9_b_hairpin	8.48910384904951
PF17723	RHH_8	8.196622598688931
PF02077	SURF4	17.97820769809902
PF18485	GST_N_5	3.792713194010354
PF20637	ATG5_HBR	1.770463599625409
PF06831	H2TH	0.7456283801543397
PF09946	DUF2178	15.97820769809902
PF11969	DcpS_C	1.0018470298240112
PF00868	Transglut_N	4.341337129237381
PF06378	DUF1071	17.97820769809902
PF11348	DUF3150	16.393245197377862
PF13064	DUF3927	3.2786490394755727
PF10953	DUF2754	5.218759867737219
PF11192	DUF2977	17.97820769809902
PF14321	DUF4382	17.97820769809902
PF22878	SPT2_N	3.702070674164177
PF14094	DUF4272	4.0983112993444655
PF14645	Chibby	3.792713194010354
PF02606	LpxK	2.834170555208283
PF01558	POR	1.488138355264207
PF13431	TPR_17	0.6973301635220511
PF02269	TFIID-18kDa	3.1312559206423316
PF05141	DIT1_PvcA	3.1312559206423316
PF19675	ORC3_ins	7.585426388020708
PF22992	C2CH-4th_BIRD-IDD	1.9220922488631436
PF03804	DUF325	8.48910384904951
PF19595	DUF6100	3.1312559206423316
PF22509	CARDS-D2_trefoil	4.244551924524755
PF07651	ANTH	0.9318805132066013
PF19347	DUF5925	17.97820769809902
PF14242	DUF4342	3.195641539619804
PF14585	CagY_I	5.659402566033006
PF09756	DDRGK	0.8111379811311887
PF20067	SSL_N	1.9614685978079192
PF14639	YqgF	2.222391918054049
PF13023	HD_3	3.2786490394755727
PF02223	Thymidylate_kin	0.1436115425911487
PF00165	HTH_AraC	0.6491584231035165
PF15722	FAM153	8.48910384904951
PF18552	PheRS_DBD1	7.138883989978964
PF17951	FAS_meander	2.8142634204981003
PF16146	DUF4854	5.659402566033006
PF10452	TCO89	17.97820769809902
PF08448	PAS_4	0.5336784456940294
PF16132	DUF4843	8.98910384904951
PF21917	NMB0537_N	2.717178055064052
PF17656	ChapFlgA_N	16.393245197377862
PF03855	M-factor	8.48910384904951
PF07944	Beta-AFase-like_GH127_cat	3.195641539619804
PF12189	VirE1	17.97820769809902
PF11184	DUF2969	8.98910384904951
PF21090	P-loop_SecA	0.6383636614302748
PF09421	FRQ	8.48910384904951
PF10435	BetaGal_dom2	3.1921885831175176
PF22898	NOMO1-like_1st	3.744551924524755
PF17100	NACHT_N	17.97820769809902
PF14014	DUF4230	8.48910384904951
PF02311	AraC_binding	2.2024846826873867
PF17996	CE2_N	1.6856503084490462
PF02257	RFX_DNA_binding	0.6830635630578431
PF19025	DUF5751	7.138883989978964
PF09040	H-K_ATPase_N	7.585426388020708
PF20096	DUF6486	5.992735899366339
PF05514	HR_lesion	17.97820769809902
PF01880	Desulfoferrodox	7.404141348328354
PF20805	Integrin_A_Ig_2	2.0200377838285744
PF08434	CLCA	7.259388039730861
PF01209	Ubie_methyltran	3.517829275622625
PF21066	Reovirus_L2_MT2	5.056950925347138
PF08442	ATP-grasp_2	1.4752505375426381
PF14850	Pro_dh-DNA_bdg	7.98910384904951
PF09240	IL6Ra-bind	1.3656279603211658
PF21597	TetR_C_43	4.0983112993444655
PF21176	RecR_HhH	0.9556663519678297
PF12207	DUF3600	8.98910384904951
PF10877	DUF2671	8.98910384904951
PF02735	Ku	0.722221645879878
PF18113	Rbx_binding	3.017829275622625
PF15342	FAM212	3.9140699008029145
PF05871	ESCRT-II	17.97820769809902
PF20665	Zw10_middle	1.784720997494741
PF16411	SusF_SusE	8.48910384904951
PF01468	GA	1.6667939385405368
PF12109	CXCR4_N	6.79294513766013
PF06353	DUF1062	8.98910384904951
PF10771	DUF2582	5.659402566033006
PF15031	DUF4528	16.97820769809902
PF01244	Peptidase_M19	5.659402566033006
PF19157	DUF5839	5.218759867737219
PF07985	SRR1	5.659402566033006
PF13159	DUF3994	5.218759867737219
PF19556	PRTRC_E	3.195641539619804
PF11761	CbiG_mid	5.46441506579262
PF02753	PapD_C	6.365140092327717
PF05412	Peptidase_C33	2.398874199562977
PF12193	Sulf_coat_C	5.46441506579262
PF07457	DUF1516	3.47268621421217
PF12955	DUF3844	8.196622598688931
PF05647	Epiglycanin_TR	2.6093799338686097
PF18223	PilJ_C	17.97820769809902
PF18274	V_ATPase_prox	5.659402566033006
PF19274	PI4K_N	2.995641539619804
PF21241	UvsW_N	17.97820769809902
PF14400	Transglut_i_TM	17.97820769809902
PF20664	DUF6814	2.528475462673569
PF00650	CRAL_TRIO	0.5879396197916534
PF13906	AA_permease_C	3.47268621421217
PF13644	DKNYY	17.97820769809902
PF12209	SAC3	4.244551924524755
PF12586	DUF3760	8.48910384904951
PF10587	EF-1_beta_acid	1.2933813578740567
PF02347	GDC-P	1.5912925244055813
PF13370	Fer4_13	2.115468956665244
PF14376	Haem_bd	17.97820769809902
PF17727	CtsR_C	13.97820769809902
PF02180	BH4	13.656279603211658
PF03862	SpoVAC_SpoVAEB	8.48910384904951
PF03554	Herpes_UL73	17.97820769809902
PF18755	RAMA	1.6982362844150325
PF10827	DUF2552	17.97820769809902
PF14715	FixP_N	1.674155649672233
PF01552	Pico_P2B	4.151548580680668
PF16952	Gln-synt_N_2	7.696622598688932
PF16135	TDBD	1.488138355264207
PF05816	TelA	2.1990350281968376
PF03581	Herpes_UL33	17.97820769809902
PF17562	Styelin	3.195641539619804
PF14451	Ub-Mut7C	15.393245197377864
PF10182	Flo11	3.1312559206423316
PF08439	Peptidase_M3_N	3.6640699008029145
PF13786	DUF4179	1.2213566336009714
PF06667	PspB	0.632127491995105
PF00918	Gastrin	2.398874199562977
PF22255	Gp44-like_2nd	3.1312559206423316
PF07765	KIP1	0.6437512418791296
PF07374	DUF1492	3.078649039475573
PF01724	DUF29	8.48910384904951
PF10047	DUF2281	17.97820769809902
PF09179	TilS	0.5580614877237944
PF00635	Motile_Sperm	0.6560113351485723
PF13593	SBF_like	16.97820769809902
PF07581	Glug	2.1397439568712886
PF20883	Kbp-5	4.0983112993444655
PF14277	DUF4364	4.0983112993444655
PF10172	DDA1	2.6093799338686097
PF15845	NICE-1	8.196622598688931
PF17517	IgGFc_binding	17.97820769809902
PF17966	Muc_B2	8.98910384904951
PF12534	Pannexin_like	2.746056036931087
PF08724	Rep_N	5.056950925347138
PF20266	Mab-21_C	0.8338876392801368
PF18269	T3SS_ATPase_C	4.357105700830166
PF08601	PAP1	1.397820769809902
PF11918	Peptidase_S41_N	3.848311299344466
PF15245	VGLL4	5.46441506579262
PF10498	IFT57	0.9518511986638618
PF22599	SecDF_P1_head	1.5150283378714309
PF18637	AUDH_Cupin	17.97820769809902
PF03275	GLF	14.97820769809902
PF16798	DUF5069	8.196622598688931
PF10913	DUF2706	7.98910384904951
PF05696	DUF826	5.46441506579262
PF16543	DFRP_C	1.6818307177552507
PF05148	Methyltransf_8	2.0741108684945315
PF01342	SAND	1.013142521233955
PF17618	SL4P	8.98910384904951
PF15785	SMG1	2.1397439568712886
PF03586	Herpes_UL36	2.528475462673569
PF21216	PepQ_N	5.605011686661046
PF20923	COMMD9_HN	3.1312559206423316
PF01104	Bunya_NS-S	17.97820769809902
PF18357	DtxR	14.808282696656708
PF22551	TY-Chap1	3.994551924524755
PF19938	DUF6400	8.98910384904951
PF14953	DUF4504	17.97820769809902
PF22657	SSB_1	3.2786490394755727
PF11014	DUF2852	4.992735899366339
PF03828	PAP_assoc	1.1187074869206841
PF06202	GDE_C	7.696622598688932
PF22956	VPS15-like_hel	3.6296940198654304
PF01797	Y1_Tnp	5.46441506579262
PF05937	EB1_binding	5.218759867737219
PF05307	Bundlin	16.97820769809902
PF10649	DUF2478	5.46441506579262
PF04816	TrmK	8.98910384904951
PF01672	Plasmid_parti	17.97820769809902
PF14375	Cys_rich_CWC	5.659402566033006
PF12554	MOZART1	17.97820769809902
PF05419	GUN4	5.46441506579262
PF14674	FANCI_S1-cap	3.195641539619804
PF03596	Cad	8.98910384904951
PF05084	GRA6	17.97820769809902
PF01385	OrfB_IS605	1.2122137734840268
PF10417	1-cysPrx_C	10.838656345700226
PF11537	NitrOD5	7.196622598688932
PF14233	DUF4335	2.2826010997284314
PF16753	Tipalpha	17.97820769809902
PF17995	GH101_N	5.326069232699673
PF03572	Peptidase_S41	1.2768754332470071
PF04891	NifQ	8.98910384904951
PF21881	STIV_penton_2nd	17.97820769809902
PF15072	HROB	3.195641539619804
PF21831	DUF6891	17.97820769809902
PF17025	DUF5099	8.48910384904951
PF01483	P_proprotein	0.9362194443108782
PF15412	Nse4-Nse3_bdg	1.4277767979957927
PF05861	PhnI	16.97820769809902
PF04895	Nre_C	4.8395920264872405
PF01888	CbiD	0.508201999357265
PF22824	THAP9_C	5.659402566033006
PF23009	UBC_like	1.9968868140141456
PF11806	Enterochelin_N	7.828139801605829
PF06322	Phage_NinH	17.97820769809902
PF06244	Ccdc124	7.328139801605829
PF07683	CobW_C	3.396472568830065
PF18368	Ig_GlcNase	3.744551924524755
PF08622	Svf1	2.7781489713697365
PF08234	Spindle_Spc25	0.6406974162877145
PF18115	Tudor_3	2.6093799338686097
PF09512	ThiW	17.97820769809902
PF19179	TTC3_DZIP3_dom	3.1312559206423316
PF01924	HypD	17.97820769809902
PF07443	HARP	2.0937542290302367
PF18978	DUF5714	5.46441506579262
PF06284	Cytomega_UL84	1.896356597005177
PF01496	V_ATPase_I	0.28932454965125987
PF16098	FXMR_C2	3.6296940198654304
PF15644	Gln_amidase	5.659402566033006
PF11358	DUF3158	17.97820769809902
PF07290	YqiJ_OB	5.659402566033006
PF19299	DUF5914	17.97820769809902
PF01011	PQQ	0.3659819111688787
PF03301	Trp_dioxygenase	3.2800566757428617
PF19999	fvmX3	8.48910384904951
PF04114	Gaa1	5.46441506579262
PF22714	SNaCT8	8.98910384904951
PF09023	Staphostatin_B	8.98910384904951
PF04247	SirB	3.702070674164177
PF19409	Thiopep_pre	3.1312559206423316
PF22369	GLMA-like_GHD	3.9140699008029145
PF00237	Ribosomal_L22	0.7952221223212778
PF01127	Sdh_cyt	2.4680471161094513
PF04149	DUF397	8.98910384904951
PF17164	DUF5122	4.244551924524755
PF20978	Gta3	2.528475462673569
PF13239	2TM	5.46441506579262
PF22307	Ebola-like_HR1-HR2	3.47268621421217
PF06444	NADH_dehy_S2_C	3.5767600615518114
PF21396	AAA_lid_12	3.9140699008029145
PF22823	MrpR_C_cat	3.994551924524755
PF00878	CIMR	5.131081732459288
PF11329	DUF3131	8.98910384904951
PF17775	YchJ_M-like	5.719524443495494
PF07843	DUF1634	5.46441506579262
PF08523	MBF1	13.334351508324294
PF22498	FKBP-like_N	8.48910384904951
PF12290	DUF3802	7.828139801605829
PF01682	DB	4.0983112993444655
PF03692	CxxCxxCC	2.995641539619804
PF19343	DUF5923	8.48910384904951
PF06246	Isy1	5.46441506579262
PF22120	T6SS_Tse3_N	5.659402566033006
PF12670	DUF3792	8.48910384904951
PF16061	DUF4803	17.97820769809902
PF07432	Hc1	2.0937542290302367
PF20899	PMT_C2	5.659402566033006
PF22833	DUF4524_C	3.9140699008029145
PF16170	DUF4873	16.393245197377862
PF06009	Laminin_II	0.25420108637757755
PF17682	Tau95_N	5.131081732459288
PF01525	Rota_NS26	6.667175754162147
PF16458	Beta-prism_lec	17.97820769809902
PF20887	PWP3A-B_N	3.744551924524755
PF02186	TFIIE_beta	4.723617592013805
PF00106	adh_short	0.12756127709010467
PF00850	Hist_deacetyl	0.9883788216272349
PF13285	DUF4073	8.98910384904951
PF21524	SAMD1_WH	1.9968868140141456
PF22615	IPMS_D2	2.9421885831175176
PF02568	ThiI	0.5568502967253907
PF05295	Luciferase_N	17.97820769809902
PF21344	LysW-like_globular	1.6642452997887798
PF05727	UPF0228	3.1312559206423316
PF11788	MRP-L46	5.131081732459288
PF00198	2-oxoacid_dh	1.5799063515463463
